hhid,intervention_level,predicted_intervention_level,risk_score,yield,land_size,household_size,used_fertilizer,household_max_education,has_extension_access,shock_level,asset_score,transport_cost,received_credit,zone
10005,1,1,0.5,0.01895742718107015,100.0,6,1,42.0,0,2.0,28.0,0.0,0.0,3
10009,1,1,0.5,0.03153929192670413,200.0,6,0,43.0,0,0.0,36.0,0.0,0.0,3
10055,1,1,0.5,0.020462060767261602,450.0,5,0,42.0,0,2.0,30.0,0.0,0.0,3
10061,0,0,0.0,0.6397619086444026,1800.0,6,1,26.0,0,2.0,21.0,800.0,0.0,3
10062,0,0,0.0,0.24794726204638962,900.0,1,0,27.0,0,0.0,8.0,0.0,0.0,3
10063,2,2,1.0,0.018181559948043564,4500.0,3,1,23.0,0,2.0,14.0,2500.0,0.0,3
10066,1,1,0.5,0.048515508383718396,6750.0,2,1,21.0,0,0.0,16.0,2000.0,0.0,3
10067,1,1,0.5,0.20348298577605203,2000.0,3,1,23.0,0,2.0,14.0,6500.0,0.0,3
10068,2,2,1.0,0.05096524386910623,300.0,6,1,26.0,0,2.0,7.0,1200.0,0.0,3
10069,1,1,0.5,0.2169586695813303,1300.0,4,1,16.0,0,2.0,16.0,4500.0,0.0,3
10070,0,0,0.0,0.12004726015289856,900.0,3,1,26.0,0,0.0,12.0,1000.0,0.0,3
10074,1,1,0.5,0.015604664458032453,100.0,4,0,26.0,0,2.0,12.0,0.0,0.0,3
10076,1,1,0.5,0.1264651001982737,300.0,2,0,16.0,0,2.0,9.0,0.0,0.0,3
10077,1,1,0.5,0.07172743574417215,0.0,1,0,26.0,0,2.0,5.0,0.0,0.0,3
10078,0,0,0.0,0.09271730727567457,200.0,5,0,25.0,0,0.0,9.0,0.0,0.0,3
10080,1,1,0.5,0.17394262465817092,200.0,4,0,23.0,0,0.0,8.0,0.0,0.0,3
10091,0,0,0.0,0.26005739111748466,12140.58,2,0,26.0,0,0.0,19.0,0.0,0.0,3
10092,0,0,0.0,0.1096169073686234,0.0,7,0,42.0,0,1.0,14.0,0.0,0.0,3
10094,1,0,0.0,0.18728804088711404,0.0,8,0,43.0,0,2.0,22.0,0.0,0.0,3
10096,2,2,1.0,0.032680159696184374,0.0,3,0,41.0,0,2.0,11.0,0.0,0.0,3
10097,1,0,0.0,0.06248112545550035,4046.86,7,0,26.0,0,2.0,12.0,0.0,0.0,3
10099,1,1,0.5,0.05549324487028331,4346.860000000001,1,0,16.0,0,2.0,10.0,0.0,0.0,3
10100,1,1,0.5,0.05631194037331066,8093.72,2,0,16.0,0,2.0,7.0,0.0,0.0,3
10102,0,0,0.0,0.27534783129829926,100.0,1,0,0.0,0,0.0,4.0,0.0,0.0,3
10103,0,0,0.0,0.17633002527182084,0.0,7,0,42.0,0,0.0,20.0,0.0,0.0,3
10104,1,1,0.5,0.012225113420409404,0.0,1,0,0.0,0,0.0,4.0,0.0,0.0,3
10105,1,1,0.5,0.015567805869773332,0.0,4,0,42.0,0,1.0,11.0,0.0,0.0,3
10106,2,2,1.0,0.017608029674813248,8093.72,6,0,41.0,0,2.0,10.0,0.0,0.0,3
10107,0,0,0.0,0.06788621365445331,6070.29,4,0,42.0,0,1.0,12.0,0.0,0.0,3
19005,0,0,0.0,0.3831745660075177,100.0,5,1,42.0,0,2.0,21.0,700.0,0.0,3
19032,1,1,0.5,0.02073111740722825,0.0,6,0,26.0,0,2.0,20.0,0.0,0.0,3
19038,1,1,0.5,0.002679465703890693,0.0,2,0,14.0,0,0.0,7.0,0.0,0.0,3
19039,0,0,0.0,0.12249564459930314,4046.86,2,0,26.0,0,1.0,7.0,0.0,0.0,3
19044,1,1,0.5,0.2003784927084493,200.0,2,0,26.0,0,2.0,13.0,0.0,0.0,3
19047,1,1,0.5,0.061851783000327176,100.0,3,0,16.0,0,2.0,21.0,0.0,0.0,3
19048,1,0,0.0,0.16184549765241782,0.0,6,0,34.0,0,2.0,15.0,0.0,0.0,3
19049,1,1,0.5,0.03491255880852959,0.0,6,0,26.0,1,0.0,8.0,0.0,0.0,3
19050,1,1,0.5,0.08975317875841436,100.0,7,0,26.0,0,0.0,7.0,0.0,0.0,3
19051,1,1,0.5,0.020591298043768358,60000.0,4,0,32.0,0,0.0,10.0,0.0,0.0,3
19052,0,0,0.0,0.06532982487977498,150.0,5,0,42.0,0,1.0,10.0,0.0,0.0,3
19054,0,0,0.0,0.06162343516415799,10100.0,1,1,42.0,0,1.0,30.0,0.0,0.0,3
19055,0,0,0.0,0.06675116993252883,0.0,6,1,32.0,0,2.0,18.0,1400.0,0.0,3
19056,1,1,0.5,0.12884769483230607,100.0,2,0,28.0,1,2.0,10.0,0.0,0.0,3
19058,1,1,0.5,0.05375808860129418,100.0,6,0,26.0,0,2.0,8.0,0.0,0.0,3
19061,2,1,0.5,0.02906172248215518,4500.0,2,1,23.0,0,1.0,12.0,1200.0,0.0,3
19062,1,0,0.0,0.11440556773762989,1800.0,5,1,26.0,0,1.0,14.0,1000.0,0.0,3
19063,0,0,0.0,0.054593430590518945,1800.0,1,1,14.0,0,0.0,15.0,1000.0,0.0,3
19064,1,1,0.5,0.04660164956579504,450.0,3,0,15.0,0,2.0,5.0,0.0,0.0,3
19066,0,0,0.0,0.06782357692838935,900.0,5,0,26.0,0,2.0,14.0,0.0,0.0,3
19068,2,2,1.0,0.04123936846099894,900.0,4,0,26.0,0,2.0,13.0,0.0,0.0,3
19069,1,1,0.5,0.07225387695158057,2050.0,3,1,26.0,0,2.0,22.0,6000.0,0.0,3
19070,1,0,0.0,0.11259264497509719,4900.0,5,1,26.0,0,2.0,22.0,3000.0,0.0,3
19071,1,1,0.5,0.05389429116481259,1600.0,8,1,26.0,0,2.0,23.0,4000.0,0.0,3
19072,2,2,1.0,0.03562979704566351,1750.0,3,1,31.0,0,2.0,36.0,4000.0,0.0,3
19073,0,0,0.0,0.2583374100091243,900.0,2,1,27.0,0,0.0,33.0,1200.0,0.0,3
19075,1,1,0.5,0.038113779985132615,900.0,2,1,28.0,1,1.0,19.0,1200.0,0.0,3
19077,1,0,0.0,0.11127475045000818,1350.0,5,0,26.0,0,0.0,9.0,0.0,0.0,3
19080,1,1,0.5,0.09858962393085118,4500.0,4,0,26.0,0,2.0,10.0,0.0,0.0,3
19081,1,1,0.5,0.0187891009247151,0.0,3,0,21.0,0,2.0,16.0,0.0,0.0,3
19082,1,1,0.5,0.08374565865324468,4046.86,1,1,16.0,0,2.0,24.0,5000.0,0.0,3
19084,1,1,0.5,0.09857705670932267,0.0,6,1,26.0,0,2.0,24.0,7000.0,0.0,3
19085,0,0,0.0,0.21556326955318675,3150.0,2,1,28.0,0,2.0,16.0,700.0,0.0,3
19087,1,1,0.5,0.18362804985585715,0.0,3,0,26.0,0,2.0,8.0,0.0,0.0,3
19088,0,0,0.0,0.34627371013042973,2250.0,4,1,41.0,0,0.0,34.0,700.0,0.0,3
19089,0,0,0.0,0.08078125217439029,1800.0,3,1,26.0,0,0.0,20.0,700.0,0.0,3
19091,0,0,0.0,0.06372358126526712,450.0,1,1,16.0,0,2.0,14.0,0.0,0.0,3
19092,1,0,0.0,0.2217768975125815,900.0,5,1,26.0,0,2.0,24.0,2500.0,0.0,3
19093,1,1,0.5,0.11890759943513096,900.0,1,1,16.0,0,2.0,13.0,4000.0,0.0,3
19094,2,2,1.0,0.045821738052621644,1450.0,5,1,26.0,0,2.0,32.0,3000.0,0.0,3
19095,1,1,0.5,0.08243010288945468,1400.0,8,0,26.0,0,2.0,25.0,0.0,0.0,3
19096,2,2,1.0,0.05020720433535225,1350.0,1,1,16.0,0,2.0,11.0,3200.0,0.0,3
19097,0,0,0.0,0.08494864802143103,1350.0,6,0,16.0,0,2.0,10.0,0.0,0.0,3
19098,0,0,0.0,0.07679241555326385,900.0,1,0,14.0,0,2.0,7.0,0.0,0.0,3
19099,2,1,0.5,0.044396234120898145,900.0,4,0,42.0,0,2.0,23.0,0.0,0.0,3
19100,1,0,0.0,0.07173851539045259,3600.0,6,0,26.0,0,0.0,21.0,0.0,0.0,3
19101,0,0,0.0,0.0633814898729851,3600.0,2,0,13.0,0,1.0,11.0,0.0,0.0,3
19103,1,1,0.5,0.1812283253160309,1800.0,1,0,26.0,0,2.0,8.0,0.0,0.0,3
19104,0,0,0.0,0.14917163977207343,4500.0,5,0,15.0,0,2.0,17.0,0.0,0.0,3
19105,1,1,0.5,0.03144924586065429,2100.0,6,0,25.0,0,0.0,21.0,0.0,0.0,3
19106,2,2,1.0,0.030558822136394256,1450.0,4,0,26.0,0,2.0,18.0,0.0,0.0,3
19107,0,0,0.0,0.05448106782892945,950.0,2,0,1.0,0,2.0,7.0,0.0,0.0,3
19110,1,1,0.5,0.11811355825195854,450.0,1,0,13.0,0,0.0,8.0,0.0,0.0,3
19112,0,0,0.0,0.14869706156126977,3150.0,2,0,27.0,0,1.0,15.0,0.0,0.0,3
19116,1,1,0.5,0.010315187973079893,900.0,1,0,0.0,0,1.0,13.0,0.0,0.0,3
19117,2,2,1.0,0.04780045046608944,1800.0,3,1,26.0,0,2.0,20.0,4000.0,0.0,3
19119,1,1,0.5,0.056621471841038606,1550.0,7,0,26.0,0,2.0,21.0,0.0,0.0,3
19120,1,1,0.5,0.09276918904712046,1400.0,1,0,13.0,0,2.0,12.0,0.0,0.0,3
19122,0,0,0.0,0.12091167402212684,150.0,5,0,26.0,0,1.0,10.0,0.0,0.0,3
19123,0,0,0.0,0.15298317185109636,50.0,2,0,43.0,0,0.0,5.0,2.0,0.0,3
19124,1,1,0.5,0.24218824199829042,100.0,3,0,16.0,0,0.0,5.0,0.0,0.0,3
19125,0,1,0.5,0.657708096534506,0.0,1,0,0.0,0,2.0,5.0,0.0,0.0,3
19129,1,1,0.5,0.25781392182116736,350.0,2,0,16.0,0,2.0,7.0,0.0,0.0,3
19130,1,1,0.5,0.38032068976170225,100.0,1,0,0.0,0,2.0,3.0,0.0,0.0,3
19133,0,0,0.0,0.21355796467395335,100.0,6,1,25.0,0,0.0,20.0,0.0,0.0,3
19136,1,1,0.5,0.24597724710464283,100.0,3,0,16.0,0,0.0,9.0,0.0,0.0,3
19138,0,0,0.0,0.12375456650407589,100.0,3,1,16.0,0,1.0,15.0,1500.0,0.0,3
19139,0,1,0.5,0.06388075592227842,100.0,4,1,26.0,0,1.0,11.0,1300.0,0.0,3
19140,2,2,1.0,0.034295295193577886,100.0,4,1,26.0,0,2.0,8.0,1000.0,0.0,3
19141,0,0,0.0,0.7845452562936486,100.0,3,1,34.0,0,2.0,15.0,2800.0,0.0,3
19143,1,1,0.5,0.10643456048439551,150.0,4,1,26.0,0,2.0,7.0,1500.0,0.0,3
19144,1,1,0.5,0.061928545201759055,100.0,1,1,0.0,0,2.0,6.0,600.0,0.0,3
19158,0,0,0.0,0.13378046027545376,900.0,7,0,26.0,0,2.0,21.0,0.0,0.0,3
19159,1,1,0.5,0.044393930545426896,900.0,3,1,41.0,0,2.0,12.0,1000.0,0.0,3
19160,0,0,0.0,0.10439499376011044,3600.0,5,1,26.0,0,0.0,13.0,800.0,0.0,3
19161,0,0,0.0,0.09472993775584122,3150.0,1,1,16.0,0,0.0,9.0,800.0,0.0,3
19163,0,0,0.0,0.08896276621080501,2700.0,4,1,16.0,0,0.0,14.0,800.0,0.0,3
19164,1,1,0.5,0.06420241254510803,900.0,3,1,26.0,0,2.0,14.0,3000.0,0.0,3
19166,0,0,0.0,0.1083978881746704,2150.0,6,1,41.0,0,0.0,35.0,1000.0,0.0,3
19168,2,2,1.0,0.008626473689255247,1050.0,3,0,22.0,0,2.0,15.0,0.0,0.0,3
19169,1,1,0.5,0.04233147503520319,900.0,6,0,26.0,0,0.0,17.0,0.0,0.0,3
19170,1,1,0.5,0.03378477500987891,3600.0,3,0,26.0,0,0.0,22.0,0.0,0.0,3
19173,1,2,1.0,0.02241473172268809,1450.0,5,0,16.0,0,2.0,17.0,0.0,0.0,3
19175,1,1,0.5,0.021224913331603895,1550.0,2,0,43.0,0,0.0,43.0,0.0,0.0,3
19177,2,2,1.0,0.008955402097554181,100.0,5,0,26.0,0,2.0,17.0,0.0,0.0,3
19178,1,1,0.5,0.0020958977242619844,100.0,3,0,26.0,0,1.0,10.0,0.0,0.0,3
19179,0,0,0.0,0.12685123521390287,4050.0,7,0,26.0,0,2.0,26.0,0.0,0.0,3
19181,0,0,0.0,0.05629272215520708,900.0,6,0,26.0,0,0.0,10.0,0.0,0.0,3
19182,1,0,0.0,0.07129108148570613,450.0,7,0,26.0,0,0.0,11.0,0.0,0.0,3
19183,1,1,0.5,0.016742005692281934,450.0,1,0,27.0,0,0.0,5.0,0.0,0.0,3
19184,0,0,0.0,0.2766955905790685,5400.0,2,0,16.0,1,2.0,15.0,0.0,0.0,3
19185,0,0,0.0,0.12823143208863358,5400.0,2,0,26.0,1,2.0,16.0,0.0,0.0,3
19186,0,0,0.0,0.1026314339039627,6750.0,3,0,16.0,1,0.0,12.0,0.0,0.0,3
19193,0,0,0.0,0.058649705916821546,4500.0,5,1,26.0,0,1.0,23.0,300.0,0.0,3
19194,0,0,0.0,0.07656115258819599,5400.0,3,0,28.0,0,0.0,22.0,0.0,0.0,3
19196,0,0,0.0,0.32052402764665433,450.0,4,0,26.0,0,2.0,28.0,0.0,0.0,1
19202,2,2,1.0,0.007250866541164596,1650.0,4,1,26.0,0,2.0,26.0,3000.0,0.0,3
19205,1,0,0.0,0.15322994516267946,100.0,9,0,26.0,0,0.0,14.0,0.0,0.0,3
19206,0,0,0.0,0.10124647126964065,100.0,6,0,41.0,0,0.0,15.0,0.0,0.0,3
19208,1,1,0.5,0.03949817935569226,100.0,4,0,26.0,0,0.0,7.0,0.0,0.0,3
19209,0,0,0.0,0.1867528593422719,0.0,8,0,34.0,0,1.0,14.0,0.0,0.0,3
19211,1,1,0.5,0.053331240639059335,100.0,7,0,26.0,0,2.0,18.0,0.0,0.0,3
19214,1,1,0.5,0.3369056890462398,0.0,5,0,26.0,0,2.0,9.0,0.0,0.0,3
19215,1,1,0.5,0.13053984343408456,0.0,4,0,42.0,0,2.0,17.0,0.0,0.0,3
19218,0,0,0.0,0.09967877222501446,100.0,5,0,41.0,0,0.0,23.0,0.0,0.0,3
19225,0,0,0.0,0.10178735418367951,0.0,5,0,26.0,0,2.0,15.0,0.0,0.0,3
19227,0,0,0.0,0.377235118074592,100.0,5,0,41.0,0,1.0,21.0,0.0,0.0,3
19230,1,1,0.5,0.0391840999629928,200.0,3,0,64.0,0,1.0,29.0,0.0,0.0,3
19231,0,0,0.0,0.0712235176729097,100.0,5,0,41.0,0,0.0,15.0,0.0,0.0,3
19239,1,1,0.5,0.13665594540795015,100.0,1,0,42.0,0,2.0,6.0,0.0,0.0,3
19250,2,2,1.0,0.046407700240632524,8093.72,6,0,41.0,0,2.0,15.0,0.0,0.0,3
19254,2,2,1.0,0.04899295064368159,0.0,5,1,26.0,0,2.0,16.0,3500.0,0.0,3
19266,2,1,0.5,0.014798737174427782,600.0,5,1,26.0,0,2.0,22.0,600.0,0.0,3
19269,1,0,0.0,0.13424821002386633,150.0,4,0,25.0,0,2.0,15.0,0.0,0.0,3
19277,2,2,1.0,0.039143198869196476,200.0,3,0,41.0,0,2.0,17.0,0.0,0.0,3
19280,1,1,0.5,0.1349667474461721,350.0,7,0,42.0,0,2.0,20.0,0.0,0.0,3
20001,0,0,0.0,0.1617245161072831,19300.0,9,0,26.0,0,1.0,20.0,0.0,0.0,1
20002,1,1,0.5,0.15843153743905994,50.0,9,1,34.0,0,2.0,8.0,1000.0,0.0,1
20003,0,1,0.5,0.10322236173901951,0.0,5,0,0.0,0,2.0,4.0,400.0,0.0,1
20005,1,1,0.5,0.01443415457791986,2000.0,6,0,26.0,0,0.0,5.0,0.0,0.0,1
20006,0,1,0.5,0.11270945695043992,4500.0,7,1,25.0,0,2.0,3.0,0.0,0.0,1
20007,1,1,0.5,0.31840035660839944,3000.0,6,1,34.0,0,2.0,5.0,0.0,0.0,1
20008,1,1,0.5,0.02853698653282513,22300.0,5,0,26.0,0,2.0,9.0,0.0,0.0,1
20009,0,0,0.0,0.4172848664688427,20000.0,7,1,26.0,1,2.0,10.0,0.0,0.0,1
20010,1,1,0.5,0.04059594852433727,0.0,5,1,26.0,0,1.0,7.0,0.0,0.0,1
20042,0,0,0.0,0.17691166450431614,23900.0,7,0,26.0,0,1.0,4.0,0.0,0.0,1
20043,0,0,0.0,0.399706508294456,16725.0,7,0,0.0,0,2.0,8.0,1000.0,0.0,1
20044,0,0,0.0,0.2878250023985417,0.0,7,0,26.0,1,2.0,10.0,0.0,0.0,1
20045,1,1,0.5,0.2507899884636605,0.0,4,1,0.0,0,2.0,6.0,500.0,0.0,1
20046,0,0,0.0,0.1594209829897811,0.0,13,0,0.0,0,2.0,17.0,600.0,0.0,1
20047,0,0,0.0,0.3280980057187691,20000.0,12,0,31.0,1,0.0,22.0,0.0,0.0,1
20048,0,0,0.0,0.24374949476841593,6200.0,12,1,0.0,0,1.0,11.0,0.0,0.0,1
20049,0,0,0.0,0.4164566526267506,13000.0,7,1,26.0,0,2.0,7.0,500.0,0.0,1
20050,0,0,0.0,0.0801844350588288,4600.0,2,0,0.0,0,2.0,1.0,0.0,0.0,1
20061,1,1,0.5,0.09911588629425523,10000.0,5,0,26.0,0,2.0,4.0,0.0,0.0,1
20062,1,1,0.5,0.07869351375125128,10000.0,7,0,26.0,1,2.0,5.0,0.0,0.0,1
20063,1,0,0.0,0.14311917725145348,10000.0,6,0,26.0,0,2.0,12.0,0.0,0.0,1
20064,1,1,0.5,0.552761041401802,10000.0,2,1,0.0,0,2.0,5.0,500.0,0.0,1
20065,2,2,1.0,0.04875076173065204,10000.0,8,1,16.0,0,0.0,4.0,0.0,0.0,1
20066,0,1,0.5,0.4195686833934715,10000.0,2,1,0.0,0,2.0,4.0,1500.0,0.0,1
20067,1,0,0.0,0.16231223374205317,16187.44,6,0,34.0,0,2.0,17.0,0.0,0.0,1
20068,1,1,0.5,0.09317048932149355,8093.72,4,0,25.0,0,2.0,4.0,1000.0,0.0,1
20069,0,0,0.0,0.08297639157827355,12140.58,8,0,26.0,0,2.0,13.0,0.0,0.0,1
20070,2,2,1.0,0.04962205896644136,24046.86,4,0,26.0,0,2.0,9.0,3700.0,0.0,1
20091,1,1,0.5,0.13127051101734646,20000.0,10,0,51.0,0,2.0,6.0,0.0,0.0,1
20092,1,1,0.5,0.5040226685263691,60000.0,9,0,43.0,0,2.0,19.0,0.0,0.0,1
20093,1,1,0.5,1.1136166368273777,10000.0,6,0,41.0,1,2.0,10.0,0.0,0.0,1
20095,1,0,0.0,0.24891864655216372,4046.86,8,0,12.0,0,2.0,11.0,500.0,0.0,1
20096,0,0,0.0,0.18106368138426684,18093.72,6,1,34.0,1,1.0,10.0,0.0,0.0,1
20097,0,1,0.5,0.34749192876271084,0.0,9,0,23.0,1,2.0,9.0,5000.0,0.0,1
20098,0,0,0.0,0.4683828579614664,15000.0,7,1,34.0,0,2.0,7.0,2500.0,0.0,1
20099,0,0,0.0,0.09669870617131143,10000.0,1,1,34.0,0,2.0,5.0,1000.0,0.0,1
20100,1,1,0.5,0.22506117933922373,8093.72,11,0,26.0,1,2.0,21.0,0.0,0.0,1
20101,0,0,0.0,0.7054103506052668,40000.0,4,0,26.0,0,2.0,6.0,0.0,0.0,1
20103,1,1,0.5,0.14413909998533295,4000.0,6,0,26.0,0,2.0,4.0,0.0,0.0,1
20104,1,1,0.5,0.06988428509927365,7200.0,9,0,26.0,1,2.0,22.0,0.0,0.0,1
20106,1,1,0.5,0.3346881614735122,0.0,5,0,41.0,0,2.0,8.0,0.0,0.0,1
20107,2,2,1.0,0.032634945499641015,4046.86,6,0,26.0,0,2.0,10.0,0.0,0.0,1
20108,0,0,0.0,0.07984059543851538,20234.300000000003,7,0,26.0,1,2.0,9.0,0.0,0.0,1
29001,0,0,0.0,0.15124779430299976,20000.0,5,1,32.0,1,2.0,4.0,0.0,0.0,1
29002,0,0,0.0,0.11122095897182402,34000.0,24,1,42.0,1,2.0,49.0,0.0,0.0,1
29003,0,0,0.0,0.18953034380804368,24281.16,6,1,34.0,1,2.0,11.0,0.0,0.0,1
29004,1,1,0.5,0.024098459419915657,5938.55,3,0,32.0,0,2.0,19.0,0.0,0.0,1
29006,1,1,0.5,0.3283349526292043,5000.0,9,1,26.0,0,1.0,5.0,2000.0,0.0,1
29007,1,1,0.5,0.11372858182276219,3100.0,9,1,41.0,0,2.0,6.0,900.0,0.0,1
29008,0,0,0.0,0.16290432226500887,28093.72,8,0,26.0,1,2.0,8.0,0.0,0.0,1
29009,0,0,0.0,0.30072022493872824,2000.0,6,1,34.0,0,0.0,6.0,0.0,0.0,1
29013,0,1,0.5,0.23862931322483655,1000.0,1,0,16.0,0,1.0,2.0,0.0,0.0,1
29018,1,1,0.5,0.25363516546499376,4046.86,2,0,16.0,0,2.0,2.0,0.0,0.0,1
29019,1,1,0.5,0.1280164568346228,18093.72,4,0,26.0,1,2.0,5.0,0.0,0.0,1
29020,1,0,0.0,0.09304048485005124,12140.58,5,0,34.0,0,2.0,29.0,0.0,0.0,1
29021,1,1,0.5,0.10412315684854181,7500.0,4,1,41.0,1,2.0,2.0,0.0,0.0,1
29022,0,0,0.0,0.05477384453776346,5500.0,5,0,32.0,0,2.0,7.0,0.0,0.0,1
29023,0,0,0.0,0.15305110952891143,6500.0,6,0,34.0,0,2.0,12.0,0.0,0.0,1
29024,0,0,0.0,0.07847053903534629,5500.0,1,0,0.0,0,0.0,3.0,0.0,0.0,1
29025,1,0,0.0,0.32097245901326876,30234.300000000003,7,0,34.0,0,2.0,23.0,0.0,0.0,1
29026,0,0,0.0,1.6771019677996422,4046.86,7,1,43.0,1,1.0,17.0,0.0,0.0,1
29028,1,1,0.5,0.12011768619014515,8093.72,4,0,41.0,0,2.0,4.0,0.0,0.0,1
29029,1,1,0.5,0.10885730527244993,24046.86,2,1,43.0,0,2.0,7.0,3000.0,0.0,1
29031,0,1,0.5,0.14468124196215323,4046.86,1,0,16.0,0,0.0,2.0,0.0,0.0,1
29032,0,0,0.0,0.31485282286280586,60000.0,4,1,41.0,1,1.0,21.0,1000.0,0.0,1
29033,0,1,0.5,0.22444118724807624,10000.0,2,0,23.0,0,2.0,5.0,0.0,0.0,1
29034,0,0,0.0,0.553740517193643,20000.0,11,1,41.0,0,2.0,9.0,7000.0,0.0,1
29035,0,0,0.0,0.4201168643371124,40000.0,8,1,51.0,1,2.0,20.0,5000.0,0.0,1
29036,0,0,0.0,0.15802067813445303,20000.0,4,0,26.0,0,2.0,9.0,0.0,0.0,1
29037,0,0,0.0,0.06251373150748622,23126.0,11,0,0.0,0,2.0,20.0,0.0,0.0,1
29038,2,2,1.0,0.034513756540231776,4400.0,4,0,26.0,0,2.0,14.0,1500.0,0.0,1
29039,0,0,0.0,0.5541598936013004,20000.0,12,0,0.0,0,2.0,22.0,0.0,0.0,1
29041,0,0,0.0,0.4981568197668626,20000.0,5,0,23.0,0,1.0,8.0,0.0,0.0,1
29042,1,0,0.0,0.21829713859091981,7000.0,6,0,34.0,0,2.0,10.0,0.0,0.0,1
29044,2,2,1.0,0.05026757507232878,8500.0,5,0,13.0,0,2.0,5.0,0.0,0.0,1
29045,0,0,0.0,0.2097344110419312,8500.0,9,0,0.0,0,1.0,7.0,2000.0,0.0,1
29046,1,0,0.0,0.4039587962027873,20000.0,7,0,16.0,0,2.0,11.0,0.0,0.0,1
29047,0,0,0.0,0.091922251069434,25600.0,12,0,26.0,0,2.0,36.0,600.0,0.0,1
29048,1,1,0.5,0.04001862516834448,5000.0,15,0,0.0,0,2.0,12.0,0.0,0.0,1
29050,0,0,0.0,0.5172275662232327,12200.0,7,1,25.0,0,1.0,16.0,2000.0,0.0,1
29051,0,0,0.0,0.09467148254341162,4000.0,3,1,23.0,0,2.0,4.0,0.0,0.0,1
29052,0,0,0.0,0.07503517273722057,3100.0,8,1,26.0,0,0.0,25.0,0.0,1.0,1
29053,1,1,0.5,0.002306229688878999,30000.0,7,0,26.0,0,1.0,5.0,0.0,0.0,1
29054,0,0,0.0,0.05336396616070257,50000.0,5,0,26.0,1,2.0,3.0,0.0,0.0,1
29055,0,0,0.0,0.1316498253416737,50000.0,7,0,26.0,0,2.0,5.0,0.0,0.0,1
29056,0,0,0.0,0.3234784551947234,2700.0,9,1,26.0,1,2.0,4.0,0.0,0.0,1
29057,1,0,0.0,0.301929840262958,3000.0,9,0,26.0,0,2.0,4.0,0.0,0.0,1
29058,0,0,0.0,0.2921611394502007,11000.0,8,1,26.0,0,2.0,13.0,0.0,0.0,1
29060,1,1,0.5,0.1858006806085325,11400.0,3,1,26.0,0,2.0,5.0,0.0,0.0,1
29061,1,1,0.5,0.08200754469411187,4046.86,3,0,26.0,1,2.0,3.0,0.0,0.0,1
29062,1,1,0.5,0.08258661271007971,10000.0,4,0,22.0,1,0.0,4.0,0.0,0.0,1
29063,0,0,0.0,0.06059137178865729,11547.3,4,0,25.0,1,2.0,6.0,0.0,0.0,1
29064,1,0,0.0,0.22722266045327452,20000.0,5,0,26.0,1,2.0,13.0,0.0,0.0,1
29065,1,1,0.5,0.08486470386598194,20000.0,3,0,34.0,0,2.0,7.0,0.0,0.0,1
29066,1,0,0.0,0.13426423200859292,10000.0,3,0,34.0,0,2.0,9.0,0.0,0.0,1
29068,1,1,0.5,0.0534147272033575,20000.0,6,0,26.0,0,2.0,4.0,0.0,0.0,1
29070,2,2,1.0,0.015789972314915208,10000.0,3,0,34.0,0,2.0,7.0,0.0,0.0,1
29071,2,2,1.0,0.04610727861466986,20000.0,9,0,26.0,0,2.0,15.0,0.0,0.0,1
29072,1,1,0.5,0.3042465801514212,4046.86,4,0,25.0,0,2.0,3.0,0.0,0.0,1
29073,0,0,0.0,0.2662622363245787,9046.86,12,1,14.0,0,2.0,14.0,500.0,0.0,1
29074,0,0,0.0,0.5614292964731554,8093.72,9,1,26.0,0,2.0,18.0,5000.0,0.0,1
29076,1,0,0.0,1.1612422918504288,0.0,7,0,52.0,0,2.0,8.0,0.0,0.0,1
29077,1,0,0.0,0.18178127057476248,0.0,6,1,26.0,0,2.0,17.0,1000.0,0.0,1
29078,1,1,0.5,0.05582031792550043,8093.72,7,0,51.0,0,2.0,7.0,0.0,0.0,1
29080,0,0,0.0,0.09162803381510772,10000.0,14,1,0.0,0,0.0,7.0,1500.0,0.0,1
29082,0,0,0.0,0.2021424706571066,12140.58,11,1,0.0,0,2.0,19.0,500.0,0.0,1
29083,0,0,0.0,0.22617270547790294,10000.0,9,0,26.0,0,2.0,6.0,1000.0,0.0,1
29085,0,1,0.5,0.25066863199508344,0.0,4,0,41.0,0,1.0,7.0,0.0,0.0,1
29087,1,1,0.5,0.6343299361441198,10000.0,9,0,51.0,0,2.0,10.0,0.0,0.0,1
29089,1,0,0.0,0.22593992352956055,14046.86,14,0,51.0,0,2.0,18.0,0.0,0.0,1
29090,0,0,0.0,0.16331633066932735,14046.86,6,0,34.0,0,2.0,12.0,0.0,0.0,1
29091,1,0,0.0,0.18946353114091494,0.0,13,0,51.0,0,2.0,21.0,0.0,0.0,1
29092,1,0,0.0,0.12472678893851563,20000.0,15,0,51.0,0,2.0,22.0,0.0,0.0,1
29094,1,1,0.5,0.09326682680949355,0.0,9,0,26.0,0,2.0,8.0,0.0,0.0,1
29096,0,0,0.0,0.638787156119581,10000.0,8,0,26.0,0,2.0,5.0,0.0,0.0,1
29097,0,0,0.0,0.0706547338671691,10000.0,3,0,0.0,0,2.0,4.0,0.0,0.0,1
29099,1,0,0.0,0.1396663490580394,24046.86,8,0,51.0,0,2.0,15.0,500.0,0.0,1
29100,2,2,1.0,0.04696511431308823,4046.86,2,0,51.0,0,2.0,4.0,0.0,0.0,1
29101,1,0,0.0,0.4417498706483648,30000.0,10,1,51.0,0,2.0,14.0,1000.0,0.0,1
29103,1,0,0.0,0.15153118603686863,30000.0,3,0,51.0,0,2.0,8.0,0.0,0.0,1
29104,1,0,0.0,0.24723588292730858,0.0,13,0,51.0,0,2.0,13.0,0.0,0.0,1
29108,0,0,0.0,1.3356418501113034,10000.0,13,1,41.0,0,2.0,4.0,500.0,0.0,1
29109,0,0,0.0,0.676390898653119,7500.0,10,1,26.0,0,2.0,21.0,0.0,0.0,1
29110,1,1,0.5,0.030749384297058324,1200.0,2,0,23.0,0,0.0,3.0,0.0,0.0,1
29111,1,0,0.0,0.647198923060992,30050.0,7,1,26.0,0,2.0,8.0,0.0,0.0,1
29112,0,0,0.0,0.8400331738875318,4500.0,6,1,16.0,0,1.0,12.0,3000.0,0.0,1
29113,1,1,0.5,0.05828185103158876,0.0,2,0,0.0,0,2.0,5.0,0.0,0.0,1
29115,0,1,0.5,0.08131623885289892,0.0,4,1,26.0,0,2.0,10.0,300.0,0.0,1
29116,0,0,0.0,0.13476714943374937,9400.0,8,1,34.0,0,2.0,30.0,0.0,0.0,1
29118,0,0,0.0,0.16776271641390417,0.0,10,0,42.0,0,2.0,9.0,0.0,0.0,1
29119,2,2,1.0,0.01738828029907842,1500.0,6,0,26.0,0,2.0,7.0,500.0,0.0,1
29120,0,0,0.0,0.1311074029555672,2200.0,3,0,42.0,0,1.0,13.0,0.0,0.0,1
29122,1,1,0.5,0.02722351717462677,22350.0,6,0,26.0,0,1.0,9.0,2000.0,0.0,1
29123,1,1,0.5,0.0428662464006916,17400.0,3,1,26.0,0,2.0,12.0,0.0,0.0,1
29124,0,0,0.0,0.1174517234816583,2400.0,10,1,26.0,0,1.0,18.0,5000.0,0.0,1
29127,0,0,0.0,0.5571796371559778,10000.0,5,1,26.0,0,2.0,22.0,0.0,0.0,1
29128,2,2,1.0,0.008127313230480554,10000.0,4,1,26.0,0,2.0,4.0,0.0,0.0,1
29130,1,1,0.5,0.05812795848944483,5000.0,4,1,26.0,0,2.0,5.0,200.0,0.0,1
29131,2,2,1.0,0.019429548457293853,2500.0,7,0,25.0,0,0.0,8.0,0.0,0.0,1
29132,0,0,0.0,0.2648775107834344,4000.0,1,0,0.0,0,2.0,9.0,0.0,0.0,1
29133,1,0,0.0,0.175249812634383,0.0,11,0,43.0,0,2.0,20.0,0.0,0.0,1
29139,0,0,0.0,0.09732287237228243,10000.0,8,1,16.0,1,2.0,13.0,200.0,0.0,1
29142,1,0,0.0,0.12876641771825909,10000.0,9,1,26.0,0,2.0,17.0,1500.0,0.0,1
29144,1,1,0.5,0.2695256348826066,4046.86,1,1,0.0,0,2.0,4.0,2000.0,0.0,1
29147,1,1,0.5,0.1596155354475535,14046.86,7,0,26.0,0,2.0,3.0,1200.0,0.0,1
29148,1,1,0.5,0.14080654745483448,0.0,7,0,34.0,0,2.0,9.0,500.0,0.0,1
29149,1,1,0.5,0.272200779397107,0.0,7,0,26.0,0,2.0,3.0,0.0,0.0,1
29150,0,0,0.0,0.15564187417322156,21024.0,8,1,43.0,0,2.0,7.0,2000.0,0.0,1
29151,1,1,0.5,0.3469662141648957,10000.0,3,1,26.0,0,1.0,4.0,200.0,0.0,1
29152,1,1,0.5,0.06167319374633815,20000.0,8,1,26.0,0,2.0,4.0,1000.0,0.0,1
29153,1,1,0.5,0.11174849139536616,10000.0,6,1,26.0,0,2.0,5.0,1000.0,0.0,1
29154,1,1,0.5,0.10417539489758314,8093.72,5,0,25.0,0,2.0,4.0,1000.0,0.0,1
29155,1,1,0.5,0.10917112061456238,8093.72,6,1,26.0,0,2.0,3.0,500.0,0.0,1
29156,1,0,0.0,0.5461866192223666,8093.72,2,1,26.0,0,2.0,3.0,1000.0,0.0,1
29160,0,0,0.0,0.1681318153432291,10000.0,3,1,43.0,0,2.0,17.0,0.0,0.0,1
29161,1,1,0.5,0.4155721806975841,8093.72,6,1,43.0,0,2.0,21.0,0.0,0.0,1
29162,2,2,1.0,0.05012940800761125,8093.72,5,0,34.0,0,2.0,11.0,0.0,0.0,1
29163,1,1,0.5,0.06596911171044392,8093.72,2,0,26.0,0,2.0,3.0,0.0,0.0,1
29165,1,1,0.5,0.5494661316166357,4046.86,5,1,25.0,0,2.0,4.0,600.0,0.0,1
29166,2,2,1.0,0.04191162663631281,4046.86,7,0,26.0,0,1.0,5.0,0.0,0.0,1
29167,1,1,0.5,0.21312007794105706,8093.72,13,1,26.0,0,2.0,17.0,7500.0,0.0,1
29169,1,1,0.5,0.10821596871816698,0.0,7,0,51.0,0,2.0,12.0,0.0,0.0,1
29170,0,0,0.0,0.4022795843110962,10000.0,5,0,0.0,0,2.0,6.0,0.0,0.0,1
29171,0,1,0.5,0.15097216927182616,10000.0,6,1,22.0,0,2.0,3.0,3200.0,0.0,1
29172,2,2,1.0,0.05315755900489049,10000.0,6,0,51.0,0,2.0,4.0,0.0,0.0,1
29173,1,1,0.5,0.1871213715996538,10000.0,5,0,21.0,0,2.0,4.0,1600.0,0.0,1
29174,1,0,0.0,0.1856297799668341,8093.72,8,0,52.0,0,2.0,22.0,0.0,0.0,1
29175,0,0,0.0,0.2618091020132283,0.0,5,1,26.0,0,1.0,14.0,500.0,0.0,1
29176,1,1,0.5,0.17581718612646446,0.0,7,0,22.0,0,2.0,7.0,0.0,0.0,1
29178,0,0,0.0,0.18677468344880824,16187.44,8,1,43.0,0,2.0,12.0,3200.0,0.0,1
29179,0,0,0.0,0.485337030439942,12140.58,15,1,41.0,0,2.0,42.0,1000.0,0.0,1
29181,0,0,0.0,0.1996176114890709,28093.72,5,1,34.0,1,2.0,3.0,15000.0,0.0,1
29182,0,0,0.0,0.6723442402510086,10000.0,4,1,41.0,1,2.0,10.0,3000.0,0.0,1
29185,1,0,0.0,0.1513827383952501,40000.0,11,1,43.0,1,2.0,17.0,2500.0,0.0,1
29186,2,2,1.0,0.006847907964116962,0.0,15,0,51.0,0,2.0,9.0,0.0,0.0,1
29187,1,1,0.5,0.04589732355648567,7500.0,7,0,26.0,0,2.0,5.0,0.0,0.0,1
29188,0,0,0.0,0.1907566321245514,30000.0,9,1,43.0,1,2.0,36.0,0.0,0.0,1
29189,1,1,0.5,0.05117727237365707,12400.0,4,0,41.0,0,2.0,14.0,0.0,0.0,1
29193,1,1,0.5,0.1924848669102387,10000.0,10,0,35.0,1,2.0,6.0,0.0,0.0,1
29194,0,0,0.0,0.15449276859327574,8500.0,14,1,52.0,0,2.0,9.0,3000.0,0.0,1
29195,1,1,0.5,0.0375829957823527,20400.0,6,1,35.0,0,2.0,18.0,0.0,0.0,1
29196,0,0,0.0,0.16985643094169947,9900.0,9,0,0.0,0,2.0,23.0,1500.0,0.0,1
29198,1,0,0.0,0.25885361660764067,20800.0,7,1,0.0,0,0.0,10.0,1000.0,0.0,1
29199,0,0,0.0,0.22365110427732737,14225.0,7,0,24.0,0,2.0,16.0,1000.0,0.0,1
29200,0,0,0.0,0.36986141914361237,10000.0,10,0,26.0,0,2.0,12.0,0.0,0.0,1
29202,0,0,0.0,0.12165604079090127,9000.0,6,0,16.0,0,0.0,6.0,0.0,0.0,1
29203,1,1,0.5,0.024834201253270943,4500.0,9,0,16.0,0,0.0,11.0,0.0,0.0,1
29204,0,0,0.0,0.24055258897202325,30000.0,8,0,34.0,0,2.0,7.0,0.0,0.0,1
29217,2,2,1.0,0.0030138858733072572,10000.0,7,1,42.0,1,2.0,19.0,0.0,0.0,1
29219,0,0,0.0,0.3334597117003936,24046.86,4,1,51.0,1,2.0,19.0,2000.0,0.0,1
29220,1,0,0.0,0.07754300250724225,9100.0,8,1,51.0,0,1.0,15.0,1000.0,0.0,1
29224,0,0,0.0,0.12016529043592374,2000.0,7,0,26.0,0,2.0,43.0,0.0,0.0,1
30041,0,0,0.0,1.0274947051189105,850.0,3,0,26.0,0,2.0,12.0,0.0,0.0,4
30043,0,0,0.0,0.12799080555845782,0.0,3,0,43.0,1,2.0,38.0,0.0,0.0,4
30045,0,0,0.0,0.07613957802458805,0.0,2,0,41.0,0,2.0,36.0,0.0,0.0,4
30047,1,1,0.5,0.008416046850307737,0.0,1,0,0.0,0,2.0,4.0,0.0,0.0,4
30081,0,0,0.0,0.6679926212362379,0.0,7,0,26.0,0,2.0,18.0,0.0,0.0,4
30084,0,0,0.0,1.3750429700928155,0.0,2,0,26.0,0,0.0,24.0,0.0,0.0,4
30085,0,0,0.0,0.27494941788844846,0.0,5,0,26.0,0,2.0,10.0,0.0,0.0,4
30086,1,1,0.5,0.0271794651360406,0.0,7,0,42.0,0,2.0,40.0,0.0,0.0,4
30090,1,1,0.5,0.2825946338505389,800.0,2,0,26.0,0,2.0,18.0,0.0,0.0,4
30091,0,0,0.0,0.8108458744161909,4046.86,5,0,41.0,0,2.0,15.0,0.0,0.0,4
30093,0,0,0.0,0.41137873583314477,0.0,6,0,26.0,0,2.0,5.0,0.0,0.0,4
30097,0,0,0.0,0.27722333111554665,0.0,5,0,26.0,0,2.0,11.0,0.0,0.0,4
30100,0,0,0.0,0.45621934628689026,0.0,4,0,21.0,0,2.0,5.0,0.0,0.0,4
30105,0,0,0.0,0.10552975939214858,0.0,5,0,26.0,0,2.0,16.0,0.0,0.0,4
30106,0,0,0.0,0.5159958720330237,0.0,6,0,25.0,0,0.0,20.0,0.0,0.0,4
30108,0,0,0.0,0.32930354536601003,0.0,5,0,26.0,0,2.0,14.0,0.0,0.0,4
30122,2,2,1.0,0.0443522284602819,1550.0,6,0,26.0,0,2.0,13.0,0.0,0.0,4
30123,1,0,0.0,2.7728016657936454,1150.0,5,0,42.0,0,2.0,18.0,0.0,0.0,4
30124,0,0,0.0,0.48035866780529457,1000.0,4,0,41.0,0,2.0,9.0,0.0,0.0,4
30127,0,0,0.0,0.0776602940629615,550.0,4,0,26.0,0,2.0,7.0,0.0,0.0,4
30128,1,1,0.5,0.9634531430822018,450.0,10,0,42.0,0,2.0,36.0,0.0,0.0,4
30129,1,1,0.5,0.19614016667071824,500.0,1,0,0.0,0,1.0,3.0,0.0,0.0,4
30130,0,0,0.0,0.9141343581953958,870.0,2,0,28.0,0,2.0,23.0,0.0,0.0,4
30132,1,1,0.5,0.10366301363709345,320.0,1,0,12.0,0,1.0,8.0,0.0,0.0,4
30133,1,1,0.5,0.02589948926207175,300.0,8,0,26.0,0,2.0,22.0,0.0,0.0,4
30134,2,2,1.0,0.03299241174529858,1000.0,3,0,26.0,1,2.0,26.0,0.0,0.0,4
30135,1,0,0.0,0.6880165816333353,350.0,5,0,28.0,0,2.0,13.0,0.0,0.0,4
30138,1,1,0.5,0.04769921486760363,1430.0,1,0,0.0,0,1.0,7.0,0.0,0.0,4
30139,1,1,0.5,0.05442486351646682,1530.0,5,0,26.0,0,2.0,17.0,0.0,0.0,4
30140,0,0,0.0,0.1477689091752767,560.0,3,0,26.0,0,2.0,11.0,0.0,0.0,4
39006,1,1,0.5,0.9336214398466782,0.0,1,0,0.0,0,1.0,2.0,0.0,0.0,4
39012,2,2,1.0,0.033514560214493186,1250.0,6,1,41.0,1,2.0,20.0,2500.0,0.0,4
39013,0,0,0.0,0.2104638798950261,400.0,4,1,26.0,0,2.0,14.0,0.0,0.0,4
39014,0,0,0.0,0.0958265502441912,1600.0,3,1,26.0,0,2.0,6.0,2000.0,0.0,4
39017,0,0,0.0,0.8558206626362288,5050.0,5,0,26.0,0,2.0,28.0,0.0,0.0,4
39018,1,1,0.5,0.25432358018770584,850.0,9,0,26.0,0,2.0,17.0,0.0,0.0,4
39039,0,0,0.0,0.18881818696776873,50.0,5,0,26.0,0,0.0,10.0,0.0,0.0,4
39042,1,1,0.5,0.2953164655532921,100.0,4,0,16.0,0,1.0,5.0,0.0,0.0,4
39045,1,1,0.5,0.033627369754861344,0.0,8,0,26.0,1,2.0,11.0,0.0,0.0,4
39052,0,0,0.0,0.08543823100498979,3237.4880000000003,4,0,16.0,0,2.0,18.0,0.0,0.0,4
39053,1,1,0.5,0.1987096686954634,404.68600000000004,7,0,42.0,0,2.0,32.0,0.0,0.0,4
39072,0,0,0.0,0.3400164145855317,0.0,5,0,26.0,0,2.0,5.0,0.0,0.0,4
39077,2,2,1.0,0.021961932650073207,0.0,1,0,16.0,0,2.0,1.0,0.0,0.0,4
39079,1,1,0.5,0.0009019844014459678,700.0,4,0,16.0,0,2.0,4.0,0.0,0.0,4
39080,2,2,1.0,0.02014401255588279,0.0,1,0,0.0,0,2.0,3.0,0.0,0.0,4
39081,0,0,0.0,0.4725555378226241,0.0,2,0,23.0,0,2.0,20.0,0.0,0.0,4
39082,0,0,0.0,0.4276245456489203,0.0,4,0,42.0,0,2.0,16.0,0.0,0.0,4
39083,0,0,0.0,0.6668000266720011,0.0,1,0,41.0,0,2.0,8.0,0.0,0.0,4
39087,1,0,0.0,0.36392526261224595,900.0,2,0,41.0,0,2.0,33.0,0.0,0.0,4
39088,0,0,0.0,0.1970831690973591,1950.0,2,0,26.0,0,2.0,7.0,0.0,0.0,4
39090,1,0,0.0,1.127039942295555,0.0,5,0,25.0,0,2.0,19.0,0.0,0.0,4
39093,0,0,0.0,1.1647545279832274,0.0,7,0,42.0,0,2.0,24.0,0.0,0.0,4
39096,1,0,0.0,0.612088752869166,0.0,5,0,26.0,0,2.0,11.0,0.0,0.0,4
39103,1,0,0.0,0.0847152481027816,1300.0,5,0,26.0,0,2.0,19.0,0.0,0.0,4
39106,0,0,0.0,0.08380543729677181,1000.0,3,0,26.0,0,2.0,5.0,0.0,0.0,4
39111,1,0,0.0,0.0599061690228622,1000.0,5,0,26.0,0,2.0,8.0,0.0,0.0,4
39116,1,1,0.5,0.05296610958249354,1214.058,4,0,22.0,0,2.0,16.0,0.0,0.0,4
39118,2,2,1.0,0.01789136238996074,0.0,2,0,21.0,0,2.0,9.0,0.0,0.0,4
39127,0,0,0.0,0.2115974344031265,4291.860000000001,6,0,26.0,0,2.0,26.0,0.0,0.0,4
39128,0,0,0.0,0.6045638430219098,150.0,6,0,26.0,0,2.0,16.0,0.0,0.0,4
39135,1,1,0.5,0.6250642743371781,100.0,3,0,23.0,0,2.0,3.0,0.0,0.0,4
39137,1,1,0.5,1.5695635957918281,0.0,5,0,26.0,0,2.0,12.0,0.0,0.0,4
39139,1,1,0.5,0.019295334388144948,1450.0,7,0,26.0,0,2.0,16.0,0.0,0.0,4
39140,2,2,1.0,0.042535668209934444,22140.58,7,0,26.0,0,2.0,15.0,0.0,0.0,4
39141,1,1,0.5,0.04518752824220515,1000.0,3,1,25.0,0,2.0,16.0,1000.0,0.0,4
39144,1,1,0.5,0.34080076557475636,250.0,3,0,23.0,0,2.0,2.0,0.0,0.0,4
39146,0,0,0.0,0.20287620063711082,12140.58,2,0,26.0,0,2.0,18.0,0.0,0.0,4
39150,0,0,0.0,1.5118681650960035,1500.0,7,0,26.0,0,2.0,5.0,0.0,0.0,4
39151,1,1,0.5,0.2868507611106862,7284.348,5,0,26.0,0,1.0,19.0,0.0,0.0,4
39155,1,1,0.5,0.25767882910740053,60000.0,5,0,25.0,0,2.0,7.0,0.0,0.0,4
39159,1,0,0.0,0.27212118463422375,850.0,3,0,16.0,0,2.0,12.0,0.0,0.0,4
39166,0,0,0.0,0.11192150571732358,100.0,3,0,22.0,0,1.0,14.0,0.0,0.0,4
39170,0,0,0.0,0.12803308203675465,0.0,3,0,26.0,1,2.0,32.0,0.0,0.0,4
39171,0,0,0.0,0.12896086570751975,1650.0,7,0,26.0,0,2.0,20.0,0.0,0.0,4
39174,0,0,0.0,0.10515509423658592,0.0,5,0,24.0,0,2.0,27.0,0.0,0.0,4
39175,0,0,0.0,0.44566038056763474,1000.0,4,0,24.0,0,2.0,7.0,0.0,0.0,4
39176,1,0,0.0,0.07175612462298807,0.0,5,0,22.0,0,2.0,16.0,0.0,0.0,4
39177,0,0,0.0,0.7596090545399301,0.0,7,0,21.0,0,2.0,20.0,0.0,0.0,4
39186,0,0,0.0,1.205254911413764,2700.0,5,1,42.0,0,2.0,24.0,1500.0,0.0,4
39190,1,1,0.5,0.043802014892685065,0.0,1,0,16.0,0,2.0,4.0,0.0,0.0,4
39193,0,0,0.0,0.6994572211963516,0.0,1,0,12.0,0,2.0,12.0,0.0,0.0,4
40171,1,1,0.5,0.055717756134524954,897.48,5,0,26.0,0,1.0,14.0,0.0,0.0,3
40174,1,1,0.5,0.022964270185074354,1381.34,6,1,26.0,0,2.0,32.0,1000.0,0.0,3
40176,1,1,0.5,0.038109756097560975,3280.0,5,1,26.0,0,0.0,20.0,8500.0,0.0,3
40178,0,0,0.0,0.09562780264285957,0.0,7,0,26.0,0,2.0,7.0,0.0,0.0,3
40180,0,0,0.0,0.17335157696322726,1389.16,7,1,34.0,0,2.0,9.0,1000.0,0.0,3
40202,2,2,1.0,0.009282637754344274,0.0,6,0,26.0,0,2.0,19.0,0.0,0.0,3
40203,0,0,0.0,0.30572064470369553,850.0,3,0,26.0,0,2.0,8.0,0.0,0.0,3
40206,1,1,0.5,0.015184409356744512,4007.8,3,0,26.0,0,2.0,16.0,0.0,0.0,3
40207,0,0,0.0,0.8192090515213348,1911.6,3,0,26.0,0,2.0,11.0,0.0,0.0,3
40208,0,0,0.0,0.10421154535479928,2346.2200000000003,5,0,24.0,0,2.0,24.0,0.0,0.0,3
40209,0,0,0.0,0.13816658416086383,4710.27,3,1,26.0,0,2.0,10.0,4000.0,0.0,3
49004,0,0,0.0,0.0700807613507017,0.0,3,0,16.0,0,2.0,13.0,2000.0,0.0,3
49005,0,0,0.0,1.3714325266758554,444.18,12,0,43.0,0,2.0,42.0,0.0,0.0,3
49006,0,1,0.5,0.2947820237346931,500.0,1,0,26.0,0,2.0,8.0,0.0,0.0,3
49007,0,0,0.0,0.06850009761654227,6118.240000000001,2,1,26.0,0,2.0,7.0,500.0,0.0,3
49008,0,0,0.0,0.1517480910114707,7834.82,5,1,24.0,0,2.0,16.0,700.0,0.0,3
49010,1,1,0.5,0.043980258308616,11332.369999999999,8,0,26.0,0,2.0,33.0,0.0,0.0,3
49013,0,0,0.0,0.12206900314898624,4863.360000000001,2,1,16.0,0,2.0,22.0,1500.0,0.0,3
49019,1,1,0.5,0.0072998903213971926,1124.3,6,0,26.0,0,2.0,27.0,2500.0,0.0,3
49023,0,0,0.0,0.18883626668057807,1826.6499999999999,5,1,26.0,0,2.0,19.0,800.0,0.0,3
49025,1,1,0.5,0.017541631894991278,308.0,3,1,26.0,0,2.0,6.0,1500.0,0.0,3
49026,1,1,0.5,0.12431607748894408,464.93,1,1,16.0,0,2.0,11.0,800.0,0.0,3
49027,0,0,0.0,0.17396018132712396,0.0,5,1,26.0,0,0.0,18.0,4000.0,0.0,3
49030,0,0,0.0,0.08621144644718212,0.0,2,1,26.0,0,2.0,15.0,1000.0,0.0,3
49034,1,1,0.5,0.029785544082605243,0.0,3,0,23.0,0,2.0,15.0,0.0,0.0,3
49035,0,0,0.0,0.17340230346596805,0.0,7,1,26.0,0,2.0,28.0,2500.0,0.0,3
49037,0,0,0.0,0.9643821525009645,155.0,8,1,26.0,0,2.0,15.0,1000.0,0.0,3
49038,0,1,0.5,0.11448983330280271,1091.8,6,1,26.0,0,2.0,11.0,500.0,0.0,3
49039,0,0,0.0,0.6111745643085715,586.21,2,1,23.0,0,2.0,7.0,700.0,0.0,3
49043,0,0,0.0,0.34618846500034617,150.0,7,0,26.0,0,2.0,12.0,0.0,0.0,3
49045,0,0,0.0,0.349770847851709,2100.05,2,1,26.0,0,2.0,21.0,2500.0,0.0,3
49046,0,0,0.0,0.32817452974946637,3000.0,1,0,26.0,0,1.0,7.0,1200.0,0.0,3
49086,0,1,0.5,0.6364553202965914,124.92,1,0,16.0,0,2.0,14.0,0.0,0.0,3
49088,0,0,0.0,0.4891410682840931,500.0,3,0,42.0,0,2.0,12.0,0.0,0.0,3
49090,0,0,0.0,0.42666970076231653,175.78,6,0,34.0,0,2.0,39.0,0.0,0.0,3
49102,0,0,0.0,0.08227176284081364,0.0,4,1,26.0,0,2.0,10.0,3000.0,0.0,3
49104,0,0,0.0,0.1939906879803007,0.0,6,1,26.0,0,2.0,23.0,1000.0,0.0,3
49108,1,1,0.5,0.05334702909465076,374.81,5,0,41.0,0,2.0,18.0,0.0,0.0,3
49111,0,0,0.0,0.3459541622171327,1147.04,4,1,41.0,0,2.0,10.0,2500.0,0.0,3
49112,0,1,0.5,0.28028805521680994,0.0,3,0,43.0,0,2.0,27.0,0.0,0.0,3
49113,0,0,0.0,0.06643670171067341,3538.41,8,1,26.0,0,2.0,43.0,1000.0,0.0,3
49114,1,1,0.5,0.03644349926979807,1000.0,6,1,27.0,0,2.0,28.0,2000.0,0.0,3
49126,0,1,0.5,0.06737598506333922,0.0,3,0,26.0,0,2.0,12.0,0.0,0.0,3
49129,1,2,1.0,0.01717557251908397,1048.0,8,0,42.0,0,2.0,14.0,0.0,0.0,3
49130,0,0,0.0,1.1718419700571368,13255.7,11,1,41.0,0,2.0,25.0,3000.0,0.0,3
49131,0,0,0.0,0.6374060789668388,0.0,7,1,23.0,0,2.0,14.0,5000.0,0.0,3
49132,0,0,0.0,0.12041744715012041,200.0,2,0,16.0,0,2.0,49.0,0.0,0.0,3
49133,0,0,0.0,0.2298025536750408,1600.0,9,1,26.0,0,2.0,49.0,4000.0,0.0,3
49136,0,0,0.0,0.40972354912181896,6658.2,4,1,26.0,1,2.0,14.0,5000.0,0.0,3
49137,0,0,0.0,0.37076179862772185,5035.030000000001,8,1,43.0,0,2.0,6.0,5000.0,0.0,3
50001,2,2,1.0,0.04128413805948877,100.0,4,1,34.0,0,2.0,20.0,0.0,0.0,1
50002,0,0,0.0,0.6172377694283779,40.0,9,1,23.0,0,2.0,10.0,0.0,0.0,1
50003,0,0,0.0,0.31213194956733387,80.0,9,1,26.0,0,2.0,12.0,0.0,0.0,1
50004,0,0,0.0,0.07234327504774193,4046.86,7,1,26.0,0,2.0,17.0,1200.0,0.0,1
50005,0,0,0.0,0.8292469626953392,110.0,11,1,52.0,0,2.0,18.0,1500.0,0.0,1
50006,0,0,0.0,0.17765270420428025,100.0,11,1,26.0,0,2.0,30.0,5000.0,0.0,1
50007,0,0,0.0,0.059956551418246545,0.0,7,1,26.0,0,2.0,13.0,1000.0,0.0,1
50008,1,2,1.0,0.036629515399476724,100.0,8,1,26.0,0,2.0,14.0,0.0,0.0,1
50009,1,1,0.5,0.06473594644840276,50000.0,15,1,31.0,0,2.0,20.0,0.0,0.0,1
50031,0,0,0.0,0.2005984440344066,5050.0,8,0,51.0,1,2.0,8.0,0.0,0.0,1
50032,1,1,0.5,0.054708015505814674,50.0,3,1,51.0,0,2.0,9.0,0.0,0.0,1
50033,0,0,0.0,0.6454163466695274,22140.58,4,1,51.0,1,2.0,13.0,0.0,0.0,1
50034,1,0,0.0,0.21930786438001665,10000.0,15,1,51.0,0,1.0,14.0,0.0,0.0,1
50035,0,0,0.0,0.32156171709302556,24096.86,11,0,0.0,0,1.0,17.0,0.0,0.0,1
50036,0,0,0.0,0.26417024558736957,24046.86,6,1,61.0,0,2.0,17.0,1000.0,0.0,1
50037,1,1,0.5,0.09386969575618301,0.0,6,1,51.0,0,2.0,7.0,0.0,0.0,1
50038,0,0,0.0,0.1643996015129097,28133.72,7,0,51.0,0,0.0,9.0,0.0,0.0,1
50039,2,1,0.5,0.051401385696049795,48193.72,6,0,51.0,0,2.0,13.0,400.0,0.0,1
50040,0,0,0.0,0.20384355313381974,50.0,13,1,51.0,0,1.0,38.0,1000.0,0.0,1
50051,0,0,0.0,0.06292226304616362,10000.0,4,1,52.0,0,2.0,12.0,0.0,0.0,1
50052,0,0,0.0,0.09806805923310778,400.0,4,0,51.0,0,2.0,7.0,0.0,0.0,1
50053,2,2,1.0,0.04366262301457898,0.0,10,1,51.0,0,2.0,10.0,1000.0,0.0,1
50054,0,0,0.0,0.17462360752401634,8093.72,12,0,51.0,0,2.0,12.0,600.0,0.0,1
50055,1,0,0.0,0.17773414089826156,0.0,9,1,51.0,0,2.0,14.0,1000.0,0.0,1
50056,0,0,0.0,0.23507823121823682,100.0,5,1,52.0,0,2.0,8.0,0.0,0.0,1
50057,2,2,1.0,0.03498933655316169,0.0,7,1,51.0,0,2.0,6.0,1500.0,0.0,1
50058,0,0,0.0,0.1828291911134668,100.0,5,1,52.0,0,2.0,17.0,0.0,0.0,1
50059,0,0,0.0,0.7265241872010656,0.0,17,1,51.0,0,2.0,18.0,1000.0,0.0,1
50060,0,0,0.0,0.0881896430083251,0.0,4,1,52.0,0,2.0,6.0,0.0,0.0,1
50091,2,2,1.0,0.047567348247406736,200.0,11,1,51.0,1,2.0,35.0,500.0,0.0,1
50092,1,2,1.0,0.02436770902889024,0.0,4,1,52.0,0,2.0,17.0,0.0,0.0,1
50093,0,0,0.0,0.1988466892026248,0.0,7,1,51.0,0,2.0,17.0,1000.0,0.0,1
50094,1,0,0.0,0.14022219825261567,0.0,6,1,51.0,0,2.0,12.0,0.0,0.0,1
50095,0,0,0.0,0.10332017108116404,0.0,8,1,51.0,1,2.0,22.0,1000.0,0.0,1
50096,0,0,0.0,0.13990797164531774,10000.0,2,0,51.0,0,2.0,5.0,0.0,0.0,1
50097,1,1,0.5,0.016579249098612567,0.0,5,1,52.0,0,2.0,7.0,0.0,0.0,1
50098,1,1,0.5,0.016240093542938806,100.0,2,1,51.0,0,1.0,6.0,400.0,0.0,1
50099,0,0,0.0,0.06344705753211628,10000.0,7,1,51.0,0,2.0,14.0,1000.0,0.0,1
50100,1,2,1.0,0.024942669498426922,0.0,5,1,52.0,0,2.0,20.0,0.0,0.0,1
50131,1,0,0.0,0.0952192456586183,0.0,12,1,51.0,0,2.0,11.0,0.0,0.0,1
50132,0,0,0.0,0.1101594558122883,0.0,4,0,51.0,0,2.0,13.0,0.0,0.0,1
50133,0,0,0.0,0.29927468700250054,70.0,7,1,52.0,0,2.0,21.0,0.0,0.0,1
50134,2,2,1.0,0.019759762882845405,0.0,5,0,51.0,0,2.0,16.0,0.0,0.0,1
50135,2,2,1.0,0.024929683053810287,0.0,6,0,16.0,0,2.0,8.0,0.0,0.0,1
50136,0,0,0.0,0.3488066763836502,200.0,16,1,51.0,0,2.0,31.0,4000.0,0.0,1
50137,0,0,0.0,0.05818102062554581,0.0,7,1,52.0,0,2.0,12.0,0.0,0.0,1
50138,0,0,0.0,0.13984909973471063,0.0,10,1,51.0,0,2.0,16.0,3000.0,0.0,1
50139,0,0,0.0,0.12471230183266539,60.0,4,1,52.0,0,2.0,24.0,1000.0,0.0,1
50151,0,0,0.0,0.3571428571428571,0.0,5,1,52.0,0,2.0,6.0,0.0,0.0,1
50152,0,0,0.0,0.08884158263574238,60.0,10,1,52.0,0,2.0,22.0,0.0,0.0,1
50153,0,1,0.5,0.05601918022960948,0.0,4,1,52.0,0,2.0,9.0,0.0,0.0,1
50154,1,1,0.5,0.0471669944901214,0.0,6,1,26.0,0,2.0,9.0,0.0,0.0,1
50155,0,0,0.0,0.29024475798116606,0.0,15,1,51.0,0,2.0,16.0,1000.0,0.0,1
50156,2,2,1.0,0.04834773016259571,0.0,4,1,51.0,0,2.0,14.0,0.0,0.0,1
50157,0,0,0.0,0.14655613222503222,50.0,11,1,51.0,0,2.0,32.0,300.0,0.0,1
50158,2,2,1.0,0.03757703291748084,0.0,4,1,0.0,0,2.0,5.0,0.0,0.0,1
50159,0,0,0.0,0.27367119744505536,100.0,19,1,51.0,0,2.0,49.0,400.0,0.0,1
50160,1,1,0.5,0.12173284738536483,0.0,3,1,22.0,0,2.0,6.0,0.0,0.0,1
50161,2,2,1.0,0.01905168206379589,100.0,17,1,51.0,0,2.0,18.0,1500.0,1.0,1
50162,0,0,0.0,0.06055454828875029,100.0,24,1,16.0,0,2.0,15.0,1500.0,0.0,1
50163,1,1,0.5,0.05755185763369943,100.0,2,1,0.0,0,2.0,5.0,0.0,0.0,1
50164,1,1,0.5,0.03862748918073801,200.0,11,1,52.0,0,0.0,24.0,0.0,0.0,1
50165,2,2,1.0,0.030404181659504585,150.0,4,1,0.0,0,2.0,9.0,1200.0,0.0,1
50166,2,2,1.0,0.012424609271484992,100.0,13,1,51.0,0,2.0,25.0,0.0,0.0,1
50167,1,1,0.5,0.059197411091313525,100.0,9,1,51.0,0,2.0,13.0,0.0,0.0,1
50168,1,1,0.5,0.019640535620763653,50.0,11,1,51.0,0,0.0,16.0,0.0,0.0,1
50169,1,1,0.5,0.026841085090959567,70.0,10,1,52.0,0,2.0,18.0,16500.0,0.0,1
50170,1,2,1.0,0.03329198872343524,50.0,7,1,51.0,1,2.0,11.0,0.0,0.0,1
59009,0,0,0.0,0.15710623314637592,350.0,6,1,42.0,0,2.0,49.0,0.0,0.0,1
59010,1,0,0.0,0.11368013555932083,100.0,3,1,42.0,0,2.0,20.0,0.0,0.0,1
59012,2,2,1.0,0.038081094650547216,0.0,5,0,26.0,0,2.0,15.0,0.0,0.0,1
59013,0,0,0.0,0.0725088046405635,8093.72,7,1,23.0,1,2.0,9.0,600.0,0.0,2
59014,1,1,0.5,0.026950026950026948,0.0,3,0,61.0,0,2.0,7.0,0.0,0.0,1
59015,0,0,0.0,0.14629932700193027,100.0,5,0,61.0,0,2.0,15.0,0.0,0.0,1
59016,0,0,0.0,0.8042793640648631,10000.0,6,1,41.0,0,2.0,20.0,0.0,0.0,1
59017,2,2,1.0,0.040191736019576055,50.0,3,1,0.0,0,2.0,7.0,1000.0,0.0,1
59018,0,1,0.5,0.0578979284545084,0.0,7,1,26.0,0,2.0,16.0,0.0,0.0,1
59021,1,0,0.0,0.06386282037757993,30234.300000000003,5,1,26.0,0,2.0,17.0,0.0,0.0,1
59022,1,1,0.5,0.08107067436301435,100.0,9,0,16.0,0,2.0,11.0,0.0,0.0,1
59023,0,0,0.0,0.05925506292839261,4046.86,5,0,26.0,0,2.0,11.0,0.0,0.0,1
59024,0,0,0.0,0.3253334339818523,100.0,4,1,26.0,0,2.0,13.0,1000.0,0.0,1
59025,2,2,1.0,0.01713205844028977,100.0,11,1,61.0,0,0.0,16.0,0.0,0.0,1
59026,2,2,1.0,0.01694743710849115,80.0,10,1,42.0,0,0.0,12.0,0.0,0.0,1
59027,2,2,1.0,0.015829021143446698,100.0,7,1,51.0,0,2.0,12.0,0.0,0.0,1
59028,1,1,0.5,0.06557030251071155,50.0,12,1,51.0,0,2.0,18.0,0.0,0.0,1
59030,2,2,1.0,0.04746109862180197,100.0,9,1,61.0,0,0.0,21.0,0.0,0.0,1
59031,2,1,0.5,0.03513513327424213,100.0,8,1,26.0,0,2.0,15.0,0.0,0.0,1
59032,2,2,1.0,0.02414973904682598,100.0,17,1,13.0,0,2.0,21.0,2000.0,0.0,1
59034,2,2,1.0,0.023432189169842993,80.0,16,1,26.0,0,2.0,16.0,800.0,0.0,1
59035,2,2,1.0,0.02569306212764665,100.0,12,1,51.0,0,1.0,13.0,0.0,0.0,1
59036,2,2,1.0,0.027133879841104432,60.0,8,1,13.0,0,2.0,10.0,0.0,0.0,1
59037,1,1,0.5,0.08005276065357911,50.0,11,1,0.0,0,2.0,13.0,0.0,0.0,1
59039,1,1,0.5,0.03464501340606149,60.0,3,1,51.0,0,0.0,8.0,0.0,0.0,1
59040,2,2,1.0,0.012827563541058642,50.0,3,1,0.0,0,2.0,7.0,0.0,0.0,1
59041,2,2,1.0,0.007424322855417905,50.0,11,1,51.0,0,1.0,22.0,0.0,0.0,1
59042,2,2,1.0,0.0193130210264642,650.0,10,1,0.0,0,2.0,6.0,800.0,0.0,1
59043,2,2,1.0,0.022826242962699146,50.0,4,1,51.0,0,0.0,7.0,0.0,0.0,1
59044,2,2,1.0,0.03880009853542009,100.0,6,1,51.0,0,2.0,9.0,0.0,0.0,1
59046,2,2,1.0,0.010219454026496084,100.0,6,1,26.0,0,2.0,13.0,400.0,0.0,1
59047,1,1,0.5,0.06373428061127406,75.0,10,1,0.0,0,2.0,14.0,3500.0,0.0,1
59048,2,2,1.0,0.019209193860865385,100.0,6,1,22.0,0,2.0,14.0,500.0,0.0,1
59049,1,1,0.5,0.016559570441441837,100.0,10,1,51.0,0,0.0,33.0,0.0,0.0,1
59050,2,2,1.0,0.042527286713048125,45.0,12,1,12.0,0,2.0,22.0,5000.0,0.0,1
59052,0,0,0.0,0.1922942451576813,50.0,8,1,0.0,0,2.0,11.0,1500.0,0.0,1
59053,1,1,0.5,0.08237011340384992,100.0,11,1,51.0,0,0.0,17.0,2500.0,0.0,1
59054,1,1,0.5,0.0847767672101774,50.0,8,1,0.0,0,2.0,8.0,2500.0,0.0,1
59056,2,2,1.0,0.014827755454183722,50.0,3,1,0.0,0,2.0,7.0,1000.0,0.0,1
59057,1,1,0.5,0.2713968996938925,50.0,5,1,0.0,0,2.0,10.0,3500.0,0.0,1
59058,0,0,0.0,0.12266031826981467,60.0,13,1,51.0,0,2.0,13.0,6000.0,0.0,1
59059,2,2,1.0,0.05102653943415588,0.0,10,1,0.0,0,2.0,17.0,3000.0,0.0,1
59060,1,1,0.5,0.0298190255750677,50.0,8,1,51.0,0,0.0,10.0,0.0,0.0,1
59062,2,2,1.0,0.007478066829322972,100.0,4,1,51.0,0,2.0,8.0,0.0,0.0,1
59063,0,0,0.0,0.11503009799794982,100.0,12,1,51.0,0,2.0,20.0,6000.0,0.0,1
59064,1,1,0.5,0.009645742463381467,100.0,9,1,51.0,0,0.0,16.0,0.0,0.0,1
59066,2,2,1.0,0.01950664308111076,50.0,10,1,51.0,0,2.0,17.0,3000.0,0.0,1
59067,1,1,0.5,0.004904557314656779,50.0,3,1,51.0,0,0.0,11.0,0.0,0.0,1
59068,1,1,0.5,0.027857195436142804,50.0,18,1,51.0,0,2.0,35.0,1000.0,0.0,1
59069,2,2,1.0,0.0340223721967862,70.0,10,1,16.0,0,2.0,15.0,1500.0,0.0,1
59070,2,2,1.0,0.043352793484318176,65.0,10,1,51.0,0,1.0,9.0,0.0,0.0,1
59071,1,1,0.5,0.025633817664364348,60.0,6,1,0.0,0,2.0,13.0,0.0,0.0,1
59072,2,2,1.0,0.032185081466588356,50.0,12,1,16.0,0,2.0,27.0,1500.0,0.0,1
59073,0,0,0.0,0.10213410466096297,0.0,12,1,51.0,0,2.0,16.0,2000.0,0.0,1
59075,0,0,0.0,0.25342074202838194,20000.0,14,1,51.0,1,2.0,12.0,2000.0,0.0,1
59076,0,0,0.0,0.11809809850702048,0.0,10,1,51.0,0,2.0,13.0,2000.0,0.0,1
59077,0,0,0.0,0.46594175076076055,50.0,7,1,51.0,0,2.0,8.0,2000.0,0.0,1
59078,0,0,0.0,0.47133097723398926,10000.0,8,1,51.0,1,2.0,7.0,0.0,0.0,1
59079,1,1,0.5,0.047220587260042614,0.0,7,1,23.0,0,2.0,13.0,0.0,0.0,1
59080,0,0,0.0,0.12175133654889395,100.0,8,1,52.0,0,2.0,10.0,0.0,0.0,1
59081,1,0,0.0,0.37196845707484005,0.0,7,0,51.0,0,2.0,9.0,0.0,0.0,1
59083,1,1,0.5,0.07603616556529433,0.0,4,1,51.0,0,2.0,9.0,0.0,0.0,1
59084,0,0,0.0,0.11066069492064987,0.0,3,1,52.0,0,2.0,12.0,0.0,0.0,1
59085,2,1,0.5,0.007028782331261254,100.0,5,1,0.0,0,2.0,3.0,0.0,0.0,1
59086,0,0,0.0,0.05495734620213765,100.0,18,1,51.0,0,2.0,27.0,0.0,0.0,1
59087,1,1,0.5,0.010822660112615876,100.0,7,0,51.0,0,0.0,10.0,0.0,0.0,1
59088,2,2,1.0,0.021395075945673143,100.0,10,1,0.0,0,2.0,11.0,0.0,0.0,1
59089,1,1,0.5,0.004653707859568971,100.0,8,1,51.0,0,2.0,12.0,0.0,0.0,1
59090,2,2,1.0,0.011516225688824988,850.0,8,1,0.0,0,2.0,7.0,0.0,0.0,1
59092,2,2,1.0,0.03559803709971627,50.0,4,1,0.0,0,2.0,12.0,0.0,0.0,1
59093,2,2,1.0,0.01556807425513651,100.0,12,1,0.0,0,2.0,13.0,0.0,0.0,1
59094,2,2,1.0,0.013992743418666496,50.0,2,0,0.0,0,2.0,6.0,0.0,0.0,1
59095,1,1,0.5,0.013226062596651347,80.0,14,1,51.0,0,0.0,6.0,0.0,0.0,1
59097,0,0,0.0,0.08846281932590086,70.0,5,1,16.0,0,1.0,11.0,0.0,0.0,1
59098,1,1,0.5,0.057303220535477574,60.0,4,1,41.0,0,2.0,5.0,1000.0,0.0,1
59099,2,2,1.0,0.011206885748818623,50.0,14,1,51.0,0,1.0,21.0,0.0,0.0,1
59101,1,1,0.5,0.05465328447538927,50.0,4,1,51.0,0,0.0,12.0,0.0,0.0,1
59102,2,2,1.0,0.04394138344724552,100.0,9,1,51.0,0,2.0,15.0,300.0,0.0,1
59103,1,1,0.5,0.030600171638351215,70.0,8,1,26.0,0,2.0,7.0,400.0,0.0,1
59104,2,2,1.0,0.038335064400747805,50.0,8,1,23.0,0,2.0,17.0,400.0,0.0,1
59105,2,2,1.0,0.04049275984705828,50.0,7,0,26.0,0,2.0,17.0,0.0,0.0,1
59106,1,1,0.5,0.13915560379616487,80.0,8,0,51.0,0,2.0,7.0,0.0,0.0,1
59108,2,2,1.0,0.03133211157852382,100.0,6,1,16.0,0,2.0,10.0,800.0,0.0,1
59110,2,2,1.0,0.051301443002386406,100.0,7,0,51.0,0,0.0,8.0,0.0,0.0,1
59111,1,0,0.0,0.08166633998057025,45.0,7,0,51.0,0,0.0,10.0,0.0,0.0,1
59112,1,1,0.5,0.08871311934099677,50.0,9,0,0.0,0,2.0,10.0,0.0,0.0,1
59113,2,2,1.0,0.0495344452238987,100.0,6,0,51.0,0,0.0,13.0,0.0,0.0,1
59115,2,2,1.0,0.027968987337346218,55.0,12,0,52.0,0,2.0,10.0,0.0,0.0,1
59116,1,1,0.5,0.10365801021880672,50.0,4,0,51.0,0,0.0,9.0,0.0,0.0,1
59117,1,1,0.5,0.05739621764722487,100.0,6,0,52.0,0,2.0,8.0,0.0,0.0,1
59118,0,0,0.0,0.0921328685615609,100.0,11,0,51.0,0,2.0,23.0,0.0,0.0,1
59119,1,1,0.5,0.02300644180370504,50.0,8,0,51.0,0,2.0,14.0,0.0,0.0,1
59120,0,0,0.0,0.1345998538630158,50.0,8,0,51.0,0,2.0,17.0,0.0,0.0,1
59121,1,1,0.5,0.008034698010908082,100.0,11,0,0.0,0,2.0,8.0,0.0,0.0,1
59122,2,2,1.0,0.02565138101635576,100.0,11,0,23.0,0,2.0,20.0,0.0,0.0,1
59124,2,2,1.0,0.028256502111333036,91.0,8,0,51.0,0,0.0,6.0,0.0,0.0,1
59125,1,2,1.0,0.03442728274212443,100.0,13,0,51.0,0,2.0,15.0,0.0,0.0,1
59127,2,2,1.0,0.02100289117698579,50.0,10,0,51.0,0,0.0,10.0,0.0,0.0,1
59128,0,0,0.0,0.06761183029875809,100.0,12,0,16.0,0,2.0,16.0,0.0,0.0,1
59129,2,2,1.0,0.02017945901957202,100.0,6,0,23.0,0,2.0,16.0,0.0,0.0,1
59130,2,2,1.0,0.00975000766776566,600.0,2,0,51.0,0,2.0,8.0,0.0,0.0,1
59132,2,2,1.0,0.03383895909456825,100.0,14,0,51.0,0,1.0,37.0,0.0,0.0,1
59133,1,1,0.5,0.060306356289952956,70.0,10,1,51.0,0,0.0,13.0,0.0,0.0,1
59137,2,2,1.0,0.024214247663325097,50.0,9,1,26.0,0,2.0,8.0,1500.0,0.0,1
59138,1,1,0.5,0.09522114737526761,8093.72,8,0,51.0,0,2.0,9.0,0.0,0.0,1
59140,0,0,0.0,0.2872531418312388,50.0,7,1,42.0,0,0.0,13.0,800.0,0.0,1
59143,1,1,0.5,0.033381551129409145,50.0,9,1,51.0,0,0.0,9.0,0.0,0.0,1
59144,1,1,0.5,0.08167984619824067,50.0,8,1,26.0,0,2.0,21.0,0.0,1.0,1
59145,2,2,1.0,0.04883096742784291,100.0,14,0,34.0,0,1.0,19.0,0.0,0.0,1
59147,2,2,1.0,0.04678279135109971,80.0,7,0,16.0,0,0.0,8.0,0.0,0.0,1
59148,2,2,1.0,0.033131598710076426,50.0,4,0,26.0,0,2.0,13.0,0.0,0.0,1
59149,0,0,0.0,0.2449129409044611,100.0,11,0,26.0,0,2.0,23.0,0.0,0.0,1
59150,1,0,0.0,0.20407054722432882,50.0,8,0,26.0,0,2.0,12.0,0.0,0.0,1
59151,2,2,1.0,0.037429819089207735,50.0,11,0,52.0,0,2.0,17.0,0.0,0.0,1
59153,1,0,0.0,0.296759390153148,70.0,13,0,41.0,0,2.0,19.0,0.0,0.0,1
59154,1,1,0.5,0.11792125634693822,170.0,5,0,26.0,0,2.0,8.0,0.0,1.0,1
59155,1,1,0.5,0.2870541915890312,100.0,7,0,42.0,0,1.0,18.0,0.0,0.0,1
59156,2,2,1.0,0.0349320571488455,100.0,4,0,25.0,0,2.0,8.0,0.0,0.0,1
59157,0,0,0.0,0.37947679277774415,0.0,7,1,52.0,0,2.0,15.0,1500.0,0.0,1
59158,1,0,0.0,0.38818611878010656,0.0,6,1,34.0,0,2.0,15.0,1500.0,0.0,1
59159,1,1,0.5,0.04785245038726304,40050.0,9,1,51.0,0,2.0,31.0,400.0,0.0,1
59160,1,0,0.0,0.4167131597498776,0.0,17,1,42.0,1,2.0,31.0,0.0,0.0,1
59161,0,0,0.0,0.2398405823631792,10000.0,16,1,51.0,0,2.0,39.0,500.0,0.0,1
59162,1,0,0.0,0.18325767089627296,0.0,6,1,51.0,0,2.0,15.0,0.0,0.0,1
59163,1,1,0.5,0.007213476471337039,50050.0,10,1,26.0,1,2.0,43.0,0.0,0.0,1
59164,1,1,0.5,0.04952085056669166,0.0,9,1,52.0,0,2.0,20.0,0.0,0.0,1
59165,0,0,0.0,0.08010083378360185,0.0,9,1,51.0,0,2.0,17.0,500.0,0.0,1
59168,0,0,0.0,0.15756895349402947,70.0,12,1,51.0,1,2.0,26.0,500.0,0.0,1
59169,0,0,0.0,0.3895793374177003,0.0,6,0,26.0,0,2.0,10.0,0.0,0.0,1
59170,2,2,1.0,0.052059231837112446,0.0,7,0,16.0,0,2.0,6.0,0.0,0.0,1
59171,1,1,0.5,0.030406118426465487,0.0,4,0,34.0,0,2.0,14.0,0.0,0.0,1
59172,1,1,0.5,0.264956594014533,8093.72,4,0,13.0,0,2.0,6.0,0.0,0.0,1
59173,0,0,0.0,0.44525762712131095,250.0,7,0,34.0,1,2.0,20.0,0.0,0.0,1
59174,1,0,0.0,0.19905550190705953,4046.86,14,0,51.0,0,2.0,13.0,0.0,0.0,1
59175,1,0,0.0,0.20564085354460276,15100.0,6,0,52.0,0,2.0,26.0,0.0,0.0,1
59176,1,1,0.5,0.4763416957764369,0.0,8,0,16.0,0,2.0,11.0,0.0,0.0,1
59179,0,0,0.0,0.25820821398227006,4046.86,9,0,51.0,0,2.0,10.0,0.0,0.0,1
59180,0,0,0.0,0.44713430121119774,70.0,6,0,31.0,0,2.0,20.0,0.0,0.0,1
59182,0,0,0.0,0.10006581279671148,4046.86,5,0,51.0,0,2.0,6.0,0.0,0.0,1
59184,0,0,0.0,0.3873568996592347,0.0,12,0,52.0,0,2.0,13.0,0.0,0.0,1
59185,0,0,0.0,0.247092015242249,0.0,10,0,51.0,0,1.0,18.0,0.0,0.0,1
59186,0,0,0.0,0.1614046924227987,5050.0,6,0,41.0,0,2.0,14.0,0.0,0.0,1
59188,0,0,0.0,0.4389104250131402,50.0,4,0,51.0,0,2.0,18.0,0.0,0.0,1
59189,1,0,0.0,0.09676293285682425,25050.0,8,0,22.0,1,2.0,26.0,0.0,0.0,1
59190,0,0,0.0,0.12916803317897052,0.0,7,0,51.0,0,2.0,15.0,0.0,0.0,1
59191,0,0,0.0,0.10532714755482524,0.0,11,0,43.0,0,2.0,21.0,0.0,0.0,1
59192,1,1,0.5,0.19413348149010543,4046.86,4,0,26.0,0,2.0,11.0,0.0,0.0,1
59212,2,2,1.0,0.020389595742718907,50.0,9,0,16.0,0,2.0,13.0,0.0,1.0,1
60001,1,1,0.5,0.4715868898844612,0.0,1,0,34.0,0,2.0,7.0,0.0,0.0,4
60002,1,0,0.0,1.1049588095910425,560.0,7,0,26.0,0,2.0,9.0,0.0,0.0,4
60004,1,1,0.5,0.03548971955406396,4896.860000000001,2,0,24.0,0,0.0,2.0,0.0,0.0,4
60006,0,0,0.0,0.34225171869884824,0.0,1,0,15.0,1,0.0,5.0,0.0,0.0,4
60031,0,0,0.0,0.16480980947986024,4046.86,8,0,25.0,0,2.0,10.0,0.0,0.0,4
60051,0,0,0.0,4.491055283293049,0.0,4,0,42.0,0,1.0,24.0,0.0,0.0,4
60052,1,1,0.5,0.39401103230890466,150.0,8,0,35.0,1,2.0,31.0,0.0,0.0,4
60053,0,0,0.0,0.12434550175247888,1350.0,6,0,26.0,0,2.0,16.0,0.0,0.0,4
60054,0,0,0.0,0.8050456265647183,0.0,1,0,2.0,0,2.0,8.0,0.0,0.0,4
60058,0,0,0.0,0.6489292667099286,1500.0,6,0,34.0,0,2.0,12.0,400.0,0.0,4
60059,2,2,1.0,0.012741090058047005,0.0,2,0,35.0,0,2.0,16.0,0.0,0.0,4
69025,0,0,0.0,0.4099200655872105,4046.86,4,0,42.0,0,2.0,23.0,0.0,0.0,4
69026,0,0,0.0,0.16839552741479188,0.0,11,0,26.0,0,2.0,18.0,5000.0,0.0,4
69027,1,1,0.5,8.452638808177928,4046.86,9,0,42.0,0,2.0,16.0,0.0,0.0,4
69028,0,0,0.0,0.15882926269335756,6070.29,4,0,26.0,0,2.0,12.0,0.0,0.0,4
69029,0,0,0.0,0.9883864591055103,8093.72,5,0,26.0,0,2.0,23.0,6000.0,0.0,4
69030,1,1,0.5,1.452608643021426,4406.860000000001,9,0,26.0,0,2.0,5.0,0.0,0.0,4
69031,1,1,0.5,6.576178451178451,0.0,8,0,26.0,0,2.0,10.0,3000.0,0.0,4
69033,1,1,0.5,1.2837366623168203,30234.3,6,0,21.0,0,1.0,4.0,0.0,0.0,4
69036,1,0,0.0,0.6507345165855959,12140.58,7,0,26.0,1,1.0,10.0,0.0,0.0,4
69037,0,0,0.0,1.3034444471652016,0.0,12,0,42.0,0,2.0,26.0,800.0,0.0,4
69038,1,0,0.0,0.6963788300835655,300.0,10,0,42.0,0,2.0,13.0,650.0,0.0,4
69042,1,0,0.0,0.12040529381569845,4046.86,7,0,26.0,0,2.0,13.0,0.0,0.0,4
69045,0,0,0.0,0.21369839195630747,12140.58,3,0,26.0,0,2.0,10.0,0.0,0.0,4
69046,0,0,0.0,1.0880998150230314,0.0,5,0,42.0,0,2.0,14.0,500.0,0.0,4
69047,1,0,0.0,0.20248767610275126,20234.3,9,0,42.0,0,2.0,13.0,0.0,0.0,4
70012,0,0,0.0,0.2954810960144714,26187.440000000002,2,1,32.0,0,2.0,6.0,1200.0,0.0,0
70013,0,0,0.0,0.12324201437436515,2049.0,5,0,24.0,0,2.0,10.0,1000.0,0.0,0
70015,0,0,0.0,0.2296273015991633,5192.0,8,1,16.0,0,2.0,18.0,1500.0,0.0,0
70016,0,0,0.0,0.092575520206206,0.0,4,0,0.0,0,2.0,9.0,0.0,0.0,0
70018,0,0,0.0,0.25295563241689956,0.0,4,1,26.0,1,2.0,13.0,1000.0,0.0,0
70020,0,0,0.0,0.26144225195914916,16187.44,6,0,26.0,0,2.0,6.0,1000.0,1.0,0
70062,0,0,0.0,0.44513687959047404,18093.72,9,0,23.0,0,2.0,8.0,0.0,0.0,0
70063,0,0,0.0,0.2360029743488369,16187.44,7,0,16.0,0,2.0,17.0,1000.0,1.0,0
70064,0,0,0.0,0.0987726107175294,4046.86,6,0,23.0,0,2.0,5.0,0.0,0.0,0
70066,0,0,0.0,0.2270147566389507,0.0,4,0,41.0,0,2.0,6.0,900.0,0.0,0
70067,0,0,0.0,0.1933562782783557,0.0,7,0,26.0,0,2.0,15.0,0.0,1.0,0
70069,0,0,0.0,0.20026778401969297,900.0,2,0,16.0,0,2.0,5.0,0.0,0.0,0
70070,0,0,0.0,0.29160191142486275,595.0,5,0,23.0,0,1.0,9.0,900.0,0.0,0
70121,0,0,0.0,1.143811334606024,0.0,7,0,25.0,0,2.0,14.0,1500.0,0.0,0
70122,0,0,0.0,0.2265674980646112,0.0,3,0,16.0,0,2.0,4.0,0.0,0.0,0
70123,0,0,0.0,0.6417941996268016,10000.0,1,0,26.0,0,0.0,4.0,1000.0,0.0,0
70124,0,0,0.0,0.7988305121905975,0.0,6,1,34.0,0,2.0,16.0,1000.0,0.0,0
70125,0,0,0.0,0.12659394047997338,0.0,7,0,22.0,0,0.0,25.0,0.0,0.0,0
70126,0,0,0.0,0.18814796219252905,0.0,1,0,0.0,0,0.0,14.0,1000.0,0.0,0
70127,1,1,0.5,0.009720868771396479,0.0,2,1,26.0,0,2.0,7.0,2000.0,0.0,0
70129,0,0,0.0,0.15963989076284363,0.0,2,0,26.0,1,2.0,11.0,800.0,0.0,0
70131,0,0,0.0,3.099254213588951,0.0,4,0,16.0,0,2.0,13.0,0.0,0.0,0
70132,0,0,0.0,0.10718834017263336,0.0,8,0,25.0,0,1.0,11.0,0.0,0.0,0
70133,0,0,0.0,0.2903933412831051,0.0,2,0,41.0,0,2.0,9.0,0.0,0.0,0
70134,0,0,0.0,0.1593884103517648,0.0,3,0,13.0,0,0.0,16.0,0.0,0.0,0
70136,0,0,0.0,0.29604669264350686,0.0,4,0,26.0,0,2.0,23.0,0.0,0.0,0
70137,1,1,0.5,0.01316992866288641,0.0,6,0,26.0,0,1.0,0.0,0.0,0.0,0
70139,1,1,0.5,0.0296333884575293,0.0,6,0,25.0,0,2.0,13.0,0.0,0.0,0
70152,0,0,0.0,0.14851531100034343,0.0,7,0,23.0,1,0.0,4.0,0.0,0.0,0
70153,0,0,0.0,0.9316905396586166,50180.0,7,1,26.0,0,2.0,22.0,400.0,0.0,0
70157,0,0,0.0,0.15983377287620876,30150.0,7,1,26.0,0,2.0,31.0,400.0,0.0,0
70160,1,0,0.0,0.10848493315808945,20120.0,4,1,41.0,0,2.0,48.0,800.0,0.0,0
79004,0,0,0.0,0.07598821204047591,0.0,4,0,15.0,0,2.0,9.0,500.0,0.0,0
79010,0,0,0.0,0.1053929851002937,0.0,8,0,31.0,0,2.0,22.0,0.0,0.0,0
79011,0,0,0.0,0.06207709975789931,4046.86,10,0,25.0,0,2.0,13.0,0.0,0.0,0
79015,0,0,0.0,0.7358091061512702,0.0,2,0,26.0,0,0.0,12.0,3000.0,0.0,0
79016,1,0,0.0,0.6193799115224466,4046.86,5,0,16.0,0,0.0,18.0,3000.0,0.0,0
79018,0,0,0.0,1.1948268392291586,0.0,3,0,16.0,0,0.0,20.0,3000.0,0.0,0
79019,0,0,0.0,0.1332077258175239,20000.0,2,0,16.0,0,0.0,9.0,3000.0,0.0,0
79020,0,0,0.0,2.3128248632904644,0.0,5,0,26.0,0,2.0,6.0,3000.0,0.0,0
79021,0,0,0.0,0.3044079950173044,0.0,5,0,26.0,0,0.0,10.0,3000.0,0.0,0
79023,0,0,0.0,2.5464081690645792,0.0,10,1,26.0,0,0.0,10.0,0.0,0.0,0
79025,0,0,0.0,0.41016920094528636,8093.72,8,0,41.0,0,2.0,5.0,0.0,0.0,0
79026,0,0,0.0,0.19164496052801339,1225.0,4,0,23.0,0,2.0,3.0,0.0,0.0,0
79028,0,0,0.0,0.13979611484377935,20618.0,5,0,26.0,0,2.0,9.0,0.0,0.0,0
79029,1,0,0.0,0.6225433212198389,20000.0,4,0,24.0,0,2.0,10.0,0.0,0.0,0
79030,0,0,0.0,0.42859591976684386,12140.58,5,0,11.0,0,2.0,15.0,0.0,0.0,0
79032,0,0,0.0,0.08454514710855597,30255.0,9,0,22.0,0,2.0,10.0,0.0,0.0,0
79033,0,0,0.0,0.058320222541640106,18093.72,2,0,26.0,0,1.0,2.0,0.0,0.0,0
79034,0,0,0.0,0.8833139446210904,12140.58,3,0,22.0,0,2.0,3.0,0.0,0.0,0
79035,0,0,0.0,0.6972288231050404,12140.58,5,0,26.0,0,2.0,17.0,0.0,0.0,0
79036,0,0,0.0,1.4188562920079444,12140.58,5,0,23.0,0,1.0,4.0,0.0,0.0,0
79038,0,0,0.0,0.11545675330607007,1365.0,8,1,43.0,0,1.0,31.0,1200.0,0.0,0
79039,0,0,0.0,0.20431990848408865,0.0,8,1,23.0,0,1.0,13.0,2500.0,1.0,0
79042,0,0,0.0,0.3267315395394274,12140.58,5,0,26.0,0,2.0,20.0,0.0,0.0,0
79043,0,0,0.0,0.44651976448624914,0.0,5,1,26.0,0,2.0,12.0,1000.0,1.0,0
79045,0,0,0.0,0.5009367038551452,430.0,6,1,41.0,0,0.0,5.0,1500.0,0.0,0
79047,0,0,0.0,0.2876445274907353,12140.58,10,1,41.0,0,2.0,17.0,400.0,0.0,0
79061,0,0,0.0,0.17772119465369254,0.0,2,1,41.0,0,2.0,15.0,1000.0,0.0,0
79062,0,0,0.0,0.13768480798289928,0.0,5,1,26.0,0,2.0,8.0,1600.0,0.0,0
79064,0,0,0.0,0.43639241608755197,4046.86,8,0,26.0,0,2.0,25.0,0.0,0.0,0
79065,0,0,0.0,1.1639401040961002,10000.0,2,1,21.0,0,0.0,14.0,1000.0,0.0,0
79067,0,0,0.0,0.22737764879240188,30000.0,2,1,0.0,0,0.0,12.0,1000.0,0.0,0
79068,0,0,0.0,0.33708825594821673,0.0,1,0,0.0,0,2.0,10.0,3000.0,0.0,0
79069,1,1,0.5,0.07212948874284898,0.0,8,0,26.0,1,1.0,17.0,1000.0,0.0,0
79070,1,1,0.5,0.005480951888822651,0.0,6,0,41.0,0,2.0,18.0,0.0,0.0,0
79073,0,0,0.0,0.38271704271228163,0.0,3,0,24.0,0,0.0,9.0,0.0,0.0,0
79075,0,0,0.0,0.9381723015311678,0.0,3,0,26.0,0,0.0,25.0,0.0,0.0,0
79077,0,0,0.0,0.15387149874057868,0.0,5,0,14.0,0,2.0,12.0,0.0,0.0,0
79078,1,1,0.5,0.014799355261806023,10000.0,3,0,26.0,0,0.0,9.0,0.0,0.0,0
79080,0,0,0.0,0.1762786508057742,0.0,4,0,25.0,0,2.0,13.0,0.0,0.0,0
79082,0,0,0.0,0.5311881940870132,0.0,3,0,26.0,0,0.0,17.0,0.0,0.0,0
79083,0,0,0.0,0.20767048138871824,10000.0,5,0,21.0,0,1.0,14.0,0.0,0.0,0
79085,0,0,0.0,0.48651542565593975,50.0,2,0,26.0,0,1.0,5.0,0.0,0.0,0
79088,1,1,0.5,0.017724327757353973,0.0,1,0,41.0,0,2.0,12.0,0.0,0.0,0
79091,0,0,0.0,0.18710965275478134,0.0,6,0,41.0,0,1.0,14.0,0.0,0.0,0
79092,0,0,0.0,0.07588076082474572,0.0,5,0,26.0,0,0.0,1.0,400.0,0.0,0
79094,0,0,0.0,0.08745432190424633,0.0,7,0,24.0,0,2.0,6.0,0.0,0.0,0
79095,0,0,0.0,0.3490322600437099,0.0,7,1,26.0,0,1.0,9.0,700.0,0.0,0
79096,0,0,0.0,0.0629532634971797,0.0,14,0,41.0,0,2.0,22.0,500.0,0.0,0
79097,1,0,0.0,0.6229063278538748,0.0,8,1,34.0,0,2.0,22.0,0.0,0.0,0
79098,1,1,0.5,0.1412722118978971,0.0,1,0,0.0,0,2.0,6.0,0.0,0.0,0
79099,0,0,0.0,0.4167307954889464,0.0,7,0,26.0,0,0.0,12.0,0.0,0.0,0
79102,1,1,0.5,0.05129274531682257,0.0,1,0,0.0,0,0.0,17.0,0.0,0.0,0
79104,1,2,1.0,0.011931886640108311,100.0,3,0,26.0,0,2.0,2.0,500.0,0.0,0
79105,0,0,0.0,1.067823573815084,0.0,3,0,41.0,0,2.0,16.0,1000.0,0.0,0
79106,2,2,1.0,0.05137470262342175,0.0,1,0,0.0,0,2.0,7.0,0.0,0.0,0
79108,0,0,0.0,0.12035996228175107,0.0,6,1,26.0,0,2.0,12.0,1200.0,0.0,0
79109,0,0,0.0,0.4637155131508209,4046.86,9,1,26.0,0,2.0,30.0,0.0,0.0,0
79110,0,0,0.0,0.19932994043976626,0.0,3,0,26.0,1,2.0,22.0,500.0,0.0,0
79111,1,1,0.5,0.0493226913909279,10000.0,9,1,24.0,0,2.0,8.0,0.0,0.0,0
79112,0,0,0.0,0.5271429670713988,8093.72,9,0,26.0,0,2.0,29.0,700.0,0.0,0
79113,0,0,0.0,0.089353044178742,0.0,1,0,26.0,0,2.0,14.0,0.0,0.0,0
79114,0,0,0.0,0.22652594801642703,0.0,1,0,26.0,0,2.0,5.0,0.0,0.0,0
79116,1,0,0.0,0.516070423190311,50000.0,7,0,26.0,0,2.0,15.0,0.0,0.0,0
79117,1,1,0.5,2.026562955166511,0.0,6,1,26.0,0,0.0,9.0,0.0,0.0,0
79119,0,0,0.0,0.633374526735191,10100.0,11,1,26.0,0,2.0,38.0,1200.0,0.0,0
79120,1,1,0.5,0.013350204651736575,0.0,11,1,26.0,0,2.0,16.0,0.0,0.0,0
79121,0,0,0.0,1.798588389149225,0.0,6,1,41.0,0,2.0,11.0,800.0,0.0,0
79122,0,0,0.0,0.9415586258414654,1072.0,9,1,32.0,0,2.0,8.0,1800.0,0.0,0
79123,0,0,0.0,0.6630985630133912,34046.86,6,1,26.0,0,2.0,17.0,1000.0,0.0,0
79124,0,0,0.0,0.6662006806233772,450.0,8,1,26.0,0,2.0,23.0,800.0,0.0,0
79125,0,0,0.0,0.6825351415027597,22140.58,7,1,23.0,0,2.0,9.0,1000.0,0.0,0
79127,0,0,0.0,0.9215021307439083,54046.86,6,1,26.0,0,2.0,10.0,6000.0,0.0,0
79128,0,0,0.0,0.6407621421751752,0.0,4,1,32.0,0,2.0,13.0,1500.0,0.0,0
79129,0,0,0.0,0.22224413576795582,0.0,3,1,26.0,0,2.0,3.0,2500.0,0.0,0
79131,0,0,0.0,1.5877956490483154,505.0,1,1,16.0,0,2.0,5.0,800.0,0.0,0
79132,0,0,0.0,0.1505854936379008,16187.44,6,1,16.0,0,1.0,18.0,0.0,0.0,0
79133,0,0,0.0,0.7313062216883632,12140.58,4,0,26.0,0,2.0,16.0,0.0,0.0,0
79134,0,0,0.0,0.3773706503042043,776.0,7,1,22.0,0,1.0,8.0,800.0,0.0,0
79136,0,0,0.0,0.4334254384069359,16187.44,4,0,23.0,0,2.0,6.0,0.0,0.0,0
79137,0,0,0.0,0.20229606028422598,4046.86,1,0,32.0,0,1.0,9.0,1500.0,0.0,0
79138,0,0,0.0,0.12579433331455284,10000.0,6,1,26.0,0,2.0,21.0,1000.0,0.0,0
79139,0,0,0.0,0.08887622937233075,16187.44,3,0,34.0,0,1.0,8.0,1000.0,0.0,0
79140,0,0,0.0,0.08703301547460635,0.0,1,0,0.0,0,1.0,6.0,0.0,0.0,0
79141,0,0,0.0,0.2426121230440217,389.0,4,0,16.0,0,2.0,13.0,1000.0,0.0,0
79142,0,0,0.0,0.23838975762466907,0.0,2,0,0.0,0,1.0,7.0,0.0,0.0,0
79143,0,0,0.0,0.6380349624699911,638.0,7,1,26.0,0,2.0,26.0,1500.0,1.0,0
80011,1,1,0.5,0.007412132313938339,0.0,4,0,0.0,0,2.0,6.0,0.0,0.0,1
80015,1,1,0.5,0.0005765883480599905,0.0,8,0,0.0,0,0.0,10.0,0.0,0.0,1
80017,2,2,1.0,0.008497636650433092,25.0,8,0,0.0,0,0.0,14.0,0.0,0.0,1
80018,2,1,0.5,0.035958608979655096,0.0,9,0,0.0,0,0.0,3.0,0.0,0.0,1
80019,1,1,0.5,0.0077635486271675795,0.0,6,0,0.0,0,2.0,8.0,0.0,0.0,1
80020,2,2,1.0,0.002630315706818935,2023.43,14,0,26.0,0,2.0,22.0,0.0,0.0,1
80091,0,0,0.0,0.275321449340281,0.0,8,1,42.0,0,2.0,23.0,2000.0,0.0,1
80095,0,0,0.0,0.07352305163913156,0.0,15,1,41.0,1,2.0,42.0,1500.0,0.0,1
80097,1,1,0.5,0.0495889674520643,12140.58,5,1,43.0,0,2.0,16.0,35000.0,0.0,1
80098,0,0,0.0,0.18265015925711423,0.0,12,1,34.0,0,2.0,31.0,2000.0,0.0,1
80102,2,1,0.5,0.0344241945853653,36421.740000000005,11,1,34.0,0,0.0,23.0,3000.0,0.0,1
80103,0,0,0.0,0.0806297645179505,12140.58,16,1,16.0,0,0.0,25.0,3000.0,0.0,1
80104,0,0,0.0,0.34556066731924817,4046.86,14,1,26.0,0,0.0,25.0,10000.0,0.0,1
80105,0,0,0.0,0.07622387896210525,8093.72,8,1,22.0,0,2.0,10.0,0.0,0.0,1
80106,0,0,0.0,0.059208480125011405,0.0,2,1,16.0,0,1.0,3.0,3000.0,0.0,1
80107,0,0,0.0,0.0907833943439762,0.0,10,1,0.0,0,1.0,27.0,3000.0,0.0,1
80108,1,1,0.5,0.041872323772488514,0.0,9,1,21.0,0,1.0,22.0,2000.0,0.0,1
80109,2,2,1.0,0.03177124183594186,0.0,5,1,13.0,0,0.0,14.0,500.0,0.0,1
80110,2,2,1.0,0.014458615881155148,0.0,4,1,22.0,0,0.0,6.0,500.0,0.0,1
89005,1,1,0.5,0.061660372822179864,0.0,11,1,14.0,0,2.0,8.0,2000.0,0.0,1
89006,1,1,0.5,0.009828195009841341,0.0,9,0,26.0,0,2.0,17.0,0.0,0.0,1
89016,1,1,0.5,0.05127153404429861,225.0,8,1,42.0,1,0.0,15.0,1000.0,0.0,1
89017,2,2,1.0,0.0429607240325074,12140.58,7,0,0.0,0,2.0,7.0,500.0,0.0,1
89019,1,1,0.5,1.6753527344581103,0.0,6,0,0.0,0,2.0,12.0,500.0,0.0,1
89020,1,1,0.5,0.01423143928065889,0.0,9,1,26.0,0,2.0,8.0,500.0,0.0,1
89021,2,2,1.0,0.025460100385538663,20000.0,7,0,0.0,0,2.0,8.0,3000.0,0.0,1
89022,1,1,0.5,0.06444722692789276,12140.58,12,1,0.0,0,2.0,11.0,500.0,0.0,1
89028,2,2,1.0,0.01141986283889749,0.0,9,0,25.0,0,2.0,7.0,0.0,0.0,1
90002,1,1,0.5,0.31457594691021995,4046.86,2,1,22.0,0,1.0,8.0,0.0,0.0,4
90004,0,0,0.0,0.39658933174697597,0.0,7,0,26.0,0,2.0,12.0,0.0,0.0,4
90006,1,1,0.5,0.004971277065841803,250.0,3,0,26.0,0,0.0,4.0,0.0,0.0,4
90007,0,0,0.0,0.07396436291695907,8903.092,8,0,26.0,0,1.0,16.0,0.0,0.0,4
90009,0,0,0.0,1.685952849208642,0.0,3,1,41.0,0,0.0,26.0,2000.0,0.0,4
90041,1,1,0.5,0.1524714999661489,10200.0,6,0,26.0,0,1.0,6.0,3000.0,0.0,4
90043,1,1,0.5,0.03323583965956778,0.0,4,0,42.0,0,0.0,14.0,0.0,0.0,4
90044,0,0,0.0,0.09886216057040727,0.0,6,0,26.0,0,2.0,14.0,0.0,0.0,4
90096,1,1,0.5,0.0264847022315553,0.0,5,1,23.0,0,1.0,7.0,400.0,0.0,4
99001,0,0,0.0,0.3556994021366811,0.0,6,0,28.0,0,2.0,11.0,3500.0,0.0,4
99002,1,1,0.5,14.42988487200808,0.0,1,0,0.0,0,0.0,1.0,0.0,0.0,4
99004,1,0,0.0,0.13207026640605574,20000.0,6,1,26.0,0,2.0,7.0,3800.0,0.0,4
99006,0,0,0.0,0.4604786007710347,0.0,6,0,41.0,0,0.0,21.0,0.0,0.0,0
99008,0,1,0.5,0.09211105835915873,0.0,3,0,23.0,0,2.0,13.0,0.0,0.0,4
99010,2,2,1.0,0.015572851948245228,10000.0,1,0,13.0,0,0.0,2.0,0.0,0.0,4
99011,1,1,0.5,0.14584808547966052,0.0,2,1,28.0,0,1.0,5.0,4000.0,0.0,4
99013,1,1,0.5,0.04542451208568645,4046.86,3,1,26.0,0,2.0,7.0,2500.0,0.0,4
99014,0,0,0.0,0.46334235431463194,16187.44,3,1,28.0,0,2.0,7.0,1200.0,0.0,4
99036,0,0,0.0,0.14088555781705736,300.0,6,0,26.0,0,0.0,19.0,0.0,0.0,4
99038,1,1,0.5,0.04222604704532416,20000.0,4,1,26.0,0,2.0,3.0,2800.0,0.0,4
99041,0,0,0.0,0.08324971386647836,0.0,2,1,28.0,0,1.0,4.0,2500.0,0.0,4
99044,2,2,1.0,0.04061362452294044,0.0,4,1,28.0,0,1.0,9.0,4000.0,0.0,4
99046,1,1,0.5,0.0027227183620126333,20000.0,2,0,26.0,0,0.0,19.0,400.0,0.0,4
99048,2,1,0.5,0.026875858135596196,0.0,5,0,26.0,0,2.0,9.0,0.0,0.0,4
99056,0,0,0.0,0.14368713687761603,0.0,6,1,26.0,0,1.0,14.0,4000.0,0.0,4
99061,0,0,0.0,0.7040797581300217,0.0,3,0,28.0,0,1.0,9.0,0.0,0.0,4
99065,0,0,0.0,0.061603702956145485,10000.0,1,0,16.0,0,0.0,5.0,0.0,0.0,4
99070,0,0,0.0,63.95294077256146,0.0,5,0,26.0,0,0.0,7.0,0.0,0.0,4
99088,1,1,0.5,0.1432921368439907,0.0,5,0,25.0,0,2.0,4.0,0.0,0.0,4
99096,0,0,0.0,98.39208623488173,0.0,4,0,25.0,0,1.0,14.0,0.0,0.0,4
100031,0,0,0.0,0.5502366017387477,10000.0,4,0,26.0,0,2.0,15.0,0.0,0.0,4
100032,0,0,0.0,0.08269736735832879,8093.72,4,0,16.0,0,2.0,15.0,0.0,0.0,4
100037,1,1,0.5,0.142055419151175,0.0,2,1,16.0,0,1.0,6.0,0.0,0.0,4
100040,0,0,0.0,0.15110255372801967,0.0,6,0,23.0,0,0.0,10.0,1000.0,0.0,4
109005,1,0,0.0,0.4733111665936979,100.0,4,0,41.0,0,1.0,10.0,0.0,0.0,4
109006,0,0,0.0,0.10098586885426312,0.0,5,0,41.0,0,2.0,14.0,0.0,0.0,4
109007,1,1,0.5,0.032257310488300876,14164.01,5,0,26.0,0,1.0,19.0,0.0,0.0,4
109008,1,1,0.5,0.781332608066117,0.0,2,0,41.0,0,1.0,5.0,0.0,0.0,4
109009,0,0,0.0,0.5200452137060224,0.0,6,0,41.0,0,2.0,26.0,0.0,0.0,4
109012,1,1,0.5,0.0596063003859508,8093.72,7,0,26.0,0,2.0,31.0,0.0,0.0,4
109014,1,0,0.0,4.515692029803567,0.0,5,0,26.0,0,2.0,19.0,0.0,0.0,4
109016,2,2,1.0,0.03464523281596452,0.0,6,0,26.0,0,0.0,9.0,3500.0,0.0,4
109018,0,0,0.0,0.06933676235139871,0.0,1,0,0.0,0,2.0,4.0,0.0,0.0,4
109019,0,0,0.0,0.8049455856784081,0.0,7,0,26.0,0,1.0,6.0,0.0,0.0,4
109020,0,0,0.0,0.37202380952380953,0.0,4,0,26.0,0,2.0,10.0,0.0,0.0,4
109021,0,0,0.0,1.717622810030917,0.0,9,0,26.0,1,1.0,18.0,0.0,0.0,4
109023,0,0,0.0,0.4957956528637157,0.0,3,0,26.0,0,2.0,7.0,0.0,0.0,4
109028,0,0,0.0,4.258218361437574,100.0,1,0,16.0,0,2.0,7.0,0.0,0.0,4
109029,0,0,0.0,5.939653124257543,0.0,2,0,23.0,0,2.0,5.0,0.0,0.0,4
109038,1,1,0.5,0.05505194506401076,0.0,5,1,26.0,0,0.0,10.0,2400.0,0.0,4
109040,0,0,0.0,0.38036874636800677,4046.86,2,0,16.0,0,0.0,20.0,0.0,0.0,4
109041,1,0,0.0,1.2057393191591979,0.0,4,0,26.0,0,2.0,13.0,0.0,0.0,4
109042,1,1,0.5,0.7968381462357366,0.0,2,0,16.0,0,2.0,4.0,0.0,0.0,4
109046,1,1,0.5,0.022917602893804116,0.0,4,0,26.0,0,2.0,9.0,0.0,0.0,4
109047,0,0,0.0,2.695999137280276,0.0,3,0,14.0,0,0.0,12.0,0.0,0.0,4
109048,0,0,0.0,0.26504108136761195,0.0,2,0,26.0,0,2.0,14.0,0.0,0.0,4
109049,1,1,0.5,0.040215555376819756,8093.72,8,0,26.0,1,2.0,25.0,0.0,0.0,4
109052,0,0,0.0,0.14940032370070136,0.0,7,0,24.0,0,2.0,7.0,0.0,0.0,4
109053,1,1,0.5,0.7942811755361397,0.0,4,0,26.0,0,2.0,8.0,0.0,0.0,4
109055,0,0,0.0,0.2066158391702308,0.0,2,0,26.0,0,2.0,18.0,0.0,0.0,4
109058,1,1,0.5,0.0122737035900583,4046.86,4,0,42.0,0,2.0,19.0,0.0,0.0,4
109061,0,0,0.0,2.6212319790301444,0.0,5,0,42.0,0,2.0,11.0,0.0,0.0,4
109062,0,0,0.0,0.09233276002534625,0.0,1,0,34.0,0,2.0,13.0,0.0,0.0,4
109068,0,0,0.0,0.13890818169190167,0.0,6,0,26.0,0,2.0,13.0,0.0,0.0,4
109074,0,0,0.0,0.5212398819579245,1350.0,7,0,32.0,0,2.0,28.0,0.0,0.0,4
109076,0,0,0.0,0.12908581983674408,600.0,7,0,26.0,0,2.0,7.0,0.0,0.0,4
109078,1,1,0.5,1.968496412288275,5046.860000000001,2,0,23.0,0,1.0,5.0,0.0,0.0,4
109080,0,0,0.0,0.778649413425118,1200.0,3,0,26.0,0,2.0,17.0,0.0,0.0,4
109082,1,1,0.5,0.16290086382422098,0.0,4,0,26.0,0,2.0,7.0,500.0,0.0,4
109083,0,0,0.0,0.06955390576495239,4046.86,6,0,26.0,0,2.0,9.0,0.0,0.0,4
109085,1,1,0.5,0.0231535077564251,4046.86,4,0,26.0,0,2.0,11.0,0.0,0.0,4
109087,0,0,0.0,0.34059945504087197,0.0,4,0,34.0,0,2.0,9.0,0.0,0.0,4
109088,1,1,0.5,0.01304376182090915,0.0,6,0,34.0,0,2.0,13.0,0.0,0.0,4
109091,1,1,0.5,0.022209718973022593,0.0,4,0,26.0,0,0.0,10.0,0.0,0.0,4
109092,1,1,0.5,0.01822644535711682,0.0,4,0,41.0,0,2.0,17.0,0.0,0.0,4
109093,1,2,1.0,0.022807246187931708,0.0,2,0,23.0,0,2.0,8.0,0.0,0.0,4
109095,0,0,0.0,0.2010589102607064,4046.86,6,0,26.0,1,2.0,38.0,0.0,0.0,4
109117,1,1,0.5,0.01005397684785974,4046.86,3,0,23.0,0,2.0,35.0,0.0,0.0,4
109122,0,0,0.0,0.11473894105983135,40468.6,7,0,43.0,0,2.0,35.0,0.0,0.0,4
109133,1,1,0.5,0.021854404063193368,0.0,7,0,31.0,0,2.0,22.0,0.0,0.0,4
109156,0,0,0.0,0.4356645102587662,0.0,7,0,26.0,0,2.0,14.0,0.0,0.0,4
109169,1,1,0.5,0.007344516583918446,0.0,7,0,34.0,1,2.0,18.0,0.0,0.0,4
109173,0,0,0.0,0.08271754714900187,0.0,4,0,26.0,0,2.0,30.0,1500.0,0.0,4
110021,0,0,0.0,0.7369293319886594,0.0,6,0,25.0,0,2.0,9.0,0.0,0.0,3
110022,1,0,0.0,0.34154863701701926,4046.86,7,0,26.0,0,0.0,12.0,0.0,0.0,3
110024,0,0,0.0,0.7290971990544242,3800.0,4,0,15.0,0,2.0,12.0,0.0,0.0,3
110025,1,1,0.5,0.040941414683972104,12140.58,8,0,26.0,0,0.0,17.0,0.0,0.0,3
110026,2,2,1.0,0.021934946272800626,5350.0,4,0,23.0,0,2.0,6.0,0.0,0.0,3
110027,0,0,0.0,0.1699731769260789,8093.72,8,0,23.0,0,2.0,13.0,0.0,0.0,3
110028,1,0,0.0,0.14881392743031413,1300.0,8,1,24.0,0,2.0,8.0,0.0,0.0,3
110029,1,0,0.0,0.25390280740943383,0.0,9,0,26.0,0,2.0,12.0,0.0,0.0,3
110081,0,0,0.0,0.6294883487959662,4600.0,6,1,21.0,0,2.0,4.0,1000.0,0.0,3
110082,0,0,0.0,0.7093759574737067,3000.0,6,0,23.0,0,2.0,5.0,0.0,0.0,3
110083,1,1,0.5,0.15191990206409803,8093.72,3,0,23.0,0,2.0,5.0,1400.0,0.0,3
110084,0,0,0.0,0.47486722078603627,0.0,4,1,15.0,0,2.0,16.0,2300.0,0.0,3
110085,0,0,0.0,0.4601332597674427,13100.0,20,1,16.0,0,2.0,18.0,0.0,0.0,3
110086,1,1,0.5,0.19395064363089978,16187.44,15,1,16.0,0,2.0,6.0,1400.0,0.0,3
110087,1,1,0.5,0.667504977114124,0.0,7,1,16.0,0,2.0,13.0,0.0,0.0,3
110088,1,1,0.5,0.5408751792913855,1100.0,3,1,26.0,0,1.0,5.0,1400.0,0.0,3
110089,0,0,0.0,1.0411529955749215,1600.0,6,1,16.0,0,2.0,6.0,5000.0,0.0,3
110090,1,1,0.5,0.037223788567652336,32140.58,4,0,15.0,0,2.0,18.0,0.0,0.0,3
110111,0,0,0.0,1.3472474342508705,2100.0,2,0,15.0,0,2.0,8.0,0.0,0.0,3
110112,0,1,0.5,0.21636591804059024,0.0,4,1,26.0,0,2.0,7.0,400.0,0.0,3
110113,0,0,0.0,0.9778598389818922,1400.0,7,1,26.0,0,2.0,20.0,800.0,0.0,3
110114,1,1,0.5,0.016456967040950267,0.0,2,0,0.0,0,2.0,4.0,0.0,0.0,3
110116,0,0,0.0,0.9811239294154387,2200.0,2,0,26.0,0,1.0,9.0,0.0,0.0,3
110117,0,0,0.0,0.12889094878704532,0.0,11,1,34.0,0,2.0,35.0,0.0,0.0,3
110119,0,0,0.0,0.47565233494335557,0.0,4,0,14.0,0,2.0,9.0,0.0,0.0,3
110120,1,1,0.5,0.020855894615751523,8093.72,7,0,23.0,0,2.0,32.0,0.0,0.0,3
110121,0,0,0.0,2.8893952071731692,0.0,2,0,26.0,0,1.0,8.0,0.0,0.0,3
110122,0,0,0.0,0.8426433377443324,0.0,6,0,26.0,0,2.0,11.0,0.0,0.0,3
110123,0,0,0.0,0.34654571744910767,16187.44,9,0,26.0,0,2.0,12.0,0.0,0.0,3
110124,0,0,0.0,1.2257310079464103,8093.72,7,0,26.0,0,2.0,19.0,0.0,0.0,3
110126,0,0,0.0,0.17583748629458282,2700.0,6,0,24.0,0,2.0,18.0,0.0,0.0,3
110127,0,0,0.0,0.30239131292253874,16187.44,3,0,26.0,0,1.0,17.0,0.0,0.0,3
110128,0,0,0.0,0.16858544370788484,20000.0,4,0,41.0,0,2.0,14.0,0.0,0.0,3
110129,0,0,0.0,0.18026374703218853,5500.0,5,0,26.0,0,2.0,28.0,0.0,0.0,3
110130,0,0,0.0,0.21356880411468962,0.0,5,0,26.0,0,1.0,16.0,0.0,0.0,3
110131,0,0,0.0,0.20057282114791786,2600.0,2,1,1.0,0,0.0,2.0,0.0,0.0,3
110132,0,0,0.0,1.0552724075541497,60000.0,3,1,26.0,0,2.0,15.0,0.0,0.0,3
110133,0,0,0.0,0.3261401315431864,8093.72,3,1,26.0,0,2.0,8.0,1200.0,0.0,3
110134,0,0,0.0,4.516940994050197,1500.0,4,1,16.0,0,2.0,2.0,5000.0,0.0,3
110135,1,1,0.5,0.1699146431517571,20234.300000000003,5,1,25.0,0,2.0,22.0,800.0,0.0,3
110136,1,1,0.5,0.16385710194275285,0.0,4,1,26.0,0,2.0,5.0,400.0,0.0,3
110137,1,1,0.5,0.13313695007334295,2450.0,4,1,15.0,0,2.0,3.0,0.0,0.0,3
110138,0,0,0.0,0.16868768227731457,8093.72,12,1,42.0,1,2.0,21.0,0.0,0.0,3
110139,0,0,0.0,0.18353446470068,34046.86,7,1,26.0,0,2.0,12.0,3000.0,0.0,3
110140,0,0,0.0,1.1565948607969745,7850.0,6,1,26.0,0,2.0,12.0,0.0,0.0,3
119001,0,0,0.0,0.45955085739823304,3900.0,5,0,16.0,0,2.0,3.0,0.0,0.0,3
119002,0,0,0.0,1.4759902327168801,800.0,6,0,26.0,0,2.0,4.0,0.0,0.0,3
119003,0,1,0.5,0.05958163948083327,0.0,5,0,23.0,0,2.0,1.0,0.0,0.0,3
119005,1,1,0.5,0.08103177875632839,14046.86,7,0,16.0,0,2.0,12.0,0.0,0.0,3
119006,0,0,0.0,0.44519151264284984,14046.86,4,1,24.0,0,2.0,10.0,0.0,0.0,3
119010,1,1,0.5,0.03797799054849635,16187.44,4,0,26.0,0,2.0,17.0,0.0,0.0,3
119011,0,1,0.5,0.32708014422700604,2000.0,5,0,25.0,0,2.0,1.0,0.0,0.0,3
119012,0,0,0.0,0.6689298003699184,0.0,6,0,26.0,0,2.0,8.0,0.0,0.0,3
119013,0,0,0.0,0.4271976584891342,0.0,12,0,26.0,0,0.0,18.0,0.0,0.0,3
119014,0,1,0.5,0.191304585603836,0.0,7,0,21.0,0,2.0,6.0,0.0,0.0,3
119015,0,0,0.0,0.6946324505191108,0.0,8,0,42.0,1,2.0,22.0,0.0,0.0,3
119016,0,0,0.0,0.27996564779233546,1700.0,8,0,25.0,0,0.0,3.0,0.0,0.0,3
119017,0,0,0.0,0.07096261519281724,2950.0,6,0,16.0,0,2.0,5.0,0.0,0.0,3
119019,0,0,0.0,0.29441866196415223,12140.58,6,0,25.0,0,2.0,9.0,0.0,0.0,3
119020,1,1,0.5,1.4845176818033705,0.0,1,0,14.0,0,2.0,3.0,0.0,0.0,3
119021,0,0,0.0,3.166658790492238,1150.0,3,0,11.0,0,2.0,4.0,0.0,0.0,3
119022,1,0,0.0,0.13825427332632648,8093.72,7,0,24.0,0,2.0,8.0,0.0,0.0,3
119023,1,1,0.5,0.037071631857643866,6650.0,11,0,26.0,0,2.0,8.0,0.0,0.0,3
119025,0,0,0.0,0.08440946290816505,4046.86,6,0,23.0,0,2.0,9.0,0.0,0.0,3
119026,0,0,0.0,0.21785386893200023,1850.0,7,0,26.0,0,2.0,16.0,0.0,0.0,3
119027,0,0,0.0,0.49123710104221796,0.0,4,0,23.0,0,2.0,9.0,600.0,0.0,3
119028,1,1,0.5,0.32831600974101305,400.0,6,0,16.0,0,1.0,10.0,0.0,0.0,3
119030,0,0,0.0,0.6420397732682058,0.0,7,0,23.0,0,2.0,15.0,0.0,0.0,3
119031,0,0,0.0,0.1542998369407606,12140.58,4,0,26.0,0,1.0,12.0,0.0,0.0,3
119032,0,0,0.0,0.22747372270463195,4046.86,5,0,16.0,0,0.0,9.0,0.0,0.0,3
119033,0,0,0.0,0.19323671497584538,4046.86,3,0,15.0,0,2.0,5.0,0.0,0.0,3
119034,0,0,0.0,0.2983366879026438,2850.0,4,1,16.0,0,2.0,11.0,0.0,0.0,3
119035,0,1,0.5,0.054571314529704575,0.0,2,0,23.0,0,2.0,18.0,0.0,0.0,3
119037,0,0,0.0,0.5073215436648608,16187.44,3,0,13.0,0,2.0,11.0,0.0,0.0,3
119038,0,0,0.0,0.19068703676471632,4046.86,4,0,26.0,0,2.0,14.0,0.0,0.0,3
119040,0,1,0.5,0.9963676233625025,0.0,2,0,15.0,0,2.0,6.0,0.0,0.0,3
119041,0,0,0.0,0.5280675669517347,0.0,4,0,22.0,0,2.0,8.0,800.0,0.0,3
119043,2,2,1.0,0.02437108591590243,250.0,4,0,14.0,0,2.0,0.0,0.0,0.0,3
119044,1,2,1.0,0.04763789273338633,1800.0,2,0,25.0,0,2.0,9.0,0.0,0.0,3
119045,0,0,0.0,0.41302417532705765,1200.0,9,0,25.0,0,2.0,14.0,0.0,0.0,3
119046,0,0,0.0,0.7590031041348078,3500.0,3,0,34.0,0,2.0,22.0,0.0,0.0,3
119047,0,0,0.0,0.1766352975606393,0.0,5,0,26.0,0,2.0,10.0,0.0,0.0,3
119048,0,0,0.0,0.15220066440335192,12140.58,1,0,13.0,0,2.0,5.0,0.0,0.0,3
119049,0,0,0.0,0.960677049187218,0.0,8,0,42.0,0,2.0,26.0,0.0,0.0,3
119050,0,0,0.0,0.5397597690922772,22140.58,6,0,26.0,0,2.0,21.0,0.0,0.0,3
119052,0,0,0.0,0.2732047452326214,2510.0,7,0,26.0,0,2.0,8.0,0.0,0.0,3
119053,0,1,0.5,0.22590306032917865,0.0,8,0,42.0,0,2.0,12.0,0.0,0.0,3
119054,0,0,0.0,0.4054993449123872,9600.0,5,0,25.0,0,2.0,12.0,0.0,0.0,3
119057,0,0,0.0,0.7896829130259886,3300.0,3,0,12.0,0,2.0,7.0,0.0,0.0,3
119058,0,0,0.0,1.5218889261785968,550.0,6,0,26.0,0,2.0,12.0,0.0,0.0,3
120005,1,0,0.0,0.21396751089967558,0.0,5,0,26.0,0,2.0,27.0,0.0,0.0,4
120043,0,0,0.0,0.41806367732722727,0.0,9,0,25.0,0,2.0,8.0,0.0,0.0,4
120044,1,1,0.5,0.2616217736831001,4046.86,5,0,23.0,0,0.0,2.0,0.0,0.0,4
120045,1,0,0.0,2.172779419433339,9093.720000000001,5,0,26.0,0,2.0,14.0,1200.0,0.0,4
120046,1,1,0.5,0.20693347380076413,0.0,11,0,26.0,0,1.0,17.0,0.0,0.0,4
120047,1,0,0.0,0.3456141563558443,12140.58,4,0,26.0,0,2.0,16.0,0.0,0.0,4
120048,0,0,0.0,0.20388061721721176,8093.72,2,0,21.0,0,2.0,16.0,0.0,0.0,4
120049,0,0,0.0,0.1287616589429225,16187.44,3,0,23.0,0,1.0,15.0,0.0,0.0,4
120050,0,0,0.0,0.4590899816364007,28328.02,4,0,23.0,0,1.0,17.0,0.0,0.0,4
120052,0,0,0.0,2.4431948928342804,24281.16,3,0,16.0,0,2.0,11.0,1500.0,0.0,4
120053,1,1,0.5,0.16608352894282297,8093.72,2,0,0.0,0,2.0,9.0,0.0,0.0,4
120054,1,1,0.5,2.701729106628242,0.0,15,0,26.0,0,2.0,16.0,1500.0,0.0,4
120055,1,0,0.0,0.34715066973131486,16187.44,6,0,21.0,0,2.0,9.0,0.0,0.0,4
120056,1,0,0.0,0.8387502621094569,0.0,9,0,41.0,0,2.0,13.0,1500.0,0.0,4
120057,0,0,0.0,3.234734776922462,32374.88,4,0,24.0,0,0.0,9.0,1500.0,0.0,4
120058,1,1,0.5,0.8276342727708325,0.0,1,1,26.0,0,2.0,2.0,2000.0,0.0,4
120059,0,0,0.0,0.25995099983002595,60000.0,5,0,41.0,0,2.0,27.0,1500.0,0.0,4
120091,0,0,0.0,0.9080607423158449,0.0,2,0,16.0,0,2.0,11.0,0.0,0.0,4
120093,0,0,0.0,0.23105360443622922,8093.72,2,0,22.0,0,2.0,16.0,0.0,0.0,4
129001,0,0,0.0,0.8344879707771761,8093.72,11,0,42.0,0,0.0,23.0,0.0,0.0,4
129002,2,2,1.0,0.04945202187536188,0.0,3,0,14.0,0,2.0,16.0,1200.0,0.0,4
129003,1,1,0.5,0.009584052137243625,20234.3,6,0,26.0,0,2.0,18.0,0.0,0.0,4
129005,0,0,0.0,0.07541658368186949,4046.86,7,0,26.0,0,0.0,10.0,0.0,0.0,4
129006,1,0,0.0,0.34011482775836244,0.0,4,0,41.0,0,0.0,16.0,700.0,0.0,4
129007,1,1,0.5,2.8854766400035547,24281.16,5,0,42.0,1,2.0,10.0,500.0,0.0,4
129010,1,0,0.0,0.31007751937984496,0.0,10,0,26.0,0,0.0,12.0,0.0,0.0,4
129025,1,0,0.0,0.6921088051071947,12140.58,9,0,26.0,0,2.0,17.0,700.0,0.0,4
129026,1,1,0.5,0.5208856633328772,16187.44,2,0,26.0,1,2.0,5.0,0.0,0.0,4
129027,1,0,0.0,0.48015678588926997,0.0,4,0,26.0,0,0.0,21.0,0.0,0.0,4
129028,2,1,0.5,0.03395602775849694,8093.72,6,0,26.0,0,0.0,18.0,0.0,0.0,4
129029,2,1,0.5,0.027837152656956802,17187.440000000002,3,0,41.0,0,2.0,26.0,0.0,0.0,4
129031,1,0,0.0,0.08661028648922407,5046.860000000001,4,0,25.0,0,2.0,18.0,1000.0,0.0,4
129032,0,0,0.0,0.34881812212738017,0.0,7,0,26.0,0,0.0,30.0,0.0,0.0,4
129038,1,1,0.5,0.7960268921283424,25281.16,9,0,26.0,1,2.0,17.0,0.0,0.0,4
129039,0,0,0.0,0.13297872340425532,20234.3,5,0,26.0,0,2.0,13.0,0.0,0.0,4
129040,0,0,0.0,2.4140526127540842,0.0,8,1,26.0,0,0.0,23.0,2000.0,0.0,4
129041,1,1,0.5,0.13982880287802363,16187.44,14,0,26.0,0,1.0,17.0,0.0,0.0,4
129042,1,1,0.5,2.314307291286024,20234.3,3,0,23.0,0,2.0,7.0,0.0,0.0,4
129044,0,0,0.0,0.6568082870439873,20234.3,8,0,26.0,0,2.0,21.0,1000.0,0.0,4
129046,1,0,0.0,0.2569564064724068,41468.6,6,0,26.0,0,2.0,29.0,0.0,0.0,4
129047,1,0,0.0,0.2521939166737667,12140.58,4,0,33.0,0,1.0,7.0,0.0,0.0,4
129048,1,1,0.5,0.48346181027226126,0.0,6,0,22.0,0,2.0,7.0,0.0,0.0,4
129050,1,0,0.0,2.5299997002414423,0.0,6,0,25.0,0,2.0,10.0,0.0,0.0,4
129051,0,0,0.0,2.897626462324218,24281.16,8,0,26.0,0,2.0,16.0,0.0,0.0,4
129053,0,1,0.5,0.23273415326395458,0.0,2,0,21.0,0,2.0,4.0,0.0,0.0,4
129054,0,0,0.0,5.956099190842134,16187.44,18,0,41.0,0,2.0,40.0,0.0,0.0,4
129055,1,0,0.0,0.687335478210003,0.0,3,0,26.0,0,2.0,8.0,0.0,0.0,4
129056,1,1,0.5,0.9973570039395602,4046.86,1,0,0.0,0,2.0,4.0,0.0,0.0,4
129057,1,1,0.5,1.7404168298307445,1200.0,1,0,0.0,0,2.0,4.0,0.0,0.0,4
129059,2,2,1.0,0.05255192129824266,4046.86,4,0,26.0,0,2.0,7.0,700.0,0.0,4
129060,0,0,0.0,1.4904824887922705,5046.860000000001,5,0,26.0,0,2.0,7.0,0.0,0.0,4
129064,1,1,0.5,0.025708829146466872,12140.58,6,0,41.0,0,2.0,14.0,0.0,0.0,4
129072,1,0,0.0,0.5006945728895578,0.0,7,0,42.0,0,2.0,19.0,0.0,0.0,4
129079,1,1,0.5,0.14465331194383885,12140.58,5,0,41.0,0,2.0,20.0,400.0,0.0,4
129137,0,0,0.0,0.4453152832205201,12140.58,3,0,26.0,0,2.0,14.0,0.0,0.0,4
129141,0,0,0.0,0.8372051006129659,16187.44,6,0,41.0,0,2.0,20.0,0.0,0.0,4
129142,1,0,0.0,0.41933605125218404,60000.0,4,0,26.0,0,2.0,20.0,0.0,0.0,4
129146,2,2,1.0,0.0441433794659767,0.0,1,0,13.0,0,1.0,7.0,0.0,0.0,4
129154,2,1,0.5,0.028335033435339455,10000.0,7,0,26.0,0,2.0,19.0,0.0,0.0,4
129168,0,0,0.0,0.07841399178357739,12140.58,6,0,31.0,0,1.0,21.0,0.0,0.0,4
129170,0,0,0.0,0.10609514554971747,16187.44,3,1,41.0,0,2.0,24.0,0.0,0.0,4
129176,0,0,0.0,1.192734580708801,0.0,3,0,41.0,0,2.0,19.0,0.0,0.0,4
129180,0,0,0.0,0.3693964437766091,0.0,4,0,26.0,0,1.0,25.0,0.0,0.0,4
129182,0,0,0.0,0.32091658598024053,0.0,3,0,41.0,0,1.0,26.0,1000.0,0.0,4
130021,0,0,0.0,1.9125594147154168,0.0,4,0,42.0,0,2.0,33.0,0.0,0.0,5
130025,1,0,0.0,0.5516030633994545,20000.0,7,0,43.0,0,2.0,26.0,0.0,0.0,5
130027,0,0,0.0,2.013972748520009,0.0,5,0,41.0,0,2.0,21.0,0.0,0.0,5
130032,1,0,0.0,0.8467291526768209,0.0,5,0,34.0,0,2.0,11.0,0.0,0.0,5
130035,0,0,0.0,0.4702784048156509,0.0,3,0,34.0,0,2.0,21.0,0.0,0.0,5
130038,0,0,0.0,0.31736586844177456,16187.44,4,0,26.0,0,0.0,24.0,1000.0,0.0,5
130039,1,0,0.0,0.11857171895114844,0.0,3,0,26.0,0,1.0,10.0,0.0,0.0,5
130051,1,1,0.5,0.05070539231520919,0.0,4,0,25.0,0,2.0,7.0,4000.0,0.0,5
130052,0,0,0.0,0.530717955249862,4046.86,5,0,34.0,0,2.0,8.0,2000.0,0.0,5
139002,1,0,0.0,0.11462565047095039,0.0,4,0,43.0,1,2.0,25.0,0.0,0.0,5
139013,1,1,0.5,1.293518819681487,20000.0,7,0,26.0,0,1.0,10.0,0.0,0.0,5
139015,0,0,0.0,0.32690514266386206,12140.580000000002,8,0,26.0,0,2.0,32.0,0.0,0.0,5
139020,0,0,0.0,0.2938756318326084,430.0,6,0,26.0,0,2.0,19.0,0.0,0.0,5
139022,0,0,0.0,0.9250914235739586,0.0,2,0,26.0,1,2.0,16.0,0.0,0.0,5
139024,0,0,0.0,0.267203444892336,0.0,5,0,26.0,0,2.0,11.0,0.0,0.0,5
139025,0,0,0.0,0.1992939300763011,400.0,4,0,41.0,0,0.0,10.0,600.0,0.0,5
139029,0,0,0.0,0.6978388131275702,10117.15,1,0,26.0,0,2.0,7.0,0.0,0.0,5
139030,0,0,0.0,0.524402181513075,450.0,4,0,26.0,0,2.0,20.0,0.0,0.0,5
139031,1,0,0.0,0.3806813022080618,8093.72,6,0,26.0,0,2.0,16.0,600.0,0.0,5
139033,1,0,0.0,0.3993803626700127,4046.86,3,0,25.0,0,2.0,8.0,0.0,0.0,5
139034,1,1,0.5,0.6825184710702729,0.0,5,0,24.0,0,2.0,16.0,600.0,0.0,5
139036,0,0,0.0,0.26512071900458,0.0,6,0,34.0,0,1.0,19.0,300.0,0.0,5
139037,0,0,0.0,1.557097387282178,16187.44,6,0,26.0,0,2.0,13.0,1000.0,0.0,5
139038,0,0,0.0,0.3049660625185085,20000.0,4,0,26.0,0,2.0,8.0,400.0,0.0,5
139039,1,0,0.0,0.736626731670888,0.0,2,0,42.0,0,2.0,26.0,0.0,0.0,5
139042,0,0,0.0,0.23012605794062746,4046.86,1,0,26.0,0,2.0,18.0,500.0,0.0,5
139043,0,0,0.0,0.4133256179217988,0.0,6,0,16.0,0,2.0,17.0,0.0,0.0,5
139044,0,0,0.0,0.5685808889929429,0.0,6,0,26.0,0,1.0,10.0,800.0,0.0,5
139046,1,1,0.5,1.9751427996106543,480.0,8,0,16.0,0,2.0,11.0,0.0,0.0,5
139047,1,1,0.5,0.01973328972954354,16187.44,6,0,26.0,0,2.0,16.0,600.0,0.0,5
139048,1,1,0.5,2.7661286588778737,420.0,1,0,26.0,0,2.0,5.0,300.0,0.0,5
139049,0,0,0.0,0.12251243464784638,0.0,2,0,26.0,0,0.0,16.0,1000.0,0.0,5
139054,0,0,0.0,0.07904201082875548,0.0,3,0,42.0,0,2.0,15.0,0.0,0.0,5
139055,0,0,0.0,0.12584952670200028,0.0,4,0,41.0,0,2.0,12.0,1800.0,0.0,5
139058,1,0,0.0,0.5576002387171715,0.0,7,0,41.0,0,2.0,14.0,1000.0,0.0,5
139062,0,0,0.0,0.08897512140798826,0.0,5,0,42.0,0,0.0,10.0,1200.0,0.0,5
139068,0,0,0.0,0.49761259463276686,0.0,5,0,26.0,0,2.0,16.0,650.0,0.0,5
139071,1,0,0.0,3.2694997679744757,4046.86,6,0,25.0,0,2.0,26.0,1000.0,0.0,5
139072,0,0,0.0,1.0930557830616163,10117.15,5,0,42.0,0,2.0,12.0,0.0,0.0,5
139075,1,1,0.5,0.11076650420912716,0.0,4,0,26.0,0,2.0,21.0,0.0,0.0,5
139078,1,1,0.5,0.007523322299127295,0.0,4,0,31.0,1,2.0,10.0,0.0,0.0,5
139079,1,0,0.0,0.46528941001302815,0.0,2,0,41.0,0,2.0,11.0,0.0,0.0,5
139080,1,1,0.5,1.6375988362245066,410.0,5,0,34.0,0,2.0,5.0,0.0,0.0,5
139082,1,1,0.5,0.14557524056308505,400.0,1,0,16.0,0,2.0,1.0,0.0,0.0,5
139084,1,1,0.5,0.9646077107134654,15000.0,7,0,35.0,1,2.0,31.0,0.0,0.0,5
139086,0,0,0.0,0.24662361020220275,0.0,7,0,26.0,0,2.0,17.0,0.0,0.0,5
139089,0,0,0.0,0.25839265154859736,20234.300000000003,2,0,41.0,0,0.0,22.0,2000.0,0.0,5
139095,0,0,0.0,0.10243344161487987,8093.72,5,0,26.0,1,2.0,8.0,0.0,0.0,5
139098,0,0,0.0,0.6622391512622723,25000.0,6,0,41.0,0,2.0,6.0,1000.0,0.0,5
139099,0,0,0.0,0.06268282490597576,0.0,4,0,26.0,0,0.0,14.0,2500.0,0.0,5
139102,1,1,0.5,3.5665569847160246,420.0,5,0,41.0,0,2.0,18.0,0.0,0.0,5
139103,1,1,0.5,0.04355145598203704,0.0,2,0,25.0,0,2.0,17.0,0.0,0.0,5
139104,1,0,0.0,4.554534317410902,24046.86,5,0,41.0,0,2.0,11.0,0.0,0.0,5
139106,0,0,0.0,0.20014345947269896,0.0,6,0,26.0,0,2.0,11.0,0.0,0.0,5
139107,1,0,0.0,0.11963439728190649,0.0,2,0,41.0,0,2.0,37.0,800.0,0.0,5
139111,1,0,0.0,1.8449825148336305,14164.01,7,0,26.0,0,2.0,34.0,4000.0,0.0,5
139112,0,0,0.0,0.5995556215630847,12140.58,9,0,41.0,0,2.0,7.0,1000.0,0.0,5
139113,1,1,0.5,18.504818220652908,420.0,2,0,26.0,0,2.0,12.0,0.0,0.0,5
139114,0,0,0.0,0.45906656465187456,410.0,2,0,23.0,0,0.0,7.0,0.0,0.0,5
139115,2,2,1.0,0.039108344157280366,0.0,5,0,22.0,0,2.0,17.0,500.0,0.0,5
139119,1,0,0.0,0.06876790830945559,0.0,7,0,41.0,0,2.0,29.0,0.0,0.0,5
139120,1,0,0.0,0.7475002645729041,430.0,4,0,26.0,0,2.0,16.0,0.0,0.0,5
139121,0,0,0.0,2.855587315480874,4046.86,7,0,42.0,0,1.0,12.0,0.0,0.0,5
139123,1,1,0.5,0.02196547028071871,0.0,7,0,33.0,0,2.0,17.0,0.0,0.0,5
139124,0,0,0.0,0.5720496539099594,6070.29,7,0,26.0,0,2.0,20.0,0.0,0.0,5
139125,0,0,0.0,3.084413638266764,14046.86,5,0,26.0,0,2.0,5.0,0.0,0.0,5
139130,0,0,0.0,0.4837929366231253,460.0,1,0,26.0,0,2.0,3.0,0.0,0.0,5
139144,0,0,0.0,1.322468083736096,0.0,4,0,34.0,0,2.0,12.0,0.0,0.0,5
139150,0,0,0.0,0.4707788261597368,4046.86,2,0,16.0,0,2.0,12.0,0.0,0.0,5
139153,1,1,0.5,0.4046714182128884,400.0,1,0,16.0,0,2.0,0.0,2500.0,0.0,5
139156,1,1,0.5,0.2744802916370409,0.0,4,0,43.0,0,2.0,35.0,0.0,0.0,5
140001,1,1,0.5,0.1517128379403465,12140.58,1,0,14.0,0,2.0,4.0,0.0,0.0,3
140003,1,1,0.5,0.3517046950723673,0.0,2,0,3.0,0,2.0,4.0,0.0,0.0,3
140004,0,0,0.0,0.08149440748291496,12140.58,3,0,25.0,0,2.0,14.0,0.0,0.0,3
140006,1,1,0.5,0.3704655570781498,0.0,4,0,23.0,0,2.0,9.0,0.0,0.0,3
140007,0,0,0.0,0.6295411809454312,16187.44,4,0,24.0,0,2.0,5.0,0.0,0.0,3
140009,1,0,0.0,0.2490035172218614,12140.58,5,0,26.0,0,1.0,16.0,0.0,0.0,3
140010,1,1,0.5,1.5610723815399505,8093.72,1,0,34.0,0,2.0,17.0,0.0,0.0,3
140021,1,0,0.0,0.20687338826149165,4046.86,4,0,43.0,0,2.0,7.0,0.0,0.0,3
140022,2,2,1.0,0.024162358375637124,0.0,1,0,23.0,0,2.0,6.0,0.0,0.0,3
140025,2,2,1.0,0.02898384754738438,8093.72,7,0,23.0,0,2.0,16.0,0.0,0.0,3
140026,1,1,0.5,0.5373769777458243,12140.58,4,0,26.0,0,2.0,6.0,0.0,0.0,3
140027,1,0,0.0,0.49709144593550786,12140.58,3,0,42.0,0,2.0,20.0,0.0,0.0,3
140030,1,0,0.0,0.1491689041635187,16187.44,11,0,41.0,0,2.0,14.0,0.0,0.0,3
140062,0,1,0.5,0.06174271953615696,8093.72,2,0,16.0,0,2.0,6.0,0.0,0.0,3
140066,0,0,0.0,0.10715854235828294,16187.44,1,0,0.0,0,1.0,3.0,0.0,0.0,3
140067,1,1,0.5,0.07535612927792103,8093.72,2,0,26.0,0,2.0,14.0,0.0,0.0,3
140068,1,1,0.5,0.15837642137529934,0.0,1,0,0.0,1,2.0,7.0,0.0,0.0,3
140069,2,2,1.0,0.049531290240230494,12140.58,7,0,23.0,0,2.0,10.0,0.0,0.0,3
140070,1,1,0.5,0.00271669362854451,8093.72,1,0,0.0,0,2.0,23.0,0.0,0.0,3
140072,1,1,0.5,0.038150281296330295,0.0,4,0,24.0,1,2.0,13.0,0.0,0.0,3
140074,1,1,0.5,0.5462883078722764,8093.72,1,0,0.0,0,2.0,15.0,0.0,0.0,3
140075,0,0,0.0,1.1501405568023217,12140.58,1,0,0.0,0,2.0,17.0,0.0,0.0,3
140076,1,0,0.0,0.11593664127751833,8093.72,5,0,42.0,0,2.0,11.0,0.0,0.0,3
140078,1,1,0.5,0.08630370049628105,16187.44,7,1,16.0,0,2.0,7.0,800.0,0.0,3
140079,1,0,0.0,0.33241847482944226,12140.58,7,1,24.0,0,1.0,11.0,1000.0,0.0,3
140080,1,1,0.5,0.09977920685856817,0.0,4,0,42.0,0,2.0,4.0,0.0,0.0,3
140082,1,1,0.5,0.6434113007793851,0.0,1,0,0.0,0,1.0,5.0,0.0,0.0,3
140083,2,2,1.0,0.05009898058754111,0.0,1,0,0.0,0,2.0,8.0,0.0,0.0,3
140084,1,1,0.5,0.015213232565431455,2850.0,10,0,41.0,0,2.0,19.0,0.0,0.0,3
140085,1,1,0.5,0.1468342968636885,100.0,1,0,0.0,0,2.0,10.0,0.0,0.0,3
140086,1,1,0.5,0.46837112584064916,0.0,1,0,0.0,0,2.0,6.0,0.0,0.0,3
140087,1,1,0.5,0.10623542783694595,4046.86,4,0,22.0,0,2.0,11.0,0.0,0.0,3
140089,2,2,1.0,0.044539387696687735,540.0,2,0,25.0,0,2.0,11.0,0.0,0.0,3
140090,1,1,0.5,0.3094635845965878,120.0,4,0,13.0,0,2.0,11.0,0.0,0.0,3
140122,2,2,1.0,0.05147985224872294,2200.0,2,0,11.0,0,1.0,15.0,0.0,0.0,3
140126,1,1,0.5,0.011471392276279968,0.0,1,0,12.0,0,1.0,11.0,0.0,0.0,3
140127,1,1,0.5,0.2244209200101203,8093.72,3,0,16.0,1,2.0,6.0,0.0,0.0,3
140129,2,2,1.0,0.030900193680834288,4046.86,5,0,26.0,0,2.0,12.0,0.0,0.0,3
140130,1,1,0.5,1.7908133426161283,4046.86,3,0,24.0,0,2.0,4.0,0.0,0.0,3
149001,0,0,0.0,0.6935158701423826,12140.58,3,1,23.0,0,1.0,26.0,400.0,0.0,3
149002,0,0,0.0,0.19133059801441357,4046.86,3,1,26.0,0,2.0,9.0,0.0,0.0,3
149003,1,1,0.5,0.12204217981709999,0.0,3,1,26.0,1,2.0,13.0,0.0,0.0,3
149006,1,1,0.5,0.1897318176952181,16187.44,2,1,16.0,0,2.0,4.0,1500.0,0.0,3
149007,1,0,0.0,0.22071435560692065,8093.72,1,1,15.0,0,0.0,18.0,2500.0,0.0,3
149008,0,0,0.0,0.3923511266213421,0.0,4,0,26.0,1,2.0,19.0,0.0,0.0,3
149011,0,0,0.0,0.7620022313076928,8093.72,4,0,26.0,0,2.0,12.0,0.0,0.0,3
149013,1,0,0.0,0.09600987924049029,600.0,6,0,16.0,0,2.0,10.0,0.0,0.0,3
149015,1,0,0.0,1.2923235978288965,185.0,9,0,26.0,0,2.0,24.0,0.0,0.0,3
149016,1,1,0.5,1.009365622647215,0.0,3,0,23.0,0,2.0,10.0,0.0,0.0,3
149018,1,1,0.5,0.3401638228971072,700.0,1,0,0.0,0,1.0,3.0,0.0,0.0,3
149020,2,2,1.0,0.039373178990471686,0.0,3,0,26.0,0,2.0,23.0,0.0,0.0,3
149021,1,1,0.5,0.3857925464880019,0.0,4,0,26.0,0,2.0,13.0,0.0,0.0,3
149022,2,2,1.0,0.048235776475411815,800.0,4,0,26.0,0,0.0,5.0,0.0,0.0,3
149023,1,1,0.5,0.3129890453834116,0.0,3,0,15.0,0,2.0,9.0,0.0,0.0,3
149025,1,1,0.5,1.1972834693288983,0.0,1,0,0.0,0,2.0,6.0,0.0,0.0,3
149026,1,1,0.5,0.23886811518400072,90.0,1,0,0.0,0,1.0,5.0,0.0,0.0,3
149029,1,1,0.5,0.49325179370889227,0.0,1,0,16.0,0,1.0,2.0,0.0,0.0,3
149031,1,1,0.5,1.6509049486680585,1300.0,3,0,13.0,0,2.0,9.0,0.0,0.0,3
149032,1,0,0.0,1.3693639040244976,525.0,4,0,16.0,0,1.0,25.0,0.0,0.0,3
149034,2,2,1.0,0.00940231771658588,0.0,1,0,0.0,0,1.0,3.0,0.0,0.0,3
149036,1,1,0.5,0.7840332538818867,0.0,1,0,16.0,1,2.0,8.0,0.0,0.0,3
149038,1,1,0.5,0.60131634020267,8093.72,9,0,26.0,0,2.0,30.0,0.0,0.0,3
149040,1,0,0.0,0.5037275841225066,0.0,2,0,21.0,0,0.0,8.0,0.0,0.0,3
149048,1,1,0.5,0.5314394145429869,500.0,7,0,41.0,0,2.0,7.0,0.0,0.0,3
149049,1,1,0.5,1.154626895795375,0.0,2,0,16.0,0,2.0,7.0,0.0,0.0,3
149051,1,0,0.0,3.6128907943542563,8093.72,2,1,32.0,0,0.0,7.0,5000.0,0.0,3
149052,1,1,0.5,0.0024925136245320815,2500.0,1,0,0.0,0,2.0,3.0,0.0,0.0,3
149056,2,1,0.5,0.011744560804413174,0.0,4,0,25.0,0,1.0,14.0,0.0,0.0,3
149059,1,0,0.0,0.35607992475634825,0.0,5,0,26.0,0,2.0,10.0,0.0,0.0,3
149060,1,0,0.0,2.1917800887816568,100.0,5,0,34.0,0,2.0,30.0,0.0,0.0,3
149061,1,0,0.0,0.3612334790451169,0.0,4,1,42.0,1,1.0,32.0,1000.0,0.0,3
149072,1,1,0.5,0.1323464745444114,250.0,5,1,42.0,0,2.0,28.0,0.0,0.0,3
149074,1,0,0.0,0.15867766617014678,4046.86,7,0,26.0,0,2.0,21.0,0.0,0.0,3
149076,1,1,0.5,0.773697278044064,8093.72,5,0,23.0,0,2.0,2.0,0.0,0.0,3
149077,1,0,0.0,0.18697804516247662,8093.72,6,0,26.0,0,2.0,6.0,0.0,0.0,3
149079,1,0,0.0,0.2633961444146469,12140.58,8,0,26.0,0,2.0,28.0,0.0,0.0,3
149083,1,1,0.5,0.36111600833810825,0.0,4,0,26.0,1,2.0,21.0,0.0,0.0,3
149084,1,1,0.5,0.46792135425599046,0.0,1,0,0.0,0,2.0,5.0,0.0,0.0,3
149085,1,1,0.5,0.01064423848852457,4046.86,2,0,32.0,0,1.0,17.0,0.0,0.0,3
149086,1,1,0.5,0.06606379763806179,8093.72,3,0,26.0,0,2.0,7.0,0.0,0.0,3
149087,1,1,0.5,0.19421386104384583,8093.72,2,0,14.0,0,2.0,7.0,0.0,0.0,3
149088,1,0,0.0,0.3404528065119869,12140.58,4,0,32.0,0,2.0,12.0,0.0,0.0,3
149089,1,1,0.5,0.3627523471015941,8093.72,2,0,26.0,0,2.0,7.0,0.0,0.0,3
149090,0,0,0.0,0.23396721260689055,4046.86,6,0,26.0,0,1.0,10.0,0.0,0.0,3
149091,2,2,1.0,0.018582690001267516,16187.44,4,0,16.0,0,1.0,2.0,0.0,0.0,3
149094,0,0,0.0,0.24433373514177792,16187.44,5,0,26.0,0,1.0,5.0,0.0,0.0,3
149097,1,1,0.5,0.09019057544972797,0.0,1,1,0.0,0,2.0,5.0,1000.0,0.0,3
149098,1,1,0.5,0.024948745265052353,850.0,1,0,0.0,0,1.0,3.0,0.0,0.0,3
149099,2,2,1.0,0.027738453286703744,0.0,2,0,16.0,0,1.0,10.0,0.0,0.0,3
149102,2,2,1.0,0.029062625625370684,0.0,4,0,16.0,0,1.0,13.0,0.0,0.0,3
149104,2,2,1.0,0.009315323707498836,1650.0,1,0,0.0,0,1.0,6.0,0.0,0.0,3
149105,1,1,0.5,0.003931961047227677,0.0,5,0,26.0,0,2.0,12.0,0.0,0.0,3
149111,0,1,0.5,0.21143280527795372,185.0,1,0,0.0,0,1.0,8.0,0.0,0.0,3
149114,0,0,0.0,0.2884138392496626,8093.72,1,1,32.0,0,2.0,8.0,1500.0,0.0,3
149115,1,1,0.5,0.21626921191499177,8093.72,2,1,26.0,0,1.0,11.0,1600.0,0.0,3
149119,1,0,0.0,0.30827661043701293,4046.86,4,1,26.0,0,2.0,9.0,1500.0,0.0,3
149120,0,0,0.0,0.15490666873208891,100.0,4,0,26.0,0,1.0,12.0,0.0,0.0,3
149123,0,0,0.0,0.36175198890044524,16187.44,4,0,26.0,0,2.0,18.0,0.0,0.0,3
149126,1,1,0.5,0.17086255678817175,18093.72,1,1,0.0,0,2.0,8.0,10000.0,0.0,3
149127,1,1,0.5,0.02599910413938796,8093.72,4,1,26.0,0,2.0,3.0,1000.0,0.0,3
149128,0,0,0.0,0.22786733057641997,8093.72,2,0,13.0,0,2.0,13.0,0.0,0.0,3
149129,2,2,1.0,0.039835146766261,8093.72,4,0,26.0,0,2.0,1.0,0.0,0.0,3
149130,1,0,0.0,0.6268529864664667,20234.3,6,1,42.0,0,2.0,13.0,10000.0,0.0,3
149133,1,1,0.5,0.03185051491665782,0.0,5,0,25.0,0,2.0,9.0,0.0,0.0,3
149134,0,0,0.0,0.2198524623649271,12140.58,6,0,26.0,0,2.0,5.0,0.0,0.0,3
149135,1,0,0.0,0.6812669764685707,12140.58,1,0,16.0,0,2.0,2.0,0.0,0.0,3
149136,1,0,0.0,0.18835035336549313,4046.86,7,0,26.0,1,2.0,10.0,0.0,0.0,3
149138,0,0,0.0,0.5046899609610638,4046.86,3,0,26.0,0,2.0,6.0,0.0,0.0,3
149139,0,1,0.5,1.0474287087750704,4046.86,1,0,16.0,0,2.0,4.0,0.0,0.0,3
149140,0,1,0.5,0.13795216654310472,0.0,4,0,26.0,1,2.0,5.0,0.0,0.0,3
149142,0,0,0.0,0.36099225949632463,12140.58,4,0,26.0,0,2.0,5.0,0.0,0.0,3
149155,2,2,1.0,0.031513852182083475,500.0,1,1,34.0,1,0.0,13.0,3500.0,0.0,3
149162,1,1,0.5,0.12689308895268261,1500.0,4,1,26.0,0,2.0,4.0,1000.0,0.0,3
150002,1,0,0.0,0.22535493402108323,80.0,4,0,26.0,1,2.0,16.0,0.0,0.0,1
150007,1,1,0.5,0.1473284442116291,0.0,16,1,26.0,1,2.0,17.0,4800.0,0.0,1
150012,2,2,1.0,0.038146099561319854,20000.0,5,0,23.0,0,2.0,11.0,0.0,0.0,1
150013,1,0,0.0,0.26657780739753417,0.0,5,0,51.0,0,2.0,15.0,0.0,0.0,1
150014,1,1,0.5,0.11006167515789012,0.0,5,1,26.0,1,2.0,7.0,650.0,0.0,1
150015,1,1,0.5,0.11520827715262615,0.0,4,0,51.0,0,2.0,9.0,0.0,0.0,1
150016,1,1,0.5,0.06252699957669562,100.0,8,0,41.0,0,2.0,17.0,0.0,0.0,1
150017,1,1,0.5,0.09880047339653732,0.0,5,0,41.0,1,2.0,7.0,0.0,0.0,1
150018,2,2,1.0,0.04756695048280454,50.0,3,0,26.0,0,2.0,5.0,0.0,0.0,1
150019,1,0,0.0,0.3082564956114853,20200.0,3,0,26.0,0,2.0,13.0,0.0,0.0,1
150020,0,0,0.0,0.05905745542496335,0.0,3,0,26.0,0,0.0,4.0,0.0,0.0,1
150021,1,0,0.0,0.05687505687505688,0.0,13,1,51.0,1,2.0,24.0,0.0,0.0,1
150022,1,0,0.0,0.126120727876715,0.0,8,1,51.0,0,0.0,13.0,0.0,0.0,1
150023,1,0,0.0,0.07632217989717922,0.0,10,1,51.0,0,1.0,14.0,0.0,0.0,1
150024,0,0,0.0,0.15842839036755385,0.0,7,1,51.0,0,2.0,7.0,1500.0,0.0,1
150026,1,1,0.5,0.1409875364082491,100.0,7,1,51.0,0,1.0,9.0,0.0,0.0,1
150027,2,1,0.5,0.05154639175257732,0.0,5,1,51.0,0,2.0,3.0,0.0,0.0,1
150028,0,0,0.0,0.12617701011100077,0.0,5,1,51.0,0,2.0,15.0,2000.0,0.0,1
150029,2,2,1.0,0.03574432296047099,50.0,7,1,51.0,1,2.0,24.0,0.0,0.0,1
150061,0,1,0.5,0.08469449485783424,0.0,3,0,41.0,0,1.0,8.0,0.0,0.0,1
150064,1,0,0.0,0.2416784702549575,0.0,8,0,51.0,1,2.0,16.0,0.0,0.0,1
150065,1,1,0.5,0.06666666666666667,0.0,4,0,41.0,0,2.0,23.0,0.0,0.0,1
150066,2,2,1.0,0.04297502902880567,80.0,5,0,26.0,1,2.0,12.0,0.0,0.0,1
150067,0,0,0.0,0.15320974413972727,0.0,4,0,42.0,0,2.0,16.0,0.0,0.0,1
150068,1,0,0.0,0.11080559203485968,0.0,6,1,42.0,0,2.0,13.0,0.0,0.0,1
150069,0,0,0.0,0.12366051040749117,0.0,7,1,42.0,1,1.0,23.0,1500.0,0.0,1
150070,0,0,0.0,0.06882320555652222,0.0,6,1,41.0,0,2.0,24.0,0.0,0.0,1
150072,2,2,1.0,0.030204610174691116,0.0,4,1,42.0,1,2.0,25.0,2500.0,0.0,1
150079,1,1,0.5,0.06067569288863748,40000.0,16,1,42.0,0,1.0,31.0,3000.0,0.0,1
159001,1,1,0.5,0.08304884037513637,0.0,5,1,13.0,0,2.0,7.0,3500.0,0.0,1
159002,2,2,1.0,0.041726871104507346,0.0,9,1,51.0,0,2.0,11.0,4300.0,0.0,1
159003,0,0,0.0,0.07142705747550304,0.0,6,1,26.0,0,2.0,9.0,1200.0,0.0,1
159004,1,1,0.5,0.3851486673856109,0.0,6,1,26.0,0,1.0,7.0,0.0,0.0,1
159005,1,1,0.5,0.06148981026001406,90.0,7,0,26.0,0,1.0,12.0,0.0,0.0,1
159006,0,0,0.0,0.24949015312484465,0.0,11,1,42.0,0,2.0,13.0,2000.0,0.0,1
159007,1,1,0.5,0.04749691270067445,86.0,1,0,0.0,0,1.0,3.0,0.0,0.0,1
159010,0,1,0.5,0.07238893565539589,0.0,7,1,13.0,0,1.0,7.0,0.0,0.0,1
159012,0,0,0.0,0.06883630416330248,0.0,2,0,41.0,1,2.0,16.0,0.0,0.0,1
159013,1,1,0.5,0.16993194968292244,50.0,9,1,26.0,0,1.0,9.0,0.0,0.0,1
159014,1,1,0.5,0.17305529116552737,0.0,5,1,26.0,0,2.0,4.0,2800.0,0.0,1
159015,1,1,0.5,0.2593921577104319,0.0,1,0,23.0,0,2.0,2.0,2000.0,0.0,1
159016,1,0,0.0,0.1394831993758476,85.0,6,1,26.0,0,1.0,13.0,0.0,0.0,1
159017,1,1,0.5,0.44149796891416754,0.0,7,1,23.0,0,2.0,11.0,4000.0,0.0,1
159018,0,0,0.0,0.19060971653607572,60000.0,8,1,41.0,1,2.0,15.0,11500.0,0.0,1
159019,2,1,0.5,0.05104471517048935,50.0,7,0,23.0,0,2.0,4.0,0.0,0.0,1
159021,1,1,0.5,0.43146634291786967,0.0,4,1,23.0,0,1.0,8.0,1500.0,0.0,1
159022,1,1,0.5,0.05998039201530002,0.0,7,1,23.0,0,2.0,11.0,3500.0,0.0,1
159023,1,1,0.5,0.060360775984884596,50.0,4,1,23.0,0,2.0,10.0,2000.0,0.0,1
159025,1,1,0.5,0.11599107561906326,20200.0,5,0,42.0,0,2.0,8.0,0.0,0.0,1
159026,1,1,0.5,0.325461975192565,0.0,7,0,42.0,0,2.0,9.0,0.0,0.0,1
159027,1,1,0.5,0.09676159528872515,0.0,5,0,42.0,0,2.0,3.0,0.0,0.0,1
159028,1,1,0.5,0.1504263232631154,50.0,3,0,26.0,0,2.0,5.0,0.0,0.0,1
159029,1,1,0.5,0.057221332112611586,0.0,3,0,26.0,0,0.0,3.0,0.0,0.0,1
159032,0,1,0.5,0.08767377707023673,0.0,3,0,26.0,0,2.0,6.0,0.0,0.0,1
159033,0,0,0.0,0.08477777462530088,100.0,4,0,34.0,1,1.0,22.0,0.0,0.0,1
159034,1,1,0.5,0.07881579271446516,0.0,8,0,26.0,0,2.0,7.0,0.0,0.0,1
159035,1,1,0.5,0.12036953447082543,0.0,2,0,42.0,1,2.0,9.0,0.0,0.0,1
159036,0,0,0.0,0.06786931085501757,75.0,8,1,51.0,0,2.0,34.0,5000.0,0.0,1
159039,2,2,1.0,0.05194655276903985,60.0,6,1,41.0,0,2.0,27.0,3000.0,0.0,1
159055,1,0,0.0,0.07117639617152736,85.0,9,0,51.0,0,2.0,34.0,3450.0,0.0,1
159056,1,0,0.0,0.08527814889564797,0.0,7,1,51.0,0,2.0,26.0,0.0,0.0,1
159057,2,2,1.0,0.03808417998481385,0.0,8,1,51.0,1,2.0,25.0,2000.0,0.0,1
159065,2,2,1.0,0.03820877273421978,0.0,5,1,51.0,0,2.0,15.0,0.0,0.0,1
159072,2,2,1.0,0.03954909195593384,30100.0,9,1,51.0,1,2.0,28.0,0.0,0.0,1
159073,1,1,0.5,0.08846790468245032,20000.0,5,1,34.0,0,2.0,7.0,2500.0,0.0,1
159074,1,1,0.5,0.166992844909729,35000.0,3,1,26.0,0,2.0,10.0,2600.0,0.0,1
159076,0,0,0.0,0.3245875033811198,0.0,9,1,51.0,0,2.0,16.0,3000.0,0.0,1
159078,1,1,0.5,0.07425618405700832,25050.0,12,0,26.0,0,2.0,14.0,0.0,0.0,1
159079,1,1,0.5,0.27235233052630736,90.0,5,1,51.0,0,1.0,14.0,0.0,0.0,1
159081,1,0,0.0,0.18445548586233385,20000.0,10,1,51.0,0,2.0,15.0,1000.0,0.0,1
159082,1,0,0.0,0.1848431591424056,54.0,16,1,41.0,1,1.0,22.0,1000.0,0.0,1
159083,1,0,0.0,0.19659893905598,50.0,6,1,41.0,1,2.0,12.0,2600.0,0.0,1
159084,1,1,0.5,0.30232020752771366,0.0,3,1,26.0,0,0.0,6.0,2000.0,0.0,1
159085,0,0,0.0,0.40386011064217436,0.0,13,1,26.0,0,2.0,12.0,3000.0,0.0,1
159086,1,0,0.0,0.11793611793611794,80.0,7,1,26.0,0,0.0,8.0,0.0,0.0,1
159087,1,1,0.5,0.12943308309603935,0.0,1,1,0.0,0,2.0,1.0,0.0,0.0,1
159088,2,2,1.0,0.04444597967602368,0.0,4,0,26.0,0,2.0,5.0,0.0,0.0,1
159089,1,1,0.5,0.13839872673171408,5000.0,2,1,13.0,0,2.0,3.0,3000.0,0.0,1
159090,1,1,0.5,0.08810938965131425,80.0,6,0,25.0,0,2.0,6.0,0.0,0.0,1
159093,1,1,0.5,0.3588516746411483,0.0,4,0,0.0,0,1.0,4.0,0.0,0.0,1
159094,0,0,0.0,0.054915118999865314,0.0,4,1,26.0,0,2.0,14.0,0.0,0.0,1
159095,1,1,0.5,0.035156799324989454,5000.0,9,0,24.0,0,1.0,3.0,0.0,0.0,1
159096,1,0,0.0,0.08825022467413506,20000.0,11,0,26.0,0,2.0,14.0,0.0,0.0,1
159097,1,1,0.5,0.16410916952713167,0.0,4,0,26.0,0,2.0,9.0,0.0,0.0,1
159098,0,1,0.5,0.05442420518948506,45.0,7,0,26.0,1,2.0,5.0,0.0,0.0,1
159099,1,1,0.5,0.06152532582374602,20000.0,7,0,26.0,0,2.0,9.0,0.0,0.0,1
159100,1,1,0.5,0.04019168341320142,50.0,5,0,22.0,0,2.0,5.0,0.0,0.0,1
159101,1,1,0.5,0.07894314859814236,0.0,3,0,31.0,0,2.0,7.0,0.0,0.0,1
159102,2,2,1.0,0.017640579185590376,0.0,4,0,22.0,0,2.0,10.0,0.0,0.0,1
159105,1,2,1.0,0.03691535274294448,55.0,7,0,26.0,0,2.0,18.0,0.0,0.0,1
159106,1,1,0.5,0.06584119036953705,20000.0,12,0,51.0,0,2.0,8.0,0.0,0.0,1
159107,0,0,0.0,0.10205232353128554,0.0,10,1,51.0,0,2.0,11.0,3000.0,0.0,1
159111,1,1,0.5,0.11751661305052798,58.0,7,0,26.0,0,2.0,19.0,0.0,0.0,1
159119,1,0,0.0,0.137573416582888,0.0,7,1,26.0,0,2.0,18.0,0.0,0.0,1
160008,2,2,1.0,0.040909090832492834,0.0,4,1,43.0,0,2.0,28.0,0.0,0.0,3
160018,1,1,0.5,0.18913752314452714,200.0,7,1,42.0,0,2.0,32.0,0.0,0.0,3
160019,0,0,0.0,0.15215910661611906,200.0,3,0,32.0,0,2.0,21.0,0.0,0.0,3
160024,1,1,0.5,0.11635286195670815,0.0,5,1,22.0,0,2.0,9.0,0.0,0.0,3
160032,1,1,0.5,0.7065821342012492,250.0,7,1,22.0,0,0.0,9.0,3000.0,0.0,3
160035,0,0,0.0,0.06073210254652232,0.0,5,0,16.0,0,1.0,20.0,0.0,0.0,3
160036,2,2,1.0,0.014095417348806736,0.0,6,1,26.0,0,2.0,13.0,0.0,0.0,3
160041,1,1,0.5,0.8125906546252016,800.0,3,1,31.0,0,2.0,14.0,1000.0,0.0,3
160051,1,1,0.5,0.14684868545093926,0.0,3,0,26.0,0,2.0,12.0,0.0,0.0,3
160054,1,1,0.5,0.06786194344560736,0.0,2,0,23.0,0,2.0,9.0,0.0,0.0,3
160055,0,1,0.5,0.4850385797714071,0.0,5,0,26.0,0,2.0,14.0,0.0,0.0,3
160056,1,1,0.5,0.19120941259685587,0.0,4,0,43.0,0,2.0,10.0,0.0,0.0,3
160057,1,1,0.5,0.7835813005294978,0.0,1,0,16.0,0,2.0,28.0,0.0,0.0,3
160058,1,0,0.0,0.2381126498687677,0.0,7,0,42.0,0,2.0,14.0,0.0,0.0,3
160060,2,2,1.0,0.0346278117206756,0.0,6,0,26.0,0,2.0,12.0,0.0,0.0,3
160144,0,0,0.0,0.1346683175916047,0.0,2,0,32.0,0,2.0,30.0,0.0,0.0,3
160145,1,1,0.5,0.019588407793479392,0.0,4,0,31.0,0,2.0,19.0,0.0,0.0,3
160146,1,1,0.5,0.07393712467710996,0.0,2,1,14.0,1,1.0,13.0,0.0,0.0,3
160147,0,1,0.5,0.13247624656114682,150.0,3,0,16.0,0,2.0,19.0,0.0,0.0,3
160148,1,1,0.5,0.2500244728626046,500.0,1,0,26.0,0,2.0,13.0,0.0,0.0,3
160150,1,1,0.5,0.2600819246786507,200.0,3,1,35.0,0,2.0,25.0,0.0,0.0,3
160151,2,2,1.0,0.04673295517002234,0.0,2,1,16.0,0,1.0,6.0,500.0,0.0,3
160153,1,1,0.5,0.15139751324970302,0.0,2,1,14.0,0,1.0,8.0,0.0,0.0,3
169001,1,0,0.0,0.1416798718149004,0.0,5,1,26.0,0,2.0,28.0,700.0,0.0,3
169002,2,1,0.5,0.0071400428390515835,0.0,4,0,34.0,0,2.0,8.0,0.0,0.0,3
169003,1,1,0.5,0.3364275443723731,0.0,4,1,43.0,0,2.0,7.0,400.0,0.0,3
169004,1,0,0.0,1.073926728602077,0.0,6,1,26.0,0,2.0,10.0,800.0,0.0,3
169007,1,1,0.5,0.11713665943600868,0.0,4,1,25.0,0,2.0,10.0,1000.0,0.0,3
169008,1,1,0.5,0.3472614186628064,0.0,2,0,14.0,0,2.0,17.0,0.0,0.0,3
169009,1,1,0.5,0.0034617430741576047,0.0,2,0,26.0,1,2.0,8.0,0.0,0.0,3
169011,1,1,0.5,0.2719717955175019,0.0,3,1,26.0,0,2.0,18.0,0.0,0.0,3
169012,2,2,1.0,0.009188319754385534,0.0,2,0,26.0,0,2.0,15.0,0.0,0.0,3
169013,1,1,0.5,0.12698116723212557,0.0,2,1,22.0,0,2.0,12.0,2000.0,0.0,3
169016,2,2,1.0,0.023329886680058632,0.0,1,0,16.0,0,2.0,6.0,0.0,0.0,3
169017,1,1,0.5,0.2774412165208852,0.0,1,0,16.0,0,2.0,8.0,0.0,0.0,3
169018,2,2,1.0,0.02574742301223204,0.0,1,0,0.0,0,2.0,7.0,0.0,0.0,3
169021,2,2,1.0,0.008086238607434229,0.0,8,0,43.0,1,2.0,18.0,0.0,0.0,3
169022,2,2,1.0,0.05191020939331088,0.0,4,0,21.0,0,2.0,6.0,0.0,0.0,3
169026,1,0,0.0,0.5265415561734896,0.0,5,0,26.0,0,2.0,15.0,0.0,0.0,3
169027,1,0,0.0,0.22181003205567446,0.0,2,0,43.0,1,2.0,27.0,0.0,0.0,3
169028,1,1,0.5,0.1118613400206848,0.0,7,0,26.0,0,2.0,8.0,0.0,0.0,3
169030,2,1,0.5,0.017216449795784565,0.0,3,0,26.0,0,2.0,7.0,0.0,0.0,3
169032,2,2,1.0,0.03782307207396512,0.0,3,0,34.0,0,2.0,5.0,0.0,0.0,3
169033,1,1,0.5,0.06329907755476086,0.0,4,0,26.0,0,2.0,7.0,0.0,0.0,3
169035,1,1,0.5,0.0658930336420544,0.0,9,0,26.0,1,2.0,21.0,0.0,0.0,3
169036,1,1,0.5,0.06846842818751278,0.0,10,0,26.0,1,2.0,4.0,0.0,0.0,3
169038,1,1,0.5,0.03835933633992193,0.0,3,0,43.0,1,0.0,14.0,0.0,0.0,3
169041,0,0,0.0,0.08031741738985729,250.0,7,0,42.0,0,0.0,27.0,0.0,0.0,3
169042,2,2,1.0,0.031307757805194375,195.0,5,0,25.0,0,2.0,14.0,0.0,0.0,3
169043,2,2,1.0,0.03581680657533216,1026.46,4,1,41.0,0,2.0,12.0,0.0,0.0,3
169046,0,0,0.0,0.26728731962371716,750.0,5,0,26.0,0,0.0,29.0,0.0,0.0,3
169047,1,0,0.0,0.19101588615453186,0.0,1,0,43.0,0,1.0,17.0,0.0,0.0,3
169048,0,0,0.0,0.8328875983800718,200.0,1,0,23.0,0,2.0,10.0,0.0,0.0,3
169049,0,0,0.0,0.3191355596923495,0.0,1,0,26.0,0,2.0,34.0,0.0,0.0,3
169050,0,0,0.0,0.2092910978058772,300.0,4,0,26.0,0,1.0,8.0,0.0,0.0,3
169054,1,1,0.5,0.0762154668427309,0.0,3,0,25.0,0,2.0,35.0,0.0,0.0,3
169056,1,1,0.5,0.04257439598269626,300.0,1,0,16.0,0,1.0,3.0,0.0,0.0,3
169057,0,0,0.0,0.6687022181936862,0.0,7,0,25.0,0,0.0,11.0,0.0,0.0,3
169058,1,1,0.5,0.0839429119004966,250.0,3,0,31.0,0,1.0,10.0,0.0,0.0,3
169059,1,1,0.5,0.2566049353991378,0.0,3,0,26.0,0,2.0,12.0,0.0,0.0,3
169061,0,0,0.0,0.18731788538920496,0.0,8,0,32.0,0,2.0,23.0,0.0,0.0,3
169065,1,1,0.5,0.2752506250209376,0.0,6,0,26.0,0,2.0,22.0,0.0,0.0,3
169066,1,1,0.5,2.6070758387133166,200.0,3,1,32.0,0,2.0,8.0,3000.0,0.0,3
169067,1,1,0.5,0.3007903186533691,20.0,3,1,16.0,0,2.0,24.0,0.0,0.0,3
169069,0,0,0.0,0.11152008343377612,0.0,7,0,41.0,0,2.0,40.0,0.0,0.0,3
169070,1,1,0.5,0.09614670254909985,100.0,3,1,25.0,0,2.0,9.0,0.0,0.0,3
169071,1,1,0.5,0.09945392643724771,0.0,2,1,26.0,0,1.0,8.0,1000.0,0.0,3
169072,1,1,0.5,0.05401350477690336,319.97,3,0,26.0,0,1.0,4.0,0.0,0.0,3
169077,2,2,1.0,0.04580436612130272,0.0,1,0,0.0,0,2.0,5.0,0.0,0.0,3
169078,1,0,0.0,0.1685987068904104,0.0,5,0,26.0,0,2.0,10.0,0.0,0.0,3
169079,1,0,0.0,1.0436385683156906,0.0,4,0,42.0,0,2.0,22.0,0.0,0.0,3
169080,1,1,0.5,1.0654362056079327,0.0,3,1,26.0,0,2.0,12.0,600.0,0.0,3
169083,1,1,0.5,0.08224356659158943,0.0,4,1,26.0,0,2.0,10.0,1800.0,0.0,3
169084,2,2,1.0,0.03337969401947149,0.0,2,1,26.0,0,2.0,5.0,2000.0,0.0,3
169089,2,2,1.0,0.0517462095546833,0.0,3,1,26.0,0,2.0,17.0,0.0,0.0,3
169092,0,0,0.0,0.05706435591250132,700.0,4,1,42.0,1,2.0,29.0,200.0,0.0,3
169095,1,0,0.0,0.24284250131750487,0.0,7,0,26.0,0,2.0,13.0,0.0,0.0,3
169097,1,2,1.0,0.04034783615931155,200.0,4,1,26.0,0,2.0,22.0,700.0,0.0,3
169099,0,1,0.5,0.12888503335233145,0.0,3,1,32.0,0,1.0,9.0,2000.0,0.0,3
169101,0,0,0.0,0.15005723832802204,0.0,4,0,41.0,0,0.0,11.0,0.0,0.0,3
169105,1,1,0.5,0.03648743474816533,71.23,1,1,0.0,0,2.0,36.0,500.0,0.0,3
169111,1,1,0.5,0.12892296731727101,0.0,3,0,16.0,0,2.0,15.0,0.0,0.0,3
169114,1,1,0.5,0.11177039023973566,0.0,3,0,26.0,0,2.0,6.0,0.0,0.0,3
169115,2,2,1.0,0.04242681374628766,0.0,6,0,26.0,0,2.0,18.0,0.0,0.0,3
169116,1,1,0.5,0.1845520675327038,32140.58,9,0,42.0,0,2.0,16.0,0.0,0.0,3
169117,1,1,0.5,0.06392650819206364,0.0,5,0,26.0,0,2.0,13.0,0.0,0.0,3
169119,1,1,0.5,0.15146415348367553,0.0,2,0,23.0,0,2.0,49.0,0.0,0.0,3
169120,1,1,0.5,3.333583939803017,0.0,6,0,43.0,0,2.0,17.0,0.0,0.0,3
169121,1,0,0.0,0.6898454746136865,2587.2,3,0,26.0,0,1.0,11.0,0.0,0.0,3
169125,1,1,0.5,0.17019082938026642,800.0,10,1,26.0,0,1.0,8.0,2000.0,0.0,3
169126,1,1,0.5,0.18935827419308024,0.0,5,0,26.0,1,2.0,15.0,0.0,0.0,3
169127,1,1,0.5,0.11045528562809245,0.0,2,0,11.0,0,2.0,7.0,0.0,0.0,3
169129,2,1,0.5,0.04934030151990878,0.0,5,0,26.0,0,0.0,9.0,0.0,0.0,3
169130,1,1,0.5,0.20520139577361288,0.0,2,0,26.0,0,2.0,11.0,0.0,0.0,3
169133,1,1,0.5,0.45039636506877456,0.0,5,0,26.0,0,2.0,17.0,0.0,0.0,3
169134,1,1,0.5,0.15236463017297003,0.0,2,0,23.0,0,2.0,25.0,0.0,0.0,3
169136,1,1,0.5,0.19013260092835496,0.0,2,0,26.0,1,2.0,31.0,0.0,0.0,3
169137,1,1,0.5,0.2611187693396775,0.0,5,0,41.0,0,2.0,9.0,0.0,0.0,3
169138,1,1,0.5,0.7145834398952335,0.0,5,0,34.0,0,2.0,14.0,0.0,0.0,3
169139,1,1,0.5,0.18982058024343526,0.0,2,1,23.0,0,2.0,6.0,1000.0,0.0,3
169141,0,0,0.0,0.21847474368665765,0.0,7,0,26.0,0,2.0,24.0,0.0,0.0,3
169142,1,1,0.5,0.24752060612590968,0.0,5,0,43.0,0,2.0,26.0,0.0,0.0,3
169144,2,2,1.0,0.015340069715063707,0.0,3,0,26.0,0,2.0,23.0,0.0,0.0,3
169145,0,0,0.0,0.5119454515013369,0.0,6,0,43.0,0,2.0,16.0,0.0,0.0,3
169160,1,1,0.5,0.17740981667652278,0.0,1,1,16.0,0,2.0,9.0,1600.0,0.0,3
169166,1,1,0.5,0.21873425055907447,350.0,2,0,26.0,0,2.0,34.0,0.0,0.0,3
169170,1,1,0.5,1.07874722392029,0.0,1,1,16.0,0,2.0,8.0,2800.0,0.0,3
169171,0,0,0.0,0.058264744873280386,692.81,3,0,28.0,0,2.0,17.0,0.0,0.0,3
170041,0,0,0.0,0.13435599277399296,100.0,6,0,26.0,0,2.0,16.0,0.0,0.0,2
170042,0,0,0.0,0.3217007529532372,50.0,8,0,52.0,0,2.0,14.0,0.0,0.0,2
170043,1,1,0.5,0.32132402524269077,50.0,6,0,51.0,0,2.0,10.0,0.0,0.0,2
170044,0,0,0.0,0.0633985020318738,36421.74,8,0,32.0,0,1.0,29.0,0.0,0.0,2
170045,1,1,0.5,0.3527987202433962,4086.86,4,0,51.0,0,2.0,5.0,0.0,0.0,2
170046,0,0,0.0,0.6154130981641915,100.0,15,0,61.0,0,0.0,15.0,0.0,0.0,2
170047,1,0,0.0,0.17932394871335067,50.0,11,0,51.0,0,2.0,12.0,0.0,0.0,2
170048,0,0,0.0,2.44814861613961,12140.58,12,0,21.0,0,0.0,23.0,0.0,0.0,2
170049,0,0,0.0,0.16420361247947454,50.0,11,0,22.0,0,1.0,25.0,0.0,0.0,2
170050,1,1,0.5,0.29009241225697485,0.0,8,0,52.0,0,2.0,10.0,0.0,0.0,2
170081,1,1,0.5,0.09534130438980754,40.0,6,1,51.0,0,2.0,9.0,600.0,0.0,2
170082,1,1,0.5,0.026037425354713848,50.0,6,1,24.0,0,1.0,15.0,0.0,0.0,2
170083,1,2,1.0,0.014557936871026415,100.0,5,1,51.0,0,2.0,12.0,0.0,0.0,2
170085,2,2,1.0,0.03624176260620041,0.0,11,0,52.0,0,2.0,21.0,0.0,0.0,2
170086,2,2,1.0,0.02762461463662582,40.0,10,1,51.0,0,2.0,16.0,0.0,0.0,2
170087,1,1,0.5,0.0528592894415712,50.0,7,1,51.0,0,0.0,9.0,500.0,0.0,2
170088,1,1,0.5,0.022817105264718293,100.0,10,1,21.0,0,2.0,15.0,4000.0,0.0,2
170089,2,2,1.0,0.04894505089754102,0.0,10,1,52.0,0,1.0,10.0,1000.0,0.0,2
170090,2,2,1.0,0.023433901796997152,50.0,5,1,51.0,0,2.0,11.0,600.0,0.0,2
179001,2,2,1.0,0.04045580203627537,30.0,5,0,51.0,0,2.0,8.0,0.0,0.0,2
179002,1,1,0.5,0.03936000670823551,50.0,10,0,13.0,0,1.0,11.0,0.0,0.0,2
179003,2,2,1.0,0.015372318039210804,20000.0,5,0,51.0,0,2.0,12.0,0.0,0.0,2
179004,2,2,1.0,0.033298851975317366,50.0,6,0,51.0,0,1.0,24.0,0.0,0.0,2
179005,2,1,0.5,0.028598703682853277,0.0,4,0,0.0,0,2.0,13.0,0.0,0.0,2
179006,0,0,0.0,0.07590825558359866,100.0,13,0,51.0,0,0.0,18.0,0.0,0.0,2
179008,0,0,0.0,0.0888025157312244,12140.58,8,0,52.0,1,2.0,49.0,0.0,0.0,2
179010,1,1,0.5,0.09070045933331593,50.0,5,0,51.0,0,2.0,13.0,0.0,0.0,2
179011,2,1,0.5,0.009891196834817012,100.0,9,0,51.0,0,0.0,11.0,0.0,0.0,2
179012,1,2,1.0,0.019100782300818138,50.0,7,0,16.0,0,2.0,12.0,0.0,0.0,2
179013,2,2,1.0,0.018879738006849476,50.0,6,1,51.0,1,2.0,12.0,0.0,0.0,2
179017,0,0,0.0,0.06662835472754901,50.0,13,1,26.0,0,0.0,19.0,0.0,0.0,2
179018,1,1,0.5,0.01802776275464215,50.0,4,1,16.0,0,2.0,9.0,0.0,0.0,2
179019,2,2,1.0,0.04823481116584565,60.0,7,1,51.0,1,2.0,8.0,0.0,0.0,2
179020,1,1,0.5,0.023975394395237798,50.0,3,1,14.0,0,2.0,4.0,0.0,0.0,2
179021,2,1,0.5,0.011957109353248901,20234.3,7,1,51.0,0,2.0,19.0,1500.0,0.0,2
179022,1,2,1.0,0.03775996282095969,75.0,3,1,41.0,0,2.0,14.0,3000.0,0.0,2
179023,2,2,1.0,0.013290624084050892,50.0,2,1,51.0,0,2.0,3.0,400.0,0.0,2
179024,1,1,0.5,0.017776057565112455,60000.0,22,1,26.0,1,0.0,49.0,2000.0,0.0,2
179025,1,1,0.5,0.04756383959095098,0.0,6,1,51.0,0,0.0,10.0,1000.0,0.0,2
179026,2,2,1.0,0.03483385387313738,0.0,14,1,51.0,0,2.0,3.0,1500.0,0.0,2
179028,1,1,0.5,0.0396788410866333,0.0,8,1,13.0,0,0.0,8.0,500.0,0.0,2
179030,2,2,1.0,0.03149893747118068,0.0,6,1,51.0,0,2.0,11.0,0.0,0.0,2
179031,1,1,0.5,0.05015383745236552,0.0,9,1,51.0,0,0.0,19.0,2000.0,0.0,2
179032,1,1,0.5,0.035722961290599146,0.0,6,1,0.0,0,2.0,6.0,0.0,0.0,2
179033,0,0,0.0,0.12727433706671387,0.0,13,1,51.0,0,2.0,13.0,4000.0,0.0,2
179034,1,1,0.5,0.09533002061511696,0.0,6,1,51.0,0,2.0,7.0,1500.0,0.0,2
179035,2,2,1.0,0.01903744224357434,0.0,10,1,51.0,0,2.0,14.0,200.0,0.0,2
179036,1,1,0.5,0.05934988452224235,100.0,12,1,51.0,0,1.0,8.0,0.0,0.0,2
179037,1,1,0.5,0.01632912278413703,50.0,4,1,51.0,0,1.0,10.0,0.0,0.0,2
179039,2,2,1.0,0.01858109837559388,50.0,6,1,52.0,0,1.0,27.0,0.0,0.0,2
179041,1,1,0.5,0.012805801251441562,50.0,11,1,26.0,1,2.0,4.0,800.0,0.0,2
179042,2,2,1.0,0.0110423722554052,40.0,6,1,51.0,1,2.0,10.0,0.0,0.0,2
179043,1,1,0.5,0.02567964891243608,50.0,7,1,26.0,0,0.0,24.0,0.0,0.0,2
179044,1,1,0.5,0.020694843455250498,0.0,9,1,16.0,0,1.0,9.0,6000.0,0.0,2
179045,0,0,0.0,0.06390693535189639,0.0,6,1,16.0,0,0.0,14.0,1000.0,0.0,2
179046,0,0,0.0,0.12622236394557823,0.0,9,1,52.0,0,2.0,24.0,200.0,0.0,2
179047,1,1,0.5,0.07079075059157865,50.0,7,1,51.0,0,2.0,10.0,0.0,0.0,2
179048,1,1,0.5,0.03164499737798593,50.0,6,1,12.0,0,1.0,16.0,200.0,0.0,2
179049,1,1,0.5,0.04642907204694482,0.0,13,1,51.0,0,0.0,21.0,3000.0,0.0,2
179050,1,2,1.0,0.033628068638970485,0.0,6,1,0.0,0,2.0,16.0,1000.0,0.0,2
179053,1,1,0.5,0.11361405243548552,0.0,6,1,51.0,0,2.0,9.0,400.0,0.0,2
179054,1,1,0.5,0.07205401087700264,50.0,7,1,51.0,0,2.0,13.0,0.0,0.0,2
179055,1,1,0.5,0.03535063899247716,50.0,10,1,51.0,0,2.0,22.0,0.0,0.0,2
179056,0,0,0.0,0.06666989914662529,50.0,7,1,0.0,0,2.0,10.0,1200.0,0.0,2
179058,1,1,0.5,0.09636061287243432,50.0,4,1,0.0,0,2.0,9.0,400.0,0.0,2
179059,1,0,0.0,0.12014271529376738,0.0,13,1,3.0,0,2.0,23.0,0.0,0.0,2
179060,0,1,0.5,0.09504574076274207,0.0,4,1,16.0,0,1.0,4.0,600.0,0.0,2
179061,1,0,0.0,0.08735751160260008,0.0,9,0,51.0,0,2.0,22.0,0.0,0.0,2
179062,1,1,0.5,0.050240147906995436,0.0,4,1,0.0,0,2.0,12.0,1000.0,0.0,2
179063,1,1,0.5,0.028875783180002855,0.0,7,0,51.0,0,2.0,25.0,0.0,0.0,2
179064,2,2,1.0,0.01778309511542352,0.0,7,0,51.0,0,2.0,22.0,0.0,0.0,2
179065,2,2,1.0,0.03025587828492393,0.0,5,0,51.0,0,2.0,10.0,0.0,0.0,2
179067,0,1,0.5,0.09423548100481947,0.0,4,0,0.0,1,2.0,8.0,0.0,0.0,2
179068,1,1,0.5,0.029141774734081305,0.0,7,0,51.0,0,0.0,14.0,0.0,0.0,2
179069,1,1,0.5,0.027307482250136537,0.0,2,0,0.0,0,2.0,8.0,0.0,0.0,2
179070,0,0,0.0,0.22198263291351347,0.0,14,0,51.0,0,0.0,38.0,0.0,0.0,2
179072,1,1,0.5,0.1178307361475241,0.0,7,0,3.0,0,2.0,13.0,0.0,0.0,2
179073,1,1,0.5,0.013462574044157244,16187.44,17,1,51.0,0,2.0,31.0,1000.0,0.0,2
179074,1,1,0.5,0.014011409722147095,0.0,5,1,51.0,0,0.0,12.0,400.0,0.0,2
179076,2,2,1.0,0.040631940888788916,50.0,11,1,51.0,0,2.0,20.0,300.0,0.0,2
179079,2,2,1.0,0.017757135569685688,50.0,12,1,51.0,0,2.0,17.0,0.0,0.0,2
179080,2,2,1.0,0.02173244065373417,40.0,6,1,15.0,0,2.0,5.0,600.0,0.0,2
179082,1,1,0.5,0.014963719136470469,50.0,10,1,51.0,0,0.0,11.0,200.0,0.0,2
179086,1,1,0.5,0.020666863582885053,60000.0,10,1,41.0,0,1.0,38.0,1000.0,0.0,2
179089,1,1,0.5,0.03132270974990889,0.0,5,1,34.0,0,0.0,14.0,500.0,0.0,2
179097,2,2,1.0,0.03798526171845324,0.0,6,1,51.0,0,1.0,7.0,0.0,0.0,2
179098,1,1,0.5,0.023523540275157555,0.0,7,1,12.0,0,0.0,15.0,0.0,0.0,2
179100,1,1,0.5,0.014448779078167894,0.0,8,1,51.0,0,2.0,22.0,5000.0,0.0,2
179101,1,1,0.5,0.06549440415810874,0.0,9,1,51.0,0,2.0,17.0,0.0,0.0,2
179103,2,2,1.0,0.05024148551808986,0.0,9,1,51.0,0,2.0,10.0,500.0,0.0,2
179104,1,1,0.5,0.01399038778063072,0.0,6,1,0.0,0,2.0,4.0,0.0,0.0,2
179105,1,1,0.5,0.01942887226019196,0.0,4,1,51.0,0,0.0,12.0,0.0,0.0,2
179106,1,1,0.5,0.02959586841676902,0.0,5,1,0.0,0,2.0,8.0,0.0,0.0,2
179108,2,2,1.0,0.023933855526544822,0.0,5,1,51.0,0,2.0,11.0,0.0,0.0,2
180009,1,0,0.0,0.22092124157737766,4046.86,11,1,32.0,0,2.0,15.0,2200.0,0.0,2
180031,1,0,0.0,0.129835379821431,15000.0,6,1,22.0,0,2.0,8.0,1000.0,0.0,2
180032,0,0,0.0,0.19764798893171262,20234.3,2,1,0.0,0,0.0,11.0,1000.0,0.0,2
180033,1,0,0.0,0.3270722362396038,10000.0,9,1,51.0,0,2.0,16.0,0.0,0.0,2
180034,0,0,0.0,0.055215672416458694,4046.86,8,1,52.0,0,2.0,7.0,9000.0,0.0,2
180035,0,0,0.0,0.11853959222380275,4046.86,10,1,26.0,1,2.0,11.0,1000.0,0.0,2
180036,1,1,0.5,0.059113300492610835,8093.72,12,1,41.0,0,2.0,9.0,400.0,0.0,2
180037,0,0,0.0,0.09032199792259404,0.0,7,1,25.0,0,1.0,4.0,0.0,0.0,2
180038,0,0,0.0,0.07852468768590125,20234.3,9,1,51.0,0,1.0,11.0,3500.0,0.0,2
180039,0,0,0.0,0.3809814081072843,2023.43,2,1,34.0,0,0.0,14.0,0.0,0.0,2
180040,0,0,0.0,0.07064142413111048,6070.29,17,1,35.0,0,2.0,12.0,2000.0,0.0,2
180041,0,0,0.0,0.3376588756463547,28328.02,15,1,51.0,0,2.0,9.0,800.0,0.0,2
180042,0,0,0.0,0.16965178899004793,40468.6,4,1,25.0,0,2.0,8.0,1500.0,0.0,2
180043,0,0,0.0,0.22937095016916106,4046.86,5,1,22.0,0,2.0,9.0,300.0,0.0,2
180044,0,0,0.0,0.2370407512310886,5260.918,9,1,26.0,0,1.0,18.0,500.0,0.0,2
180046,0,0,0.0,0.896700143472023,100.0,6,1,34.0,0,2.0,15.0,400.0,0.0,2
180049,1,1,0.5,0.5151263900800245,0.0,7,1,51.0,0,2.0,5.0,0.0,0.0,2
180050,2,2,1.0,0.037359900373599,4046.86,11,1,41.0,0,2.0,13.0,600.0,0.0,2
180091,0,0,0.0,0.1706515545469148,4896.860000000001,8,1,34.0,0,2.0,7.0,3500.0,0.0,2
180092,1,1,0.5,0.14674590945777385,1750.0,4,1,16.0,0,2.0,3.0,0.0,0.0,2
180093,1,1,0.5,0.38976224503053136,450.0,5,0,26.0,0,2.0,3.0,2100.0,0.0,2
180094,0,1,0.5,0.06841017660832682,0.0,5,0,16.0,0,2.0,12.0,0.0,0.0,2
180095,1,1,0.5,0.006767308028627036,0.0,4,0,26.0,0,1.0,7.0,0.0,0.0,2
180096,0,0,0.0,0.12416632441379469,0.0,1,0,0.0,0,2.0,2.0,2600.0,0.0,2
180097,0,0,0.0,0.11440993078199188,8093.72,5,0,26.0,0,2.0,5.0,2800.0,0.0,2
180098,1,1,0.5,0.044305031279352085,28093.72,7,0,26.0,0,2.0,8.0,1000.0,0.0,2
180099,2,2,1.0,0.02858735581252412,8093.72,2,0,0.0,0,2.0,9.0,1000.0,0.0,2
180100,2,2,1.0,0.018868540762952756,10117.15,6,0,26.0,0,2.0,8.0,1000.0,0.0,2
189003,0,1,0.5,0.06125961528802207,0.0,9,0,26.0,1,2.0,14.0,0.0,0.0,2
189005,1,1,0.5,0.0070337046338766526,12140.58,2,0,16.0,0,1.0,5.0,0.0,0.0,2
189006,2,2,1.0,0.04470707412863467,16996.811999999998,4,0,43.0,0,2.0,14.0,0.0,0.0,2
189007,0,0,0.0,0.37924554389523735,2450.0,6,0,26.0,0,2.0,16.0,0.0,0.0,2
189009,2,2,1.0,0.0021070300190934635,4046.86,7,0,41.0,1,2.0,26.0,0.0,0.0,2
189010,0,0,0.0,0.17162547557343225,14164.01,6,0,26.0,0,2.0,15.0,0.0,0.0,2
189011,1,0,0.0,0.31907842067476233,10117.15,11,0,34.0,0,2.0,17.0,0.0,0.0,2
189012,0,0,0.0,0.8874508726633077,16187.44,4,1,21.0,1,2.0,16.0,5000.0,0.0,2
189014,1,1,0.5,0.056606951474332194,12140.58,5,1,22.0,0,2.0,6.0,0.0,0.0,2
189015,2,2,1.0,0.019829466587348802,12140.58,5,1,16.0,1,2.0,7.0,3500.0,0.0,2
189016,0,0,0.0,0.06072874493927126,0.0,7,1,25.0,1,2.0,7.0,2500.0,0.0,2
189018,1,1,0.5,0.6195854168796439,4050.0,9,1,16.0,0,2.0,5.0,4000.0,0.0,2
189019,1,1,0.5,0.24532596649108912,10117.15,4,1,26.0,0,2.0,6.0,5000.0,0.0,2
189020,0,1,0.5,0.3117984534796708,0.0,7,1,22.0,1,2.0,7.0,4200.0,0.0,2
189021,0,0,0.0,0.24252491502891674,0.0,6,1,16.0,0,2.0,9.0,5000.0,0.0,2
189023,0,0,0.0,0.4643860764188885,10000.0,14,1,26.0,1,0.0,5.0,3000.0,0.0,2
189024,1,1,0.5,0.36868909087598417,4046.86,5,1,26.0,1,2.0,10.0,6000.0,0.0,2
189034,1,0,0.0,0.19892232996746173,0.0,4,1,43.0,0,2.0,43.0,2300.0,0.0,2
189037,2,2,1.0,0.015926483352843274,20234.3,7,1,51.0,0,2.0,8.0,0.0,0.0,2
189038,1,1,0.5,0.5985236416838465,4046.86,9,1,0.0,0,2.0,4.0,1500.0,0.0,2
189039,0,0,0.0,0.38163838825760893,32374.879999999997,8,1,51.0,0,2.0,6.0,1000.0,0.0,2
189040,1,0,0.0,0.1748631049342263,2023.43,10,1,51.0,0,2.0,16.0,600.0,0.0,2
189041,1,1,0.5,0.09623990507577743,0.0,2,1,0.0,0,0.0,4.0,0.0,0.0,2
189043,0,0,0.0,0.36600449302067295,16187.44,7,1,51.0,0,1.0,11.0,1500.0,0.0,2
189045,0,0,0.0,0.16549050202725865,6474.976000000001,9,1,51.0,0,2.0,9.0,0.0,0.0,2
189047,0,0,0.0,0.22828378260825327,6070.29,5,1,51.0,1,2.0,8.0,500.0,0.0,2
189048,0,0,0.0,0.3318171008599828,12140.58,11,1,51.0,0,0.0,13.0,600.0,0.0,2
189049,1,1,0.5,0.33659909982531216,2832.802,9,1,51.0,1,2.0,12.0,400.0,0.0,2
189051,0,0,0.0,0.259107221070002,4046.86,5,1,51.0,0,2.0,8.0,300.0,0.0,2
189052,2,2,1.0,0.05138029492289286,2023.43,7,1,51.0,1,2.0,6.0,300.0,0.0,2
189053,1,1,0.5,0.363483854039103,4046.86,15,1,0.0,0,2.0,8.0,1500.0,0.0,2
189054,0,0,0.0,0.335241729467228,6070.29,7,1,51.0,0,2.0,3.0,1000.0,0.0,2
189055,0,1,0.5,0.3243944636678201,0.0,7,1,23.0,0,2.0,5.0,2000.0,0.0,2
189056,1,1,0.5,0.11242202441858533,8093.72,4,1,26.0,1,2.0,4.0,0.0,0.0,2
189057,0,0,0.0,1.7400021586578758,20334.3,3,1,51.0,0,0.0,8.0,1000.0,0.0,2
189058,0,0,0.0,0.3167790680733412,0.0,11,1,22.0,0,2.0,10.0,600.0,0.0,2
189060,1,0,0.0,0.7834651238270848,28328.02,6,1,51.0,0,2.0,9.0,0.0,0.0,2
189062,0,0,0.0,0.10970430078491074,28093.72,8,1,52.0,1,2.0,23.0,4500.0,0.0,2
189064,0,0,0.0,0.21798138893630087,30000.0,6,1,26.0,0,2.0,10.0,3500.0,0.0,2
189065,0,0,0.0,0.4572470704739504,12140.58,8,1,26.0,0,2.0,7.0,0.0,0.0,2
189066,1,1,0.5,0.04095339503644852,0.0,10,1,26.0,0,2.0,3.0,0.0,0.0,2
189067,1,1,0.5,0.034057045551298425,4046.86,5,1,26.0,0,2.0,9.0,1000.0,0.0,2
189068,1,1,0.5,0.10624568631867652,12140.58,9,1,52.0,0,2.0,3.0,2800.0,0.0,2
189069,0,0,0.0,0.7357587064335411,10117.15,15,1,26.0,0,1.0,14.0,0.0,0.0,2
189070,0,0,0.0,0.06483882919599852,8093.72,10,1,34.0,1,2.0,6.0,2500.0,0.0,2
189071,1,0,0.0,0.10211499158902712,30450.0,5,1,25.0,1,2.0,9.0,200.0,0.0,2
189072,1,1,0.5,1.6536442184464013,8093.72,11,0,51.0,0,2.0,7.0,400.0,0.0,2
189074,0,0,0.0,1.298624638451095,10025.0,4,1,26.0,0,2.0,11.0,1000.0,0.0,2
189075,0,0,0.0,0.12064085848983887,8093.72,6,1,16.0,0,2.0,10.0,0.0,0.0,2
189078,1,0,0.0,0.06695156678175315,1650.0,7,1,51.0,0,0.0,8.0,1000.0,0.0,2
189085,0,0,0.0,0.4281555060798082,0.0,6,0,42.0,1,2.0,26.0,300.0,0.0,2
189109,0,0,0.0,0.7644730897418848,4700.0,5,1,26.0,0,2.0,8.0,3200.0,0.0,2
189110,1,1,0.5,0.05976506165447501,20234.3,6,1,34.0,0,2.0,15.0,3400.0,0.0,2
189112,1,1,0.5,0.35806386977480387,450.0,6,1,23.0,0,1.0,2.0,2500.0,0.0,2
189116,1,0,0.0,0.15809088948196456,8093.72,4,1,26.0,0,2.0,7.0,1000.0,0.0,2
189117,0,0,0.0,0.17131551264487768,0.0,9,1,22.0,1,2.0,10.0,2500.0,0.0,2
189118,1,1,0.5,0.05762463165995591,12140.58,6,1,16.0,1,2.0,4.0,1500.0,0.0,2
189119,0,0,0.0,0.09358622410781134,8093.72,1,1,12.0,0,2.0,2.0,1000.0,0.0,2
189120,0,0,0.0,0.08279002380213184,0.0,3,1,21.0,1,2.0,5.0,3200.0,0.0,2
189121,0,0,0.0,0.1490658539817146,0.0,11,0,0.0,0,2.0,8.0,0.0,0.0,2
189122,0,0,0.0,0.4765414359147245,5650.0,7,0,26.0,1,2.0,5.0,0.0,0.0,2
189125,1,1,0.5,0.04988360492184901,0.0,9,0,16.0,0,2.0,11.0,0.0,0.0,2
189126,0,0,0.0,0.060123252667969335,8093.72,12,0,52.0,1,2.0,5.0,0.0,0.0,2
189127,0,0,0.0,0.07287540364972246,0.0,10,0,52.0,1,2.0,16.0,0.0,0.0,2
189128,1,0,0.0,0.38157683677291143,4500.0,5,0,51.0,1,2.0,5.0,0.0,0.0,2
189129,0,0,0.0,0.6212165204510386,10000.0,15,0,24.0,0,2.0,22.0,0.0,0.0,2
189130,1,0,0.0,0.10310921692633637,12140.58,7,0,52.0,0,2.0,12.0,0.0,1.0,2
189131,1,1,0.5,0.2870461844462675,10117.15,6,1,13.0,0,2.0,7.0,5000.0,0.0,2
189132,2,2,1.0,0.03695810183188991,14164.01,7,0,26.0,0,2.0,9.0,0.0,0.0,2
189133,1,0,0.0,0.05956744868035191,10000.0,11,1,21.0,0,2.0,19.0,1000.0,0.0,2
189134,0,0,0.0,0.1556545833995916,16187.44,7,1,16.0,0,2.0,15.0,4500.0,0.0,2
189136,0,1,0.5,0.3142259574998352,18210.870000000003,12,1,23.0,0,2.0,7.0,9000.0,0.0,2
189137,1,1,0.5,0.06810751907010534,0.0,8,1,24.0,0,2.0,11.0,1600.0,0.0,2
189139,0,0,0.0,0.22727163353982605,0.0,5,1,41.0,0,1.0,13.0,1000.0,0.0,2
189140,0,0,0.0,0.601286753652817,50.0,5,1,42.0,0,2.0,7.0,800.0,0.0,2
189141,2,2,1.0,0.041656252603515784,4046.86,9,1,26.0,0,2.0,11.0,3000.0,0.0,2
189142,0,0,0.0,0.23443856361069354,0.0,6,1,26.0,0,2.0,7.0,5000.0,0.0,2
189143,0,0,0.0,0.721492566073634,4046.86,5,1,22.0,0,2.0,10.0,2800.0,0.0,2
189144,0,0,0.0,0.24547239799258128,0.0,8,1,26.0,0,0.0,10.0,2000.0,0.0,2
189147,0,0,0.0,0.05519779208831647,1250.0,10,0,34.0,0,2.0,12.0,0.0,0.0,2
189148,0,0,0.0,0.18580743170228853,7700.0,5,0,52.0,1,2.0,12.0,0.0,0.0,2
189150,0,0,0.0,0.21520561945672168,0.0,10,0,16.0,0,2.0,21.0,0.0,0.0,2
189154,1,0,0.0,0.3618517704743713,9307.778,7,0,51.0,0,2.0,19.0,0.0,0.0,2
189157,0,0,0.0,0.14926514127397042,8093.72,7,1,42.0,0,2.0,12.0,1500.0,0.0,2
189158,0,0,0.0,0.3072728500695216,20000.0,10,1,26.0,0,2.0,8.0,1000.0,0.0,2
189160,0,0,0.0,0.3181579470170653,32023.43,3,1,42.0,1,2.0,27.0,0.0,0.0,2
189161,1,1,0.5,0.07941333183298806,40468.6,3,1,42.0,0,2.0,11.0,1000.0,0.0,2
189164,0,0,0.0,0.23351896522589777,60000.0,7,1,41.0,1,2.0,18.0,6000.0,0.0,2
189169,0,0,0.0,0.2400242463398661,32374.879999999997,13,1,51.0,0,2.0,8.0,2000.0,0.0,2
189170,1,1,0.5,0.07674243703283042,0.0,3,1,0.0,0,2.0,8.0,2500.0,0.0,2
189173,1,1,0.5,0.4443740575749961,8093.72,9,1,0.0,0,2.0,5.0,5000.0,0.0,2
189174,0,0,0.0,0.5598274618277208,8093.72,5,1,51.0,0,2.0,7.0,0.0,0.0,2
189175,1,1,0.5,0.29060494837839895,0.0,10,1,16.0,0,2.0,4.0,10000.0,0.0,2
189176,1,1,0.5,0.08168748184722625,0.0,5,1,51.0,0,2.0,7.0,0.0,0.0,2
189178,0,0,0.0,0.7979890675497745,4046.86,3,1,0.0,0,1.0,11.0,1000.0,0.0,2
189179,0,0,0.0,0.13659102938414522,4046.86,4,1,13.0,0,2.0,3.0,1200.0,0.0,2
189180,0,0,0.0,0.23891063722271805,4046.86,12,1,51.0,0,2.0,11.0,1000.0,0.0,2
189181,0,0,0.0,0.3469210754553339,100.0,10,1,26.0,0,2.0,14.0,1000.0,0.0,2
189187,1,0,0.0,0.6198987498708545,4046.86,9,1,51.0,0,2.0,12.0,500.0,0.0,2
189188,1,0,0.0,0.0600817111271329,6070.29,12,1,41.0,0,2.0,19.0,300.0,0.0,2
189192,0,0,0.0,0.4262444816562643,180.0,11,1,26.0,0,2.0,18.0,12000.0,0.0,2
189194,1,0,0.0,0.27787211707678533,16187.44,12,0,51.0,0,2.0,11.0,0.0,0.0,2
189195,0,0,0.0,0.3654614559984407,8093.72,6,0,52.0,0,2.0,9.0,0.0,0.0,2
189196,0,0,0.0,0.30339681728737333,37257.729999999996,8,0,51.0,0,0.0,9.0,0.0,0.0,2
189197,0,0,0.0,0.26237864987443305,22257.73,9,0,51.0,0,0.0,12.0,0.0,0.0,2
189199,0,0,0.0,0.35180663052025996,0.0,10,0,51.0,0,0.0,6.0,0.0,0.0,2
189200,0,0,0.0,0.5660206484332548,0.0,13,0,52.0,0,2.0,16.0,0.0,0.0,2
189202,1,1,0.5,0.07207899858244636,0.0,9,0,0.0,0,2.0,7.0,0.0,0.0,2
189203,0,1,0.5,0.1262878551684032,0.0,5,0,51.0,0,2.0,8.0,0.0,0.0,2
189204,1,0,0.0,0.19082066407883774,6070.29,12,0,13.0,0,2.0,10.0,0.0,0.0,2
189212,0,0,0.0,0.2637269898201382,0.0,6,0,42.0,1,2.0,23.0,0.0,0.0,2
189213,1,1,0.5,0.048485960412509556,0.0,3,0,42.0,0,2.0,19.0,0.0,0.0,2
189214,1,1,0.5,0.019426153027091688,16187.44,6,0,34.0,1,2.0,31.0,0.0,0.0,2
189216,1,1,0.5,0.1513110162912637,0.0,7,0,42.0,0,2.0,14.0,0.0,0.0,2
189222,2,2,1.0,0.012807705115397423,2023.43,6,1,26.0,1,2.0,15.0,700.0,0.0,2
189235,0,0,0.0,0.13519342129782852,12140.58,5,1,23.0,1,2.0,8.0,3000.0,0.0,2
189236,1,0,0.0,0.3160450075762142,14164.01,7,1,26.0,0,2.0,14.0,1000.0,0.0,2
189252,0,0,0.0,0.2494359625091614,14164.01,8,0,34.0,0,2.0,15.0,0.0,0.0,2
190081,0,0,0.0,0.13294882728074806,6474.976000000001,12,1,51.0,0,1.0,14.0,600.0,0.0,2
190082,0,0,0.0,0.09500943522434722,12023.43,12,1,52.0,0,2.0,33.0,3000.0,0.0,2
190083,0,0,0.0,0.16094239547030326,12340.58,8,1,51.0,1,2.0,8.0,1200.0,0.0,2
190084,0,0,0.0,0.11824655921201087,6133.860000000001,16,1,51.0,0,2.0,9.0,0.0,0.0,2
190085,0,0,0.0,0.07879068922911583,10040.0,4,1,51.0,0,2.0,8.0,1000.0,0.0,2
190086,0,0,0.0,0.13379955043351055,4146.860000000001,7,1,52.0,0,2.0,8.0,1000.0,0.0,2
190087,0,0,0.0,0.08362068977530145,20023.43,3,1,51.0,0,0.0,8.0,600.0,0.0,2
190088,1,1,0.5,0.1321918880648713,12200.58,7,1,52.0,0,2.0,4.0,0.0,0.0,2
190089,0,0,0.0,0.061641916714685226,11735.894,8,1,52.0,0,2.0,8.0,2000.0,0.0,2
190090,1,1,0.5,0.04096065789999662,30426.45,5,1,52.0,0,0.0,8.0,0.0,0.0,2
190132,1,1,0.5,0.011237375529943893,15000.0,10,0,51.0,0,2.0,15.0,0.0,0.0,2
190133,1,1,0.5,0.08985947903258008,1400.0,12,0,52.0,0,2.0,14.0,0.0,0.0,2
190134,0,0,0.0,0.14404574790754976,24331.16,13,1,26.0,0,2.0,20.0,10000.0,0.0,2
190135,2,1,0.5,0.016833366564111198,8093.72,3,0,52.0,0,1.0,7.0,0.0,0.0,2
190136,2,2,1.0,0.0458330564155345,12140.58,13,0,34.0,1,2.0,20.0,0.0,0.0,2
190137,2,2,1.0,0.022451440137168953,4106.860000000001,5,1,52.0,0,0.0,3.0,0.0,0.0,2
190138,2,2,1.0,0.034608535270899424,12190.58,9,0,52.0,0,2.0,10.0,0.0,0.0,2
190139,0,0,0.0,0.09115627033832557,9163.720000000001,9,1,51.0,0,2.0,22.0,600.0,0.0,2
190162,0,0,0.0,0.27159152634437805,30351.45,5,1,52.0,0,2.0,21.0,2000.0,0.0,2
190163,0,0,0.0,0.13541576978483832,14164.01,8,1,52.0,0,2.0,16.0,0.0,0.0,2
190164,1,1,0.5,0.024167294137730805,12200.58,4,1,51.0,0,1.0,11.0,800.0,0.0,2
190165,1,1,0.5,0.049224604092586485,8143.72,7,1,51.0,0,2.0,14.0,1000.0,0.0,2
190166,0,0,0.0,0.40475052683042134,26354.59,5,1,51.0,0,2.0,8.0,1850.0,0.0,2
190167,2,2,1.0,0.04227234124898926,8093.72,6,1,51.0,0,2.0,9.0,0.0,0.0,2
190168,1,1,0.5,0.18627212378227853,0.0,5,1,51.0,0,2.0,8.0,400.0,0.0,2
190170,1,1,0.5,0.04628619681283402,5096.860000000001,10,1,52.0,1,2.0,31.0,0.0,0.0,2
190171,0,0,0.0,0.6169389852647994,6220.29,6,0,52.0,0,2.0,16.0,0.0,0.0,2
190172,0,1,0.5,0.1330372519199498,4046.86,8,0,26.0,0,2.0,15.0,0.0,0.0,2
190173,0,0,0.0,0.3252920370649238,300.0,9,0,52.0,0,2.0,8.0,0.0,0.0,2
190174,0,0,0.0,0.06857985458561305,0.0,15,1,51.0,0,0.0,19.0,0.0,0.0,2
190175,0,0,0.0,0.49701893837672395,2252.0,7,0,52.0,0,0.0,6.0,0.0,0.0,2
190176,0,0,0.0,0.07142092698410081,4046.86,9,0,52.0,0,2.0,12.0,0.0,0.0,2
190177,1,1,0.5,0.0721628043803771,8093.72,6,0,51.0,0,0.0,4.0,0.0,0.0,2
190178,0,0,0.0,0.2277779845351114,4116.860000000001,8,1,52.0,0,2.0,5.0,0.0,0.0,2
190179,1,1,0.5,0.04729990452923217,12046.86,6,0,51.0,0,2.0,11.0,0.0,0.0,2
190180,0,0,0.0,0.31907697412923897,4046.86,9,0,51.0,0,2.0,12.0,0.0,0.0,2
190191,0,0,0.0,0.5773672055427252,4046.86,1,1,26.0,0,2.0,2.0,0.0,0.0,2
190192,2,2,1.0,0.03339955047916709,12200.58,21,1,52.0,0,2.0,26.0,0.0,0.0,2
190194,0,0,0.0,0.19491741923422767,12440.58,10,1,51.0,0,2.0,21.0,0.0,0.0,2
190199,0,0,0.0,0.33933029246872276,24364.010000000002,11,1,51.0,0,2.0,22.0,0.0,0.0,2
190200,0,0,0.0,0.7755341880060379,1000.0,7,1,51.0,0,2.0,11.0,12000.0,0.0,2
199001,0,0,0.0,0.14533827483467773,4116.860000000001,16,1,52.0,0,2.0,25.0,200.0,0.0,2
199002,1,1,0.5,0.05299672320332036,9493.720000000001,10,1,52.0,0,2.0,13.0,0.0,0.0,2
199004,1,1,0.5,0.05221045802227908,4076.86,9,1,51.0,0,1.0,16.0,500.0,0.0,2
199005,0,0,0.0,0.11016370326304889,4246.860000000001,12,1,51.0,0,0.0,19.0,0.0,0.0,2
199006,0,0,0.0,0.05958422055788843,35000.0,8,1,51.0,0,0.0,15.0,300.0,0.0,2
199007,0,0,0.0,0.14137645820123393,10043.720000000001,16,1,52.0,1,2.0,13.0,400.0,0.0,2
199008,1,2,1.0,0.026672438694457127,8143.72,8,1,51.0,0,2.0,13.0,0.0,0.0,2
199012,2,2,1.0,0.015067801693815976,6546.860000000001,8,1,51.0,0,2.0,6.0,0.0,0.0,2
199013,2,2,1.0,0.03969326442733234,20284.3,8,0,52.0,0,1.0,8.0,0.0,0.0,2
199014,1,0,0.0,0.10778140051550646,8093.72,13,0,51.0,0,0.0,5.0,0.0,0.0,2
199021,0,0,0.0,0.232292928065948,13093.720000000001,8,0,51.0,0,2.0,18.0,0.0,0.0,2
199023,0,0,0.0,0.096730855351545,10000.0,8,0,26.0,1,2.0,8.0,0.0,0.0,2
199024,0,0,0.0,0.07496884221715326,16297.44,2,1,51.0,0,2.0,8.0,0.0,0.0,2
199025,0,0,0.0,0.14755595643783365,12140.58,18,1,51.0,1,2.0,34.0,500.0,0.0,2
199027,0,0,0.0,0.34074682807639933,4450.0,8,1,51.0,1,2.0,13.0,1000.0,0.0,2
199030,2,2,1.0,0.00600802311572684,6110.29,10,1,52.0,1,2.0,19.0,500.0,0.0,2
199031,0,0,0.0,0.13412266681803153,6110.29,6,1,51.0,1,2.0,14.0,2000.0,0.0,2
199032,0,0,0.0,0.2207462147906619,8193.720000000001,8,1,51.0,0,2.0,13.0,0.0,0.0,2
199033,0,0,0.0,0.12060734040409549,4451.546,11,1,52.0,0,2.0,23.0,0.0,0.0,2
199034,1,0,0.0,0.5713185708934929,8093.72,10,1,52.0,0,2.0,14.0,1000.0,0.0,2
199035,0,0,0.0,0.2548131370328426,4106.860000000001,8,1,51.0,0,0.0,6.0,0.0,0.0,2
199036,0,0,0.0,0.08412446306751568,12180.58,5,1,26.0,1,2.0,19.0,400.0,0.0,2
199038,0,0,0.0,0.162362491350271,8093.72,9,1,52.0,0,2.0,10.0,3000.0,0.0,2
199041,0,0,0.0,0.6005284650492433,4246.860000000001,7,1,51.0,0,2.0,8.0,0.0,0.0,2
199044,1,1,0.5,0.051049579351466146,8293.720000000001,14,1,51.0,0,2.0,15.0,0.0,0.0,2
199046,0,0,0.0,0.42008401680336066,6120.29,7,1,21.0,0,2.0,12.0,0.0,0.0,2
199047,0,0,0.0,0.6923180115921653,12140.58,22,1,51.0,0,2.0,34.0,1000.0,0.0,2
199051,1,1,0.5,0.11938567808895666,650.0,8,0,51.0,0,1.0,8.0,0.0,0.0,2
199052,0,0,0.0,0.1325869451429388,12190.58,4,0,52.0,0,2.0,11.0,0.0,0.0,2
199053,0,0,0.0,0.1655859825122208,12200.58,13,0,52.0,0,2.0,14.0,0.0,0.0,2
199054,1,0,0.0,0.3109452736318408,1274.058,4,0,52.0,0,2.0,10.0,0.0,0.0,2
199055,1,0,0.0,0.07765435464042483,12200.58,10,0,51.0,0,2.0,15.0,0.0,0.0,2
199056,0,0,0.0,0.14734050390452336,4046.86,2,0,51.0,0,2.0,6.0,0.0,0.0,2
199057,0,0,0.0,0.22679410335331282,4046.86,8,0,62.0,0,2.0,8.0,0.0,0.0,2
199058,0,0,0.0,0.3401616330898758,0.0,7,0,52.0,1,2.0,11.0,0.0,0.0,2
199059,0,0,0.0,0.20195673637914013,4046.86,3,0,51.0,0,1.0,6.0,0.0,0.0,2
199060,0,0,0.0,0.2671370014079697,7284.348,6,0,51.0,0,1.0,12.0,0.0,0.0,2
199061,0,0,0.0,0.0641276651579391,11323.54,7,1,34.0,0,2.0,19.0,0.0,0.0,2
199064,0,0,0.0,0.20827076241560138,16247.44,4,1,51.0,0,1.0,20.0,600.0,0.0,2
199065,0,0,0.0,0.07042590541664775,8153.72,10,1,51.0,0,1.0,6.0,0.0,0.0,2
199066,0,0,0.0,0.14741222972996137,4046.86,7,1,42.0,1,2.0,36.0,1000.0,0.0,2
199067,1,1,0.5,0.34990703673383267,26304.59,25,1,51.0,0,2.0,29.0,2000.0,0.0,2
199068,0,0,0.0,0.06657268170426066,8143.72,9,1,52.0,0,2.0,15.0,0.0,0.0,2
199069,0,0,0.0,0.11239502197176476,17070.29,4,1,51.0,0,2.0,10.0,500.0,0.0,2
199071,1,1,0.5,0.045993928801398215,4046.86,10,1,43.0,0,1.0,27.0,600.0,0.0,2
199072,0,0,0.0,0.10280159707216714,18243.72,10,1,34.0,0,2.0,36.0,500.0,0.0,2
199073,0,0,0.0,0.08780491988719773,12440.58,9,1,26.0,0,2.0,12.0,800.0,0.0,2
199074,0,0,0.0,0.3036813061702947,12190.58,9,1,52.0,0,2.0,13.0,500.0,0.0,2
199075,0,0,0.0,0.21182332766675543,14414.01,5,1,51.0,0,2.0,13.0,800.0,0.0,2
199077,1,1,0.5,0.011317003211293227,8143.72,8,1,51.0,0,1.0,8.0,500.0,0.0,2
199078,1,0,0.0,0.07538741598223925,8163.72,8,1,34.0,0,2.0,6.0,0.0,0.0,2
199079,0,0,0.0,0.06864988558352403,4106.860000000001,6,1,52.0,0,2.0,7.0,300.0,0.0,2
199080,1,1,0.5,0.043564608192701276,0.0,10,1,51.0,1,1.0,22.0,600.0,0.0,2
199081,0,0,0.0,0.12167066373827025,8143.72,3,1,52.0,0,2.0,10.0,0.0,0.0,2
199082,0,0,0.0,0.08637280392879246,14214.01,8,1,52.0,0,2.0,13.0,1000.0,0.0,2
199085,0,0,0.0,0.6182821268905165,4046.86,7,1,51.0,1,2.0,12.0,3000.0,0.0,2
199086,1,1,0.5,0.08681805787693482,4086.86,6,1,15.0,1,2.0,5.0,2500.0,0.0,2
199087,0,0,0.0,0.060933257824835205,8093.72,9,1,52.0,0,2.0,9.0,0.0,0.0,2
199088,0,0,0.0,0.3855710736012339,4046.86,9,1,51.0,0,2.0,8.0,3000.0,0.0,2
199090,0,0,0.0,0.9997000899730081,2023.43,5,1,16.0,1,2.0,8.0,0.0,0.0,2
199091,0,0,0.0,0.48352781896718455,4096.860000000001,5,1,51.0,0,1.0,6.0,0.0,0.0,2
199092,0,0,0.0,0.31818522123231263,1000.0,8,1,51.0,0,2.0,8.0,1700.0,0.0,2
199093,0,0,0.0,0.05430060816681147,8153.72,13,1,51.0,0,0.0,14.0,1500.0,0.0,2
199094,0,0,0.0,0.3178841630109988,60000.0,7,1,51.0,0,2.0,20.0,3000.0,0.0,2
199095,1,1,0.5,0.048510619661687966,8093.72,7,1,52.0,0,2.0,11.0,400.0,0.0,2
199097,0,0,0.0,0.12395969937934274,9146.86,13,1,52.0,0,2.0,20.0,1000.0,0.0,2
200011,1,1,0.5,0.030035802036541603,8093.72,3,0,16.0,0,2.0,5.0,0.0,0.0,2
200013,0,0,0.0,0.07009939657160268,10000.0,14,0,13.0,0,2.0,26.0,0.0,0.0,2
200014,0,0,0.0,0.12664153890140223,20100.0,9,0,0.0,0,2.0,14.0,0.0,0.0,2
200015,1,1,0.5,0.0379003221527383,10000.0,4,0,21.0,0,1.0,6.0,0.0,0.0,2
200016,0,0,0.0,0.05544374002689586,30100.0,8,0,0.0,0,2.0,10.0,0.0,0.0,2
200020,2,2,1.0,0.014323680707941622,10117.15,8,0,52.0,0,2.0,2.0,0.0,0.0,2
200071,1,1,0.5,0.05517828117338688,0.0,7,1,0.0,0,2.0,10.0,1000.0,0.0,2
200072,0,0,0.0,0.15652718355421058,0.0,9,1,51.0,0,1.0,15.0,0.0,0.0,2
200074,2,2,1.0,0.04213709273076435,50.0,3,1,0.0,0,1.0,11.0,5000.0,0.0,2
200075,0,0,0.0,0.21922583681725674,0.0,1,1,51.0,0,0.0,2.0,0.0,0.0,2
200076,0,0,0.0,0.23789760110633243,0.0,3,1,51.0,0,0.0,6.0,500.0,0.0,2
200077,2,2,1.0,0.034426229911681996,55.0,3,1,0.0,0,2.0,8.0,2000.0,0.0,2
200078,0,0,0.0,0.26777346364975235,0.0,2,1,51.0,0,0.0,6.0,500.0,0.0,2
200079,1,0,0.0,0.2591904361972046,50.0,3,1,51.0,0,0.0,12.0,2000.0,0.0,2
200101,1,1,0.5,1.954821894005213,0.0,8,1,51.0,0,2.0,14.0,6000.0,0.0,2
200102,0,0,0.0,0.22749834546657843,0.0,11,1,51.0,0,0.0,16.0,0.0,0.0,2
200103,1,1,0.5,0.22585599421808653,0.0,6,1,51.0,0,2.0,17.0,5000.0,0.0,2
200104,1,1,0.5,0.5010271055664112,6027.7,17,1,26.0,0,2.0,37.0,15000.0,0.0,2
200105,0,0,0.0,0.23840270189728818,50.0,10,0,51.0,0,0.0,36.0,0.0,0.0,2
200106,1,1,0.5,0.04068513771919118,7418.7,11,1,26.0,0,2.0,33.0,0.0,0.0,2
200107,1,0,0.0,0.1686091849853521,40.0,5,1,43.0,0,2.0,29.0,0.0,0.0,2
200108,0,0,0.0,1.3677084045681462,0.0,9,1,34.0,0,2.0,22.0,0.0,0.0,2
200109,0,0,0.0,0.3699593044765076,0.0,10,1,51.0,0,2.0,19.0,0.0,0.0,2
200110,1,1,0.5,0.33910437947757005,4738.0,8,1,41.0,0,2.0,49.0,10000.0,0.0,2
200161,0,0,0.0,0.2721201502521664,14164.01,1,0,0.0,0,2.0,7.0,0.0,0.0,2
200162,0,0,0.0,0.3594727241812211,18213.72,8,0,26.0,0,2.0,23.0,0.0,0.0,2
200165,1,1,0.5,0.038779008036053955,12140.58,3,0,16.0,0,2.0,6.0,0.0,0.0,2
200166,1,1,0.5,0.04496475328076133,22257.73,16,0,52.0,0,0.0,25.0,0.0,0.0,2
200167,0,0,0.0,0.16028321346936497,20000.0,4,0,51.0,0,2.0,17.0,0.0,0.0,2
200168,1,2,1.0,0.03281062611725839,10050.0,6,0,23.0,0,2.0,9.0,0.0,0.0,2
200170,1,1,0.5,0.2197983069724963,20100.0,9,0,26.0,0,1.0,7.0,0.0,0.0,2
200181,2,2,1.0,0.036214389183969097,0.0,9,1,42.0,1,2.0,43.0,14000.0,0.0,2
200186,2,2,1.0,0.033173914245431674,0.0,12,1,52.0,0,2.0,31.0,0.0,0.0,2
200187,1,1,0.5,0.6447831184056272,1710.0,5,1,51.0,0,1.0,49.0,1000.0,0.0,2
200189,0,1,0.5,0.053639216811992206,4046.86,9,1,41.0,1,2.0,35.0,5000.0,0.0,2
200190,1,1,0.5,0.051740643946342174,0.0,24,1,43.0,0,0.0,42.0,0.0,0.0,2
209014,0,0,0.0,0.3319688092035265,0.0,8,1,51.0,0,2.0,10.0,0.0,0.0,2
209015,0,0,0.0,0.3218200669516457,2987.0,10,1,51.0,0,0.0,16.0,0.0,0.0,2
209016,0,0,0.0,0.4240881339251312,0.0,15,1,51.0,0,2.0,13.0,1000.0,0.0,2
209017,1,1,0.5,0.6887483563959677,1597.1,5,1,51.0,0,2.0,8.0,6000.0,0.0,2
209018,1,1,0.5,0.5922525405205988,5910.4,10,1,51.0,0,2.0,0.0,6000.0,0.0,2
209019,0,0,0.0,0.3938299967180834,0.0,13,1,51.0,0,2.0,12.0,1000.0,0.0,2
209020,0,0,0.0,0.17415730808769916,7198.099999999999,12,1,34.0,0,2.0,29.0,0.0,0.0,2
209021,0,0,0.0,0.2672163689112842,0.0,3,1,51.0,0,2.0,10.0,0.0,0.0,2
209022,0,0,0.0,0.3159774694326144,5515.9,17,1,51.0,0,0.0,18.0,0.0,0.0,2
209023,1,1,0.5,0.322367362161305,0.0,4,1,51.0,0,2.0,8.0,3000.0,0.0,2
209026,2,2,1.0,0.03413941005585285,20234.300000000003,16,1,52.0,0,0.0,24.0,700.0,0.0,2
209027,1,0,0.0,0.25526814667976966,20050.0,5,1,51.0,0,2.0,11.0,200.0,0.0,2
209029,1,1,0.5,0.03230466063953998,20000.0,9,1,26.0,0,2.0,28.0,600.0,0.0,2
209033,1,1,0.5,0.051685262842684536,6070.29,6,1,41.0,0,2.0,31.0,2000.0,0.0,2
209036,1,1,0.5,0.024039121953899834,20000.0,4,1,52.0,1,0.0,47.0,500.0,0.0,2
209045,0,0,0.0,0.3422752748898301,18093.72,13,1,52.0,0,0.0,49.0,1000.0,0.0,2
209062,0,0,0.0,0.18904485089087383,10100.0,5,1,52.0,0,0.0,25.0,1000.0,0.0,2
209063,0,0,0.0,0.07114311520235576,20100.0,5,1,52.0,0,0.0,24.0,600.0,0.0,2
209069,1,1,0.5,0.03325894435165977,20000.0,16,1,41.0,0,2.0,22.0,0.0,0.0,2
209071,1,1,0.5,0.005303061286332124,20234.300000000003,12,1,26.0,1,2.0,21.0,0.0,0.0,2
209077,1,1,0.5,0.028731549451416843,13152.295,5,1,52.0,1,1.0,23.0,0.0,0.0,2
209079,0,0,0.0,0.2868699618462951,18093.72,9,1,41.0,0,2.0,27.0,0.0,0.0,2
209081,1,1,0.5,0.04715845182970295,4096.860000000001,9,1,26.0,0,2.0,24.0,0.0,0.0,2
209082,1,1,0.5,0.014055274932025559,3035.145,4,1,26.0,0,0.0,18.0,0.0,0.0,2
209084,2,2,1.0,0.01866253698383567,10050.0,12,1,51.0,0,2.0,21.0,2000.0,0.0,2
209085,0,0,0.0,0.6349432769246226,0.0,3,1,51.0,0,2.0,7.0,600.0,0.0,2
209086,1,1,0.5,0.419356712914546,0.0,4,1,16.0,0,2.0,11.0,2000.0,0.0,2
209087,0,0,0.0,0.5294505454973398,0.0,14,1,51.0,0,0.0,13.0,300.0,0.0,2
209088,1,1,0.5,1.2057408478437375,0.0,6,1,0.0,0,2.0,6.0,5000.0,0.0,2
209089,0,0,0.0,0.27779180766705386,0.0,4,1,51.0,0,2.0,11.0,700.0,0.0,2
209090,1,1,0.5,0.07687053458673956,0.0,4,1,51.0,0,2.0,9.0,7000.0,0.0,2
209091,1,0,0.0,0.3898016553180513,70.0,16,1,52.0,0,2.0,12.0,1000.0,0.0,2
209094,1,1,0.5,0.06459322417078449,50.0,4,1,52.0,0,2.0,7.0,0.0,0.0,2
209095,0,0,0.0,0.0907808550159914,55.0,8,1,51.0,0,0.0,12.0,0.0,0.0,2
209096,2,2,1.0,0.038367149424492764,60.0,4,1,16.0,0,0.0,11.0,0.0,0.0,2
209098,0,0,0.0,0.10913401916530326,20100.0,16,1,51.0,0,0.0,21.0,0.0,0.0,2
209100,0,0,0.0,0.11838631863405981,30100.0,12,1,51.0,0,1.0,19.0,0.0,0.0,2
209101,2,2,1.0,0.024606166323576317,9105.435,5,1,51.0,0,2.0,11.0,2000.0,0.0,2
209102,0,0,0.0,0.1410591815493586,35050.0,4,1,51.0,0,0.0,12.0,0.0,0.0,2
209103,0,0,0.0,0.11102299406655189,15175.725,5,1,51.0,0,2.0,12.0,1000.0,0.0,2
209105,2,2,1.0,0.04149135109864422,8093.72,6,1,51.0,0,2.0,13.0,2000.0,0.0,2
209106,0,0,0.0,0.0841798080700376,9105.435,3,1,51.0,0,0.0,11.0,0.0,0.0,2
209107,1,1,0.5,0.2743223745005379,18093.72,12,1,51.0,0,2.0,19.0,2000.0,0.0,2
209108,0,0,0.0,0.22427882759777232,18143.72,10,1,51.0,0,0.0,24.0,0.0,0.0,2
209121,0,0,0.0,0.0743087332316477,10050.0,6,1,34.0,0,1.0,10.0,1400.0,0.0,2
209122,1,1,0.5,0.021902120896181876,18093.72,3,1,51.0,0,2.0,8.0,2000.0,0.0,2
209123,0,0,0.0,0.1118129535665669,28378.02,8,1,0.0,0,1.0,9.0,5500.0,0.0,2
209124,1,1,0.5,0.03901480303287407,28328.02,13,1,52.0,0,1.0,13.0,2300.0,0.0,2
209125,0,0,0.0,0.5099560200210932,22140.58,7,1,23.0,0,1.0,18.0,1200.0,0.0,2
209126,0,0,0.0,0.06906162391625767,36187.44,7,1,26.0,0,2.0,27.0,1000.0,0.0,2
209127,2,2,1.0,0.040855779022220186,40468.6,11,1,51.0,0,2.0,16.0,3000.0,0.0,2
209128,1,1,0.5,0.04987398785846598,33143.72,9,1,52.0,0,1.0,9.0,2000.0,0.0,2
209131,1,1,0.5,0.06269032526649075,14164.01,12,1,22.0,1,2.0,11.0,3000.0,1.0,2
210005,0,0,0.0,0.1213869530446704,60.0,16,1,43.0,1,0.0,45.0,400.0,0.0,2
210051,1,0,0.0,0.21341983950828067,4046.86,3,0,0.0,0,2.0,12.0,4000.0,0.0,0
210052,0,0,0.0,0.08358196161507978,0.0,3,0,0.0,0,0.0,6.0,0.0,0.0,2
210053,0,0,0.0,0.19465180024205883,100.0,2,0,0.0,0,0.0,8.0,0.0,0.0,2
210054,0,0,0.0,0.19018881777428728,4046.86,6,0,26.0,0,0.0,26.0,0.0,0.0,2
210055,2,2,1.0,0.03549532070171255,4146.860000000001,3,1,0.0,0,2.0,8.0,1000.0,0.0,2
210056,1,1,0.5,0.035945363048166784,0.0,7,0,0.0,0,0.0,9.0,0.0,0.0,2
210057,0,0,0.0,0.1752751156416533,16187.44,7,0,26.0,0,0.0,11.0,1000.0,0.0,2
210058,1,1,0.5,0.042999656002751976,0.0,7,1,0.0,0,2.0,6.0,2500.0,0.0,2
210060,0,0,0.0,0.060938452163315046,200.0,8,1,0.0,0,2.0,11.0,2000.0,0.0,2
219001,1,0,0.0,0.2600841726958907,850.0,15,0,34.0,1,2.0,34.0,0.0,0.0,2
219002,0,0,0.0,0.06472640792982935,260.0,4,0,16.0,0,0.0,10.0,0.0,0.0,2
219003,0,0,0.0,0.7206301185155961,390.0,3,0,51.0,0,2.0,25.0,0.0,0.0,2
219005,1,1,0.5,0.0371892738304952,8093.72,15,0,51.0,0,2.0,23.0,0.0,0.0,2
219006,1,1,0.5,0.33374654333937254,0.0,6,0,14.0,0,1.0,10.0,0.0,0.0,2
219009,1,1,0.5,0.09861002525094692,0.0,7,0,23.0,1,1.0,5.0,0.0,0.0,2
219014,1,1,0.5,0.06055529202789581,8093.72,6,0,0.0,0,2.0,12.0,0.0,0.0,2
219015,1,1,0.5,0.027907347605948252,4046.86,5,0,0.0,0,0.0,9.0,0.0,0.0,2
219017,0,1,0.5,0.0814209112163121,12140.58,8,1,0.0,0,2.0,6.0,3000.0,0.0,2
219018,0,0,0.0,0.06224563083552789,125.0,12,0,0.0,0,0.0,10.0,0.0,0.0,2
219020,0,0,0.0,0.20906506104699782,0.0,8,1,51.0,0,2.0,10.0,5000.0,0.0,2
219022,1,1,0.5,0.02860775588048315,0.0,5,0,0.0,0,0.0,4.0,0.0,0.0,2
219023,1,1,0.5,0.04969729827414837,0.0,6,0,0.0,0,0.0,4.0,0.0,0.0,2
219024,0,0,0.0,0.13095410731383098,12280.58,12,0,0.0,0,0.0,5.0,0.0,0.0,2
219025,1,0,0.0,0.3700667951847374,0.0,11,1,51.0,0,2.0,12.0,4000.0,0.0,2
219026,1,0,0.0,0.16538683155910344,16187.44,4,1,51.0,0,2.0,11.0,2000.0,0.0,2
219027,0,0,0.0,0.2104278700023381,20000.0,6,0,0.0,0,0.0,5.0,0.0,0.0,2
219028,0,0,0.0,0.07137603500899778,0.0,17,0,51.0,0,0.0,8.0,0.0,0.0,2
219031,1,0,0.0,0.39957964572163296,12140.58,6,1,51.0,0,2.0,8.0,3500.0,0.0,2
219032,0,0,0.0,0.3088326127239036,125.0,9,0,0.0,0,0.0,8.0,0.0,0.0,2
219033,0,1,0.5,0.15799555923039185,0.0,6,1,51.0,0,2.0,5.0,2000.0,0.0,2
219034,1,1,0.5,0.2160849388284276,4046.86,9,0,0.0,0,1.0,8.0,0.0,0.0,2
219035,0,0,0.0,0.11357613386840311,4046.86,5,0,51.0,0,0.0,5.0,0.0,0.0,2
219036,0,0,0.0,0.12269254363950699,0.0,9,0,51.0,0,0.0,9.0,0.0,0.0,2
219038,0,0,0.0,0.2661633759194735,8093.72,10,0,51.0,0,0.0,11.0,0.0,0.0,2
219039,1,1,0.5,0.04846839860411012,0.0,5,0,51.0,0,0.0,9.0,0.0,0.0,2
219040,1,1,0.5,0.02583144979011947,8093.72,8,0,0.0,0,0.0,5.0,0.0,0.0,2
219041,0,0,0.0,0.23194322029967063,0.0,5,1,51.0,0,2.0,20.0,5000.0,0.0,2
219042,1,1,0.5,0.27657926761809937,8093.72,13,0,0.0,1,0.0,10.0,0.0,0.0,2
219043,0,1,0.5,0.18096272167933408,200.0,8,1,51.0,0,2.0,3.0,3000.0,0.0,2
219045,0,0,0.0,0.1429796968830426,60000.0,10,0,26.0,0,1.0,25.0,0.0,0.0,2
219047,1,1,0.5,0.30126185680593576,0.0,5,1,51.0,0,2.0,5.0,3500.0,0.0,2
219052,1,0,0.0,0.32766741757116524,4046.86,4,0,0.0,0,1.0,7.0,0.0,0.0,2
219059,0,0,0.0,0.12701868989294138,4216.860000000001,14,0,0.0,0,2.0,12.0,0.0,0.0,2
219076,0,0,0.0,0.2149151085321298,8093.72,18,0,0.0,0,0.0,19.0,0.0,0.0,2
220011,1,1,0.5,0.0456516302628207,0.0,5,0,26.0,0,0.0,7.0,0.0,0.0,0
220012,0,0,0.0,0.13000278577398086,20234.3,7,0,34.0,1,1.0,20.0,0.0,0.0,0
220013,0,0,0.0,0.09310120100549298,12140.58,12,0,26.0,0,2.0,6.0,0.0,0.0,0
220014,0,0,0.0,0.09022671268844223,14164.01,1,0,0.0,1,2.0,5.0,0.0,0.0,0
220016,0,0,0.0,0.3162074956564905,0.0,17,0,26.0,1,2.0,11.0,0.0,0.0,0
220017,2,2,1.0,0.033780272320964554,0.0,7,0,25.0,1,0.0,11.0,0.0,0.0,0
220018,1,1,0.5,0.4773725415314111,0.0,7,0,41.0,1,2.0,5.0,0.0,0.0,0
220019,1,1,0.5,0.0368989457444073,10000.0,17,0,26.0,1,2.0,3.0,0.0,0.0,0
220020,0,0,0.0,0.5625037798408646,46538.89,13,0,42.0,0,2.0,11.0,0.0,0.0,0
220021,1,1,0.5,0.05680452552360973,0.0,6,0,41.0,1,2.0,9.0,0.0,0.0,0
220024,0,0,0.0,0.0910782489472138,0.0,3,0,41.0,1,2.0,4.0,600.0,0.0,0
220025,1,1,0.5,0.43020811192804836,4046.86,4,0,34.0,1,1.0,9.0,0.0,0.0,0
220026,1,1,0.5,0.14401919984320782,0.0,7,0,34.0,1,2.0,7.0,0.0,0.0,0
220027,2,1,0.5,0.039196475561488295,8093.72,6,0,34.0,0,2.0,15.0,400.0,0.0,0
220028,1,0,0.0,0.3160023594842841,0.0,7,0,26.0,1,2.0,11.0,0.0,0.0,0
220029,1,1,0.5,0.06561755995586784,0.0,3,0,26.0,1,2.0,4.0,0.0,0.0,0
220051,1,1,0.5,0.267443242600737,8093.72,4,0,43.0,1,2.0,2.0,0.0,0.0,0
220054,2,1,0.5,0.013142906960394028,10117.15,4,0,42.0,0,2.0,19.0,0.0,0.0,0
220055,1,1,0.5,0.1364755785644023,0.0,6,1,41.0,1,2.0,5.0,1500.0,0.0,0
220056,0,0,0.0,0.29743087368484655,0.0,3,0,26.0,1,2.0,7.0,1200.0,0.0,0
220057,2,2,1.0,0.023461455155781928,0.0,9,0,26.0,1,2.0,9.0,2000.0,0.0,0
220059,0,0,0.0,0.08666402561036649,0.0,6,0,42.0,0,2.0,21.0,800.0,0.0,0
220060,1,0,0.0,0.14217861982108884,12140.58,3,0,24.0,0,2.0,5.0,0.0,0.0,0
220111,0,0,0.0,0.9064868196816418,12140.58,6,0,21.0,1,2.0,16.0,0.0,0.0,0
220112,1,1,0.5,0.18986884312582408,12140.58,5,0,34.0,1,2.0,7.0,0.0,0.0,0
220113,0,0,0.0,0.24382215611932653,16187.44,9,1,34.0,1,2.0,4.0,0.0,0.0,0
220114,1,1,0.5,0.008791970800599333,0.0,13,0,16.0,0,1.0,19.0,0.0,0.0,0
220115,0,0,0.0,0.3904439671933774,16187.44,8,0,41.0,0,2.0,17.0,400.0,0.0,0
220116,0,0,0.0,0.15178546391127845,4046.86,3,0,23.0,0,1.0,12.0,300.0,0.0,0
220117,0,0,0.0,0.23955538520505942,8093.72,6,0,42.0,0,2.0,10.0,0.0,0.0,0
220118,0,1,0.5,0.08646325651331335,20234.3,4,0,42.0,1,2.0,8.0,300.0,0.0,0
220119,1,0,0.0,0.08172891685834044,8093.72,4,0,15.0,0,2.0,4.0,0.0,0.0,0
220120,0,0,0.0,0.12058367815498645,16187.44,13,0,34.0,0,2.0,29.0,1500.0,0.0,0
229002,1,1,0.5,0.027174122245007194,14164.01,8,0,34.0,0,0.0,16.0,2000.0,0.0,0
229003,0,0,0.0,0.11860218849276385,12140.58,5,0,26.0,1,0.0,4.0,2500.0,0.0,0
229005,1,0,0.0,0.1142711432350231,32374.88,8,0,26.0,1,2.0,6.0,2500.0,0.0,0
229007,1,1,0.5,0.0050635760099021045,28328.02,12,0,0.0,0,1.0,8.0,0.0,0.0,0
229009,1,1,0.5,0.32841062043921504,0.0,4,0,26.0,0,2.0,6.0,6400.0,0.0,0
229010,0,0,0.0,0.15785485772015492,16187.44,5,1,26.0,0,1.0,13.0,2000.0,0.0,0
229011,1,1,0.5,0.04955128558057589,4046.86,5,0,0.0,0,2.0,21.0,0.0,0.0,0
229014,0,0,0.0,0.10917507314729902,12140.58,4,0,0.0,0,1.0,6.0,0.0,0.0,0
229016,1,1,0.5,0.03197941278273563,12140.58,1,0,13.0,0,2.0,2.0,3500.0,0.0,0
229017,0,0,0.0,0.11016084186815893,12140.58,3,0,0.0,0,1.0,2.0,0.0,0.0,0
229018,1,1,0.5,0.23456078193827135,24281.16,7,0,42.0,1,2.0,6.0,1500.0,0.0,0
229020,1,1,0.5,0.024572037021869116,12140.58,7,1,26.0,0,2.0,12.0,4000.0,0.0,0
229021,2,2,1.0,0.037391564463057136,12140.58,4,0,24.0,0,2.0,3.0,1000.0,0.0,0
229023,1,1,0.5,0.058687742086936105,20234.3,5,0,0.0,1,2.0,5.0,3000.0,0.0,0
229024,0,0,0.0,0.11406410402646287,16187.44,4,0,0.0,1,2.0,5.0,0.0,0.0,0
229025,2,2,1.0,0.039780872116721155,12140.58,3,0,21.0,1,2.0,5.0,0.0,0.0,0
229026,2,2,1.0,0.040633223613466815,20234.3,5,0,26.0,0,2.0,8.0,0.0,0.0,0
229028,1,1,0.5,0.03139142860805282,10117.15,8,0,26.0,0,2.0,5.0,0.0,0.0,0
229029,0,0,0.0,0.25872340425531914,0.0,2,0,0.0,0,1.0,2.0,0.0,0.0,0
229031,1,1,0.5,0.07548078920892483,36421.74,5,0,26.0,1,2.0,7.0,0.0,0.0,0
229032,1,0,0.0,0.3333707687148299,24281.16,6,0,26.0,0,2.0,5.0,0.0,0.0,0
229033,0,0,0.0,0.20935831675913325,4046.86,2,0,0.0,0,1.0,5.0,0.0,0.0,0
229035,1,1,0.5,0.07907924238792326,12140.58,10,0,26.0,1,2.0,7.0,0.0,0.0,0
229036,0,0,0.0,0.24006457206062598,22257.73,4,0,26.0,0,1.0,4.0,0.0,0.0,0
229039,0,0,0.0,0.16909074867009857,36421.74,3,1,41.0,0,2.0,10.0,2500.0,0.0,0
229042,1,0,0.0,0.5503198734264291,0.0,7,1,34.0,1,2.0,12.0,2000.0,0.0,0
229044,0,0,0.0,0.34390479787584427,0.0,6,0,26.0,1,2.0,4.0,0.0,0.0,0
229046,2,2,1.0,0.034013605442176874,0.0,5,0,16.0,1,2.0,16.0,0.0,0.0,0
229047,1,1,0.5,0.022572140561233703,0.0,5,0,41.0,1,2.0,6.0,0.0,0.0,0
229049,2,1,0.5,0.05127679212388473,8093.72,4,0,26.0,1,2.0,13.0,600.0,0.0,0
229051,0,0,0.0,0.27749469392780624,8093.72,7,0,41.0,0,2.0,11.0,1000.0,0.0,0
229052,2,1,0.5,0.009024727754046086,0.0,6,0,41.0,1,2.0,7.0,1000.0,0.0,0
229053,1,1,0.5,0.12074378169524269,0.0,7,1,26.0,1,2.0,13.0,1500.0,0.0,0
229056,2,2,1.0,0.013913043478260868,12140.58,4,1,26.0,0,2.0,7.0,1000.0,0.0,0
229057,0,0,0.0,0.12642378483539937,0.0,7,0,26.0,0,2.0,28.0,0.0,0.0,5
229060,0,0,0.0,1.6174175212299329,0.0,5,0,26.0,0,2.0,16.0,0.0,0.0,0
229061,2,2,1.0,0.016960409896339873,0.0,2,0,25.0,1,2.0,4.0,600.0,0.0,0
229063,0,0,0.0,0.18648622397772527,0.0,7,0,34.0,1,2.0,16.0,0.0,0.0,0
229065,1,1,0.5,0.05439193747622246,0.0,11,0,26.0,1,2.0,16.0,1000.0,0.0,0
229071,1,1,0.5,0.12773023374632775,0.0,1,0,16.0,1,2.0,1.0,0.0,0.0,0
229087,1,1,0.5,0.04883858689487415,16187.44,12,1,26.0,1,2.0,15.0,6000.0,0.0,0
229090,1,1,0.5,0.007302081984698432,26304.59,5,0,13.0,0,2.0,6.0,0.0,0.0,0
229094,0,0,0.0,0.6973251323129739,8093.72,4,0,26.0,0,2.0,12.0,0.0,0.0,0
230072,1,0,0.0,0.2577966305480718,8234.220000000001,6,0,26.0,0,1.0,20.0,0.0,0.0,0
230076,0,0,0.0,1.724574654097274,4046.86,12,0,42.0,0,2.0,32.0,0.0,0.0,0
230078,1,1,0.5,0.0051528361949881,8357.720000000001,6,0,34.0,0,0.0,25.0,0.0,0.0,0
230088,1,0,0.0,0.17009998986093325,12140.58,4,0,26.0,0,2.0,37.0,1000.0,0.0,5
230091,1,0,0.0,0.2933128739330249,8093.72,11,0,0.0,0,0.0,8.0,0.0,0.0,0
230092,0,0,0.0,0.20630822635681714,56421.74,9,1,0.0,1,1.0,11.0,4000.0,0.0,0
230093,0,0,0.0,0.20655496659928957,8093.72,11,1,0.0,0,0.0,17.0,3000.0,0.0,0
230095,0,0,0.0,0.46838354360183043,8093.72,9,0,0.0,0,0.0,20.0,0.0,0.0,0
230097,1,1,0.5,0.07533814042428545,38093.72,13,0,26.0,1,1.0,10.0,0.0,0.0,0
230098,0,0,0.0,0.40612531322091083,8093.72,5,1,0.0,0,0.0,11.0,1500.0,0.0,0
230099,1,1,0.5,0.012925281060376508,8093.72,14,0,0.0,0,0.0,8.0,0.0,0.0,0
239002,1,1,0.5,0.04352067804926683,8093.72,4,0,0.0,0,2.0,7.0,0.0,0.0,0
239003,0,0,0.0,2.071629420861291,12140.58,11,1,26.0,0,0.0,12.0,2000.0,0.0,0
239004,1,1,0.5,0.053342680667402546,12140.58,2,0,0.0,0,1.0,12.0,0.0,0.0,0
239005,0,0,0.0,0.08150990837379289,8093.72,8,0,0.0,0,0.0,14.0,0.0,0.0,0
239009,0,0,0.0,1.1145924926003443,4046.86,8,1,0.0,0,2.0,13.0,50000.0,0.0,0
239010,0,0,0.0,0.4515319506226549,8093.72,4,0,0.0,0,0.0,7.0,0.0,0.0,0
239012,0,0,0.0,0.29063869988422847,26.0,5,1,0.0,0,0.0,7.0,2000.0,0.0,0
239013,0,0,0.0,0.13004140503618666,20000.0,5,0,34.0,0,2.0,17.0,0.0,0.0,0
239014,0,0,0.0,0.35549235691432635,16187.44,6,0,26.0,0,2.0,27.0,0.0,0.0,0
239016,0,0,0.0,0.17858205845586048,0.0,8,0,26.0,0,2.0,23.0,0.0,0.0,0
239017,0,0,0.0,0.2845960907607686,12269.08,10,0,21.0,0,2.0,16.0,0.0,0.0,0
239018,0,0,0.0,0.4074545686091889,16187.44,9,0,16.0,0,2.0,17.0,0.0,0.0,0
239021,0,0,0.0,1.145962936284461,6070.29,7,0,11.0,0,2.0,28.0,0.0,0.0,0
239022,0,0,0.0,0.0934137790819074,8093.72,7,0,16.0,0,0.0,8.0,0.0,0.0,0
239024,0,0,0.0,0.4367085535895745,12140.58,5,0,14.0,0,0.0,11.0,0.0,0.0,0
239025,1,1,0.5,0.1537776174477981,14046.86,9,1,43.0,0,2.0,45.0,15000.0,0.0,0
239026,0,0,0.0,2.3603067509037485,8668.0,6,1,42.0,1,0.0,14.0,2000.0,0.0,0
239033,2,2,1.0,0.03552294516102462,0.0,5,0,25.0,0,2.0,12.0,0.0,0.0,0
239037,1,1,0.5,0.016398186553487026,4046.86,4,0,42.0,0,2.0,36.0,0.0,0.0,0
239047,1,0,0.0,0.08158250116656514,0.0,7,0,41.0,0,2.0,17.0,0.0,0.0,0
239049,2,1,0.5,0.04685450115574436,4259.18,6,1,0.0,0,1.0,9.0,0.0,0.0,0
239050,1,1,0.5,0.09281603861147206,453.25,7,0,0.0,0,1.0,17.0,0.0,0.0,0
239052,0,0,0.0,0.7174239199385682,4046.86,10,1,0.0,0,0.0,4.0,2500.0,0.0,0
239053,0,0,0.0,0.15730847231513934,27103.7,10,1,26.0,0,0.0,6.0,3000.0,0.0,0
239054,0,0,0.0,0.5596873242086567,0.0,2,0,16.0,0,0.0,15.0,0.0,0.0,0
239077,1,1,0.5,0.09179770743851956,0.0,5,1,16.0,1,0.0,22.0,0.0,0.0,0
239085,0,0,0.0,0.14181178739576833,4046.86,5,0,26.0,0,2.0,13.0,1500.0,0.0,0
239086,0,0,0.0,0.5397176912558387,8093.72,8,1,26.0,0,2.0,15.0,1000.0,0.0,0
239087,0,0,0.0,0.6295247088448221,8221.92,2,0,0.0,0,2.0,4.0,1500.0,0.0,0
239088,0,0,0.0,0.4699202058819785,16187.44,6,0,26.0,1,2.0,14.0,1000.0,0.0,0
239089,0,0,0.0,0.6129040084922354,12140.58,4,0,26.0,0,1.0,12.0,1000.0,0.0,0
239090,0,0,0.0,0.6810829218457347,8093.72,8,0,16.0,0,2.0,13.0,1500.0,0.0,0
239092,0,0,0.0,0.30584896903585024,0.0,1,0,0.0,0,2.0,4.0,0.0,0.0,0
239095,0,0,0.0,0.46051540884558,7284.348,2,0,0.0,1,2.0,16.0,3000.0,0.0,0
239096,0,0,0.0,0.45545702070279714,28328.02,6,0,26.0,0,2.0,13.0,1000.0,0.0,0
239104,0,0,0.0,0.5639776213679841,4046.86,6,1,42.0,0,0.0,17.0,500.0,0.0,0
239123,0,0,0.0,0.07813895338453294,18093.72,4,1,42.0,0,0.0,24.0,4000.0,0.0,0
239124,1,0,0.0,0.05427548144705516,16187.44,7,0,14.0,0,2.0,17.0,0.0,0.0,0
239125,1,1,0.5,0.12150303437170636,0.0,7,1,43.0,1,2.0,14.0,0.0,0.0,0
239129,0,0,0.0,0.9907469907213605,12140.58,7,1,26.0,0,0.0,14.0,4000.0,0.0,0
239130,0,0,0.0,4.6807713911252575,174.82,4,0,42.0,0,0.0,17.0,0.0,0.0,0
239131,0,0,0.0,3.518323812937429,8093.72,3,1,22.0,0,0.0,13.0,3000.0,0.0,0
239136,0,0,0.0,0.47372375724187704,0.0,7,0,0.0,1,1.0,10.0,0.0,0.0,0
239142,0,0,0.0,0.5633161001361336,0.0,5,0,16.0,0,2.0,10.0,0.0,0.0,0
239143,0,0,0.0,1.0186979118614878,14046.86,4,0,12.0,0,2.0,15.0,0.0,0.0,0
239144,1,0,0.0,0.8648866810398351,8093.72,9,0,41.0,1,2.0,24.0,0.0,0.0,0
239150,0,0,0.0,8.073731465005633,30000.0,8,0,26.0,0,0.0,33.0,0.0,0.0,0
239151,1,0,0.0,0.15884922561002515,14046.86,8,0,34.0,0,2.0,18.0,0.0,0.0,0
239161,0,0,0.0,1.444604343990628,3237.4880000000003,6,0,41.0,0,2.0,47.0,0.0,0.0,0
239165,0,0,0.0,0.6242904231117351,0.0,7,1,42.0,0,2.0,17.0,0.0,0.0,0
239167,0,0,0.0,0.05918688493787726,60000.0,7,0,26.0,0,0.0,26.0,0.0,0.0,0
239168,0,0,0.0,0.8457471055114021,60000.0,14,0,41.0,1,0.0,6.0,0.0,0.0,0
239169,1,0,0.0,1.1456831551332844,16187.44,4,1,1.0,0,1.0,13.0,3000.0,0.0,0
239170,0,0,0.0,1.0748891150552502,12140.58,2,1,26.0,0,1.0,4.0,1000.0,0.0,0
239171,0,0,0.0,0.3377085350203751,20234.3,3,1,26.0,1,1.0,3.0,2000.0,0.0,0
239172,0,0,0.0,0.17777942020239954,8093.72,5,0,3.0,0,0.0,7.0,0.0,0.0,0
239173,1,1,0.5,2.680390264822558,4046.86,1,1,34.0,0,1.0,5.0,1000.0,0.0,0
239175,0,0,0.0,1.51894888736994,10026.0,5,1,26.0,1,1.0,7.0,1000.0,0.0,0
239176,0,0,0.0,2.032520325203252,8093.72,8,0,26.0,0,0.0,9.0,0.0,0.0,0
239177,0,0,0.0,10.09883541601994,8093.72,7,1,26.0,0,1.0,9.0,1500.0,0.0,0
239180,0,0,0.0,0.556986240346194,12140.58,7,0,21.0,0,2.0,7.0,0.0,0.0,0
239181,0,0,0.0,0.3840518056343354,16187.44,1,0,34.0,0,2.0,4.0,0.0,0.0,0
239182,0,0,0.0,0.1610088884038703,8093.72,2,0,32.0,0,2.0,6.0,0.0,0.0,0
239183,0,0,0.0,0.2553637660143933,8093.72,10,1,34.0,0,2.0,9.0,2000.0,0.0,0
239184,0,0,0.0,0.5104181884989106,16187.44,8,0,34.0,0,2.0,8.0,0.0,0.0,0
239186,0,0,0.0,0.2356558729740386,12140.58,5,0,34.0,0,1.0,13.0,0.0,0.0,0
239187,0,0,0.0,0.2622040569369263,12140.58,8,0,26.0,0,2.0,6.0,0.0,0.0,0
239188,0,0,0.0,0.25738140503272966,12140.58,9,0,34.0,0,2.0,16.0,0.0,0.0,0
239189,0,0,0.0,0.26278270387483454,36421.74,7,1,26.0,0,1.0,11.0,1000.0,0.0,0
239190,0,0,0.0,0.2587385840703748,12140.58,2,0,0.0,0,1.0,6.0,0.0,0.0,0
239211,0,0,0.0,1.27733727331505,0.0,5,0,16.0,0,0.0,4.0,0.0,0.0,0
239213,0,0,0.0,0.8509747492717651,8093.72,7,1,26.0,0,0.0,13.0,3000.0,0.0,0
239214,1,0,0.0,0.16145094912363434,16187.44,6,1,11.0,0,1.0,4.0,0.0,0.0,0
239216,0,0,0.0,0.11986963346416885,52609.18,4,0,35.0,0,0.0,7.0,0.0,0.0,0
239218,1,0,0.0,0.2856832291879391,0.0,6,0,3.0,0,1.0,11.0,0.0,0.0,0
239219,0,0,0.0,0.5152058937058,24046.86,3,1,16.0,0,0.0,6.0,3000.0,0.0,0
239221,0,0,0.0,0.12085827972184002,4046.86,7,0,12.0,0,0.0,6.0,0.0,0.0,0
239222,0,0,0.0,0.18452706396938218,0.0,7,0,16.0,0,0.0,7.0,3000.0,0.0,0
250011,0,0,0.0,0.1715361264246452,0.0,6,0,34.0,1,0.0,25.0,0.0,0.0,0
250012,0,0,0.0,0.10634294297515433,3000.0,4,0,26.0,0,0.0,17.0,0.0,0.0,0
250013,1,1,0.5,0.01996712464108253,7100.0,5,0,43.0,1,0.0,10.0,0.0,0.0,0
250014,1,1,0.5,0.049222163524335255,0.0,4,0,42.0,0,0.0,23.0,0.0,0.0,0
250015,1,0,0.0,0.0965227673077387,0.0,7,1,41.0,1,2.0,20.0,2500.0,0.0,2
250016,0,0,0.0,0.5588569512490453,536.81,5,0,43.0,0,0.0,20.0,0.0,0.0,0
250017,0,0,0.0,0.8547008547008547,940.0,5,0,43.0,1,0.0,18.0,0.0,0.0,0
250018,0,0,0.0,0.6587446284390356,21456.0,20,0,41.0,0,0.0,28.0,0.0,0.0,0
250019,0,0,0.0,0.0993105013761598,13500.0,9,0,41.0,0,0.0,23.0,0.0,0.0,0
250020,0,0,0.0,0.1681121484795416,0.0,8,0,41.0,0,0.0,22.0,0.0,0.0,0
259001,1,1,0.5,0.03364307249684149,0.0,14,1,43.0,1,0.0,20.0,0.0,0.0,0
259002,0,0,0.0,0.1664333478436857,0.0,11,0,26.0,1,0.0,26.0,0.0,0.0,0
259003,0,0,0.0,0.08521113425487598,3490.5,7,1,34.0,1,0.0,17.0,0.0,0.0,0
259004,0,0,0.0,0.1230219059596831,0.0,4,0,41.0,1,0.0,22.0,0.0,0.0,0
259007,0,0,0.0,0.05354213917916343,0.0,8,0,26.0,0,0.0,15.0,0.0,0.0,0
259008,0,0,0.0,0.0804764204088202,0.0,7,0,32.0,0,2.0,9.0,0.0,0.0,0
259009,1,1,0.5,0.04968944099378882,0.0,4,1,26.0,1,0.0,12.0,5800.0,0.0,0
259010,1,1,0.5,0.015447594037228701,0.0,6,0,26.0,1,0.0,20.0,0.0,0.0,0
259011,0,0,0.0,0.0977122309656574,1918.9,5,0,26.0,0,0.0,20.0,0.0,0.0,0
259012,0,0,0.0,0.1300882089091277,356.0,6,0,35.0,0,0.0,6.0,0.0,0.0,0
260082,0,0,0.0,0.5104775517496618,4046.86,1,0,0.0,0,2.0,2.0,0.0,0.0,0
260083,2,2,1.0,0.027106735481632477,15000.0,11,0,51.0,1,2.0,12.0,0.0,0.0,0
260084,0,0,0.0,0.11268512556342564,8093.72,1,0,26.0,0,1.0,8.0,0.0,1.0,0
260085,2,1,0.5,0.03788955195604812,4046.86,1,0,26.0,0,2.0,3.0,0.0,0.0,0
260086,1,1,0.5,0.044438801422041645,8093.72,2,0,26.0,0,2.0,8.0,0.0,0.0,0
260087,0,0,0.0,1.1988251513516752,40000.0,6,0,26.0,0,2.0,10.0,0.0,0.0,0
260088,0,0,0.0,0.33039978373832335,8093.72,3,0,0.0,0,0.0,9.0,0.0,0.0,0
260089,1,0,0.0,0.10694771229120889,8093.72,6,0,26.0,0,2.0,11.0,0.0,0.0,0
260151,0,0,0.0,1.135267187354479,40234.3,4,1,26.0,0,2.0,8.0,1000.0,0.0,0
260152,0,0,0.0,0.14949440171302336,20234.300000000003,11,1,26.0,1,0.0,20.0,0.0,0.0,0
260153,0,0,0.0,0.1465789047526835,24046.86,8,1,43.0,1,0.0,45.0,0.0,0.0,0
260154,0,0,0.0,0.25590447836046337,48093.72,3,1,26.0,0,0.0,11.0,500.0,0.0,0
260155,0,0,0.0,0.2947541978785009,48093.72,7,0,26.0,0,2.0,16.0,2500.0,0.0,0
260156,0,0,0.0,0.06975623367069984,30000.0,7,0,0.0,1,2.0,12.0,2000.0,0.0,0
260157,0,0,0.0,0.06576784749950196,26304.59,2,1,43.0,0,2.0,16.0,600.0,0.0,0
260158,0,0,0.0,0.05582710964444334,16187.44,8,1,26.0,0,2.0,24.0,600.0,0.0,0
260159,1,1,0.5,0.020644810288709244,32374.88,7,1,26.0,1,2.0,12.0,600.0,0.0,0
260160,1,1,0.5,0.039194773165657504,30351.45,5,0,41.0,1,2.0,20.0,0.0,0.0,0
260161,1,1,0.5,0.040436716538617065,4046.86,4,1,0.0,0,0.0,5.0,0.0,0.0,0
260162,1,1,0.5,0.03339988981650224,12140.58,7,0,0.0,0,2.0,16.0,0.0,0.0,0
260163,1,1,0.5,0.011018925611594262,24281.16,3,1,22.0,0,2.0,14.0,2200.0,0.0,0
260164,1,1,0.5,0.04787010470168441,16187.44,6,0,0.0,0,2.0,15.0,0.0,0.0,0
260166,0,0,0.0,0.1417055044715959,26187.440000000002,4,1,21.0,0,1.0,18.0,1200.0,0.0,0
260167,1,1,0.5,0.08886820448760563,16187.44,9,1,0.0,0,2.0,15.0,2000.0,0.0,0
260168,0,0,0.0,0.1876723203847936,40000.0,2,1,0.0,0,1.0,17.0,1200.0,0.0,0
260169,0,0,0.0,0.1278731864927476,10117.15,8,1,23.0,0,2.0,9.0,2500.0,0.0,0
260170,0,0,0.0,0.4820204358860418,28093.72,5,1,51.0,0,2.0,10.0,3000.0,0.0,0
269013,0,0,0.0,0.6294983919002883,8093.72,6,1,0.0,0,0.0,14.0,0.0,0.0,0
269014,1,1,0.5,0.38886081896994873,8093.72,6,1,0.0,0,2.0,11.0,4000.0,0.0,0
269015,0,0,0.0,0.41304924335971555,21187.440000000002,3,1,0.0,0,0.0,18.0,3000.0,0.0,0
269017,0,0,0.0,0.6067400271896257,14164.01,6,1,0.0,0,2.0,25.0,5000.0,0.0,0
269018,0,0,0.0,0.23724447732648551,18210.870000000003,5,1,11.0,0,2.0,36.0,550.0,1.0,0
269019,0,0,0.0,0.5993718623385587,12140.58,21,0,41.0,0,2.0,19.0,10000.0,0.0,0
269020,1,0,0.0,0.30443538944311743,8093.72,2,0,0.0,0,2.0,7.0,0.0,0.0,0
269021,0,0,0.0,1.4392245069616791,12140.58,16,1,26.0,0,0.0,26.0,500.0,0.0,0
269023,1,0,0.0,0.3875809540061774,10521.836,7,1,16.0,0,2.0,14.0,1500.0,0.0,0
269024,0,0,0.0,0.12628508210539552,16187.44,6,1,0.0,0,2.0,9.0,300.0,1.0,0
269025,0,0,0.0,0.3935114336933234,4046.86,7,0,42.0,0,0.0,26.0,0.0,0.0,0
269026,0,0,0.0,0.16861855417254276,40000.0,10,0,43.0,0,2.0,22.0,0.0,0.0,0
269027,0,0,0.0,0.35571365051133835,33210.87,6,0,0.0,0,2.0,9.0,0.0,0.0,0
269028,1,0,0.0,0.18706074129499478,28093.72,4,1,26.0,0,2.0,10.0,1500.0,0.0,0
269030,1,0,0.0,0.14677672498982736,18210.870000000003,9,0,51.0,0,2.0,15.0,0.0,0.0,0
269031,0,0,0.0,0.15125349144288153,28328.02,6,0,34.0,0,2.0,23.0,0.0,0.0,0
269033,0,0,0.0,0.1389440347010361,19020.242000000002,6,1,26.0,0,2.0,10.0,400.0,0.0,0
269034,0,0,0.0,0.14740188161706272,14046.86,5,0,23.0,1,2.0,9.0,0.0,0.0,0
269035,1,1,0.5,0.046551684007168956,12140.58,3,0,34.0,1,2.0,20.0,0.0,0.0,0
269037,1,1,0.5,0.10281949371189936,8093.72,7,0,26.0,1,2.0,3.0,0.0,0.0,0
269038,1,1,0.5,0.0371032482207306,20234.3,8,0,22.0,0,2.0,10.0,0.0,0.0,0
269039,2,2,1.0,0.03511386099773898,30000.0,7,0,43.0,1,2.0,16.0,0.0,0.0,0
269040,1,1,0.5,0.0821601938151196,55000.0,9,0,34.0,0,2.0,31.0,0.0,0.0,0
269042,0,0,0.0,0.13325634078088214,25000.0,7,0,34.0,0,0.0,16.0,0.0,0.0,0
269043,0,0,0.0,0.2537439648741689,20000.0,7,0,41.0,1,1.0,11.0,0.0,1.0,0
269044,1,0,0.0,0.15320583775074062,14214.01,5,0,23.0,0,2.0,7.0,0.0,0.0,0
269046,1,0,0.0,0.49685948225755805,38093.72,5,0,26.0,0,1.0,14.0,0.0,1.0,0
269047,0,0,0.0,0.16007316719213724,8093.72,4,0,26.0,0,0.0,6.0,0.0,0.0,0
269049,1,1,0.5,0.1863908927329573,40000.0,17,1,24.0,0,2.0,27.0,1500.0,0.0,0
269050,0,0,0.0,1.0435581157514662,15117.150000000001,11,0,0.0,0,2.0,17.0,2000.0,0.0,0
269051,0,0,0.0,0.12095993806851171,4046.86,4,1,26.0,0,2.0,9.0,200.0,0.0,0
269053,0,0,0.0,0.054572623816204015,20117.15,8,1,15.0,0,2.0,17.0,400.0,0.0,0
269054,0,0,0.0,0.10725194343024644,8093.72,7,1,22.0,0,2.0,6.0,700.0,0.0,0
269055,0,0,0.0,0.4886243786228619,60000.0,11,1,51.0,0,0.0,13.0,0.0,0.0,0
269056,1,0,0.0,0.16158323189372095,43328.020000000004,11,0,0.0,0,2.0,28.0,1000.0,0.0,0
269059,0,0,0.0,0.09169908127043352,8093.72,7,1,21.0,0,2.0,13.0,200.0,0.0,0
269061,0,0,0.0,0.16752584105904134,28093.72,3,0,26.0,0,2.0,4.0,0.0,0.0,0
269062,1,1,0.5,0.04751109723485414,14164.01,4,1,22.0,0,2.0,11.0,600.0,0.0,0
269063,0,0,0.0,0.3395024586122193,18093.72,5,0,0.0,0,2.0,6.0,2500.0,0.0,0
269064,0,0,0.0,0.10507267526705971,20234.300000000003,5,1,0.0,0,0.0,13.0,2400.0,0.0,0
269067,1,1,0.5,0.10089508352671558,26304.59,6,1,51.0,0,2.0,20.0,1600.0,0.0,0
269068,1,1,0.5,0.0350811693773006,12140.58,3,0,0.0,0,2.0,12.0,0.0,0.0,0
269069,0,0,0.0,0.081445479027264,10117.15,6,1,25.0,0,0.0,11.0,1000.0,0.0,0
269071,1,1,0.5,0.046052670230593694,16187.44,4,0,26.0,0,2.0,6.0,2000.0,0.0,0
269100,0,0,0.0,0.3578211444771683,14046.86,3,1,0.0,0,0.0,18.0,1000.0,0.0,0
269101,1,0,0.0,0.8162484901150611,8093.72,8,1,12.0,0,2.0,13.0,2500.0,0.0,0
269102,0,0,0.0,1.2752395698197168,8093.72,5,1,15.0,0,0.0,13.0,600.0,0.0,0
269104,0,0,0.0,0.6684484803567078,12140.58,3,1,12.0,0,1.0,6.0,600.0,0.0,0
269105,1,1,0.5,0.09559185011197902,8143.72,6,0,0.0,0,2.0,38.0,3000.0,0.0,0
270023,0,0,0.0,0.53137544897528,2918.69,4,0,16.0,0,1.0,3.0,0.0,0.0,5
270024,0,0,0.0,0.7963183827869939,830.07,3,0,14.0,1,1.0,9.0,0.0,0.0,5
270028,0,0,0.0,0.46696714987615223,0.0,1,0,0.0,0,1.0,14.0,0.0,0.0,5
270030,0,0,0.0,0.1469478533698717,4046.86,1,0,16.0,0,0.0,11.0,2500.0,0.0,5
270041,1,1,0.5,0.05241639584862145,4046.86,4,0,42.0,0,2.0,25.0,0.0,0.0,5
270047,0,0,0.0,0.09805746042481442,9263.11,8,0,14.0,0,0.0,8.0,0.0,0.0,5
279016,1,1,0.5,0.0025303643724696357,0.0,1,0,12.0,1,1.0,11.0,0.0,0.0,5
279017,2,2,1.0,0.004267303917384996,0.0,5,1,16.0,1,1.0,19.0,0.0,0.0,5
279019,0,0,0.0,0.2454541884302714,509.26,1,0,16.0,0,2.0,4.0,0.0,0.0,5
279024,1,1,0.5,0.018781377867759904,31232.0,3,0,23.0,0,0.0,5.0,0.0,0.0,5
279025,0,0,0.0,0.06548502575744347,22140.58,1,0,16.0,0,2.0,7.0,500.0,0.0,5
279029,1,1,0.5,1.9010202141816108,9671.82,3,0,22.0,0,2.0,9.0,0.0,0.0,5
279032,0,0,0.0,0.35739814152966404,0.0,2,0,26.0,1,0.0,20.0,0.0,0.0,5
279034,1,1,0.5,0.02801774457156199,0.0,2,0,16.0,1,2.0,18.0,0.0,0.0,5
279045,1,1,0.5,0.40057683063611604,124.82,4,0,24.0,0,1.0,9.0,0.0,0.0,5
279073,0,0,0.0,0.16902063320474595,15086.6,6,0,25.0,1,1.0,7.0,0.0,0.0,5
279074,0,0,0.0,0.10843634786380395,0.0,1,0,0.0,1,0.0,13.0,0.0,0.0,5
279080,1,1,0.5,0.18277554473341617,6688.42,2,0,12.0,0,1.0,5.0,0.0,0.0,5
279081,0,0,0.0,0.10165983164151311,7972.3,1,0,12.0,0,2.0,3.0,0.0,0.0,5
279082,0,0,0.0,4.533723239840207,9727.529999999999,2,0,0.0,0,1.0,10.0,0.0,0.0,5
279083,0,0,0.0,0.2586866993646655,0.0,2,0,0.0,1,2.0,25.0,0.0,0.0,5
279101,0,0,0.0,0.12859286071488105,0.0,4,0,26.0,0,0.0,11.0,0.0,0.0,5
280083,1,1,0.5,0.023524286647789154,0.0,2,0,41.0,0,1.0,17.0,0.0,0.0,5
280086,0,0,0.0,1.374276525080327,40468.6,3,0,41.0,0,2.0,32.0,0.0,0.0,5
280087,0,0,0.0,0.15641293013555788,4046.86,6,0,26.0,0,1.0,12.0,0.0,0.0,5
280088,1,1,0.5,0.16361219886529288,20234.3,3,0,21.0,0,2.0,5.0,0.0,0.0,5
280089,1,0,0.0,0.6887158262189657,0.0,5,0,26.0,0,2.0,13.0,0.0,0.0,5
289001,0,0,0.0,0.38169293813264144,0.0,7,0,34.0,0,0.0,16.0,0.0,0.0,5
289002,0,0,0.0,0.2332937835549201,0.0,5,0,26.0,0,1.0,26.0,0.0,0.0,5
289005,2,1,0.5,0.04119479271552175,0.0,6,0,41.0,0,2.0,6.0,0.0,0.0,5
289014,1,1,0.5,0.010858272495583115,0.0,6,0,23.0,0,0.0,12.0,0.0,0.0,5
289015,0,0,0.0,0.5558474566810494,0.0,3,0,26.0,0,0.0,6.0,0.0,0.0,5
289016,0,0,0.0,1.4481389447482564,28093.72,4,0,26.0,0,0.0,10.0,0.0,0.0,5
289017,1,1,0.5,0.019043624522367218,0.0,3,0,26.0,0,2.0,14.0,0.0,0.0,3
289021,1,1,0.5,0.01712646267299837,2023.43,3,0,26.0,0,1.0,16.0,0.0,0.0,5
289022,1,1,0.5,0.055616631640199116,0.0,3,0,41.0,0,0.0,13.0,0.0,0.0,5
289027,0,0,0.0,0.26815498000632687,0.0,2,0,2.0,0,2.0,4.0,0.0,0.0,5
289030,0,0,0.0,4.802925515978959,8093.72,6,0,26.0,0,2.0,3.0,0.0,0.0,5
289031,0,0,0.0,0.46699703719699487,16187.44,7,0,16.0,0,2.0,5.0,0.0,0.0,5
289034,0,0,0.0,1.249067090536136,28093.72,3,0,43.0,1,0.0,36.0,0.0,0.0,5
289036,1,1,0.5,0.5854963193394204,0.0,7,0,16.0,0,2.0,5.0,0.0,0.0,5
289042,1,1,0.5,0.06458001463813666,8093.72,7,0,41.0,0,2.0,25.0,1200.0,0.0,5
289043,0,0,0.0,0.19501663301899028,26187.440000000002,3,0,25.0,0,0.0,29.0,1200.0,0.0,5
289044,0,0,0.0,0.06272659984192896,6070.29,7,0,34.0,0,0.0,18.0,0.0,0.0,5
289046,0,0,0.0,0.6571705521875565,8093.72,3,0,26.0,0,1.0,5.0,0.0,0.0,5
289053,1,1,0.5,0.139366347672582,0.0,4,0,26.0,0,2.0,3.0,0.0,0.0,5
289055,1,0,0.0,0.3102635171472304,0.0,6,0,26.0,0,2.0,12.0,0.0,0.0,5
289063,2,1,0.5,0.005273276709154054,0.0,3,0,26.0,0,0.0,5.0,1200.0,0.0,5
289064,0,0,0.0,0.06202130425226432,0.0,5,0,24.0,0,2.0,2.0,0.0,0.0,5
289066,0,0,0.0,0.20225982171437343,7023.43,3,0,26.0,0,2.0,18.0,1000.0,0.0,5
289071,0,0,0.0,0.3906817990806159,0.0,5,0,14.0,0,2.0,6.0,0.0,0.0,3
289072,0,0,0.0,1.0127607859023697,0.0,5,0,25.0,0,1.0,11.0,0.0,0.0,5
289088,1,1,0.5,0.12092813568939494,0.0,1,0,16.0,0,2.0,2.0,0.0,0.0,5
289102,0,1,0.5,0.05452067242162654,0.0,8,0,42.0,0,2.0,24.0,0.0,0.0,5
290003,0,0,0.0,0.3858131011105906,0.0,7,0,26.0,0,2.0,6.0,0.0,0.0,5
290009,1,0,0.0,0.17191890001444596,2023.43,7,0,26.0,1,2.0,19.0,0.0,0.0,5
290039,2,1,0.5,0.022020403441281783,0.0,7,0,26.0,0,2.0,30.0,0.0,0.0,5
290046,2,2,1.0,0.01578828659499286,4046.86,3,0,13.0,1,2.0,7.0,0.0,0.0,5
290047,0,0,0.0,0.11960237947237805,100.0,3,0,26.0,0,2.0,15.0,0.0,0.0,5
290080,1,1,0.5,0.009000069853067717,40468.6,6,0,26.0,1,2.0,19.0,45000.0,0.0,5
290177,0,0,0.0,0.3996254938229316,12140.58,8,0,22.0,1,2.0,11.0,0.0,0.0,5
290178,1,1,0.5,0.0323907621546335,20234.3,4,0,14.0,1,2.0,6.0,0.0,0.0,5
290179,0,0,0.0,0.08211439082070596,12140.58,8,0,41.0,1,2.0,13.0,0.0,0.0,5
299001,2,1,0.5,0.03239303549736807,16187.44,8,0,26.0,0,2.0,12.0,0.0,0.0,5
299004,1,1,0.5,0.017790188812815962,12140.58,5,0,41.0,1,2.0,15.0,0.0,0.0,5
299005,2,2,1.0,0.039459306325630335,30351.45,11,0,41.0,0,2.0,9.0,500.0,0.0,5
299007,1,1,0.5,0.012476029850056603,2023.43,5,0,41.0,0,2.0,31.0,0.0,0.0,5
299012,0,0,0.0,0.23250645376369825,584.93,6,0,41.0,1,2.0,26.0,0.0,0.0,5
299014,1,0,0.0,0.06484957001675135,36421.74,4,0,26.0,0,2.0,19.0,500.0,0.0,5
299015,1,1,0.5,0.0129539189467559,6070.290000000001,4,0,34.0,0,2.0,24.0,0.0,0.0,5
299020,2,2,1.0,0.05027118884187045,0.0,4,0,26.0,1,2.0,24.0,0.0,0.0,5
299025,2,2,1.0,0.0021125890137129364,6070.29,5,0,26.0,0,2.0,16.0,0.0,0.0,5
299027,2,2,1.0,0.02602941218544455,0.0,4,0,16.0,1,2.0,14.0,0.0,0.0,5
299032,1,1,0.5,0.668354728536097,16287.44,2,0,0.0,0,2.0,3.0,0.0,0.0,5
299034,0,0,0.0,1.1878398235047867,0.0,4,0,16.0,1,2.0,17.0,10000.0,0.0,5
300036,0,0,0.0,0.33841202039496443,8093.72,5,0,31.0,0,2.0,8.0,0.0,0.0,5
300037,2,1,0.5,0.036347775516138416,20234.3,10,0,25.0,0,2.0,8.0,0.0,0.0,5
300172,2,2,1.0,0.030270008475602374,23093.72,7,0,23.0,1,2.0,12.0,0.0,0.0,5
300175,0,0,0.0,0.1363463360210013,10117.150000000001,5,0,25.0,0,2.0,3.0,0.0,0.0,5
300180,1,1,0.5,0.026191380416704862,16187.44,1,0,15.0,1,2.0,11.0,0.0,0.0,5
309001,1,1,0.5,0.00029343043323569505,0.0,2,0,41.0,1,1.0,33.0,0.0,0.0,5
309025,1,1,0.5,0.0006189584595215614,2023.43,1,0,0.0,0,2.0,4.0,0.0,0.0,5
309027,0,0,0.0,0.06487187804086929,44515.46,2,0,0.0,0,1.0,7.0,0.0,0.0,5
309028,1,1,0.5,0.04950845179998586,6070.29,1,0,14.0,0,2.0,1.0,0.0,0.0,5
309029,1,1,0.5,0.040373372953069996,16187.44,5,0,26.0,0,2.0,10.0,0.0,0.0,5
309031,1,0,0.0,0.08527693685242825,8093.72,5,0,26.0,1,2.0,10.0,0.0,0.0,5
309033,1,1,0.5,0.04585105285480118,28328.02,6,0,26.0,0,0.0,14.0,0.0,0.0,5
309044,1,1,0.5,0.020783219474646397,4046.86,9,1,34.0,0,2.0,6.0,0.0,0.0,5
309047,2,2,1.0,0.04724000283440017,8093.72,3,0,25.0,0,1.0,4.0,0.0,0.0,5
309050,0,0,0.0,0.7220042838920844,24281.16,9,0,26.0,0,0.0,5.0,0.0,0.0,5
309053,0,0,0.0,0.5859806753604668,12140.58,5,0,0.0,0,2.0,9.0,0.0,0.0,5
309056,0,0,0.0,0.5010962001292262,24281.16,9,0,0.0,0,0.0,4.0,0.0,0.0,5
309058,0,0,0.0,0.7149678444167027,20234.300000000003,6,0,0.0,0,2.0,6.0,0.0,0.0,5
309059,1,1,0.5,0.014994264377718064,4046.86,9,0,0.0,0,2.0,9.0,0.0,0.0,5
309060,1,1,0.5,0.2915451895043732,8093.72,2,0,0.0,0,0.0,4.0,0.0,0.0,5
309061,0,0,0.0,0.13946223362713378,12140.58,2,0,0.0,0,2.0,4.0,300.0,0.0,5
309068,1,0,0.0,0.23610851362741264,32374.879999999997,6,0,24.0,0,2.0,7.0,0.0,0.0,5
309069,1,1,0.5,0.03046265675968339,4046.86,1,0,0.0,0,1.0,6.0,300.0,0.0,5
309087,1,1,0.5,0.012521512124409027,12140.58,3,0,23.0,0,0.0,9.0,0.0,0.0,5
309093,0,0,0.0,0.2616773518251995,12140.58,1,0,0.0,0,2.0,7.0,0.0,0.0,5
309094,0,0,0.0,0.18239114292248626,14164.01,7,0,25.0,0,0.0,16.0,200.0,0.0,5
309095,1,1,0.5,0.23436790791757706,4046.86,5,0,25.0,0,1.0,12.0,0.0,0.0,5
309109,0,0,0.0,0.8719943008778002,24402.5658,6,0,26.0,0,2.0,6.0,4000.0,0.0,5
309113,0,0,0.0,0.12377616318649354,28328.02,9,0,26.0,0,2.0,12.0,0.0,0.0,5
309114,2,1,0.5,0.04698906052557879,0.0,7,0,16.0,1,0.0,6.0,800.0,0.0,5
309115,0,0,0.0,0.07096560533661352,60000.0,6,0,16.0,0,1.0,11.0,0.0,0.0,5
309116,0,0,0.0,0.12110121370327512,32374.879999999997,1,0,26.0,0,0.0,7.0,1500.0,0.0,5
309119,1,1,0.5,0.03751641343087601,10117.15,4,0,26.0,0,2.0,7.0,0.0,0.0,5
309120,0,0,0.0,0.22897704505123362,8093.72,2,0,0.0,0,0.0,3.0,0.0,0.0,5
309126,1,1,0.5,0.031768219073638734,10117.15,8,0,26.0,1,0.0,11.0,0.0,0.0,5
310071,1,1,0.5,0.11144081299358596,0.0,11,1,26.0,1,1.0,4.0,1000.0,0.0,0
310072,1,1,0.5,0.03471900749930562,60000.0,6,1,26.0,0,0.0,4.0,0.0,0.0,0
310073,0,0,0.0,0.10923507623928404,0.0,13,1,34.0,1,0.0,2.0,0.0,0.0,0
310074,1,1,0.5,0.04007237128323223,60000.0,8,1,0.0,0,0.0,6.0,0.0,0.0,0
310075,1,1,0.5,0.06330831147689246,10000.0,7,1,13.0,0,1.0,4.0,0.0,0.0,0
310076,2,2,1.0,0.04607339491810455,0.0,8,0,15.0,1,0.0,2.0,0.0,0.0,0
310077,2,2,1.0,0.04029486247129443,60000.0,8,1,23.0,1,0.0,3.0,2000.0,0.0,0
310078,0,0,0.0,0.05711516560925546,10050.0,3,1,26.0,0,0.0,2.0,0.0,0.0,0
310079,0,0,0.0,0.10903274894002149,0.0,2,1,0.0,1,0.0,0.0,1000.0,0.0,0
310080,1,1,0.5,0.021305536222844593,60000.0,5,1,0.0,0,1.0,6.0,0.0,0.0,0
310081,0,0,0.0,0.3497923585861282,60000.0,13,1,26.0,1,0.0,10.0,0.0,0.0,0
310082,1,1,0.5,0.08938649974510826,0.0,9,0,21.0,1,1.0,1.0,0.0,0.0,0
310083,1,1,0.5,0.008224125801688483,10000.0,4,0,16.0,0,0.0,0.0,0.0,0.0,0
310084,1,1,0.5,0.1800548607858842,20234.300000000003,7,0,23.0,0,0.0,8.0,0.0,0.0,0
310085,0,0,0.0,0.05987306909352173,0.0,9,0,0.0,1,0.0,1.0,0.0,0.0,0
310086,2,1,0.5,0.028773174191564086,40234.3,4,0,23.0,0,2.0,13.0,0.0,0.0,0
310087,0,0,0.0,0.09303581652485417,16187.44,9,0,21.0,0,1.0,11.0,0.0,0.0,0
310088,2,2,1.0,0.04268286671297825,60000.0,8,0,16.0,0,2.0,1.0,0.0,0.0,0
310089,1,1,0.5,0.1421767256700078,10000.0,8,0,23.0,1,2.0,3.0,0.0,0.0,0
310090,0,0,0.0,0.12552563861168645,0.0,13,0,0.0,1,0.0,5.0,0.0,0.0,0
310091,1,0,0.0,0.5484952201109751,0.0,3,1,0.0,1,1.0,14.0,3000.0,0.0,0
310092,1,1,0.5,0.07210754095822115,60000.0,4,0,26.0,0,0.0,1.0,1600.0,0.0,0
310093,1,1,0.5,0.07779395078679523,0.0,5,1,43.0,1,0.0,21.0,1500.0,0.0,0
310094,1,1,0.5,0.04302052265002419,10000.0,7,1,42.0,0,0.0,20.0,3000.0,0.0,0
310095,0,0,0.0,0.4192578421389874,0.0,4,1,26.0,0,0.0,16.0,4000.0,0.0,0
310096,0,0,0.0,0.3203375302850493,60000.0,6,1,26.0,0,0.0,5.0,0.0,0.0,0
310097,1,1,0.5,0.16137983718979806,20000.0,4,1,42.0,0,2.0,8.0,1500.0,0.0,0
310098,0,0,0.0,0.29039198470128663,10000.0,1,1,31.0,0,0.0,5.0,0.0,0.0,0
310099,0,0,0.0,0.2899620097644557,50000.0,7,1,41.0,0,0.0,10.0,0.0,0.0,0
310100,2,2,1.0,0.032172627852595476,50000.0,9,0,24.0,0,2.0,1.0,1000.0,0.0,0
319001,2,2,1.0,0.026817068075833023,0.0,7,1,16.0,0,0.0,0.0,1500.0,0.0,0
319002,0,0,0.0,0.904295851620859,60000.0,13,1,25.0,1,0.0,21.0,1500.0,0.0,0
319004,1,1,0.5,0.08230434727928068,42140.58,7,1,25.0,1,0.0,8.0,2000.0,0.0,0
319005,1,1,0.5,0.029705079379971012,0.0,5,1,23.0,0,0.0,9.0,0.0,0.0,0
319006,0,0,0.0,0.36232759245392404,0.0,9,1,41.0,1,2.0,9.0,1000.0,0.0,0
319007,1,0,0.0,0.20798164446259837,40000.0,6,1,43.0,0,0.0,11.0,2500.0,0.0,0
319008,0,0,0.0,0.1361146109645777,10000.0,5,1,41.0,1,1.0,10.0,1000.0,0.0,0
319009,1,0,0.0,0.5241995488320025,40000.0,8,1,26.0,0,0.0,19.0,15000.0,0.0,0
319010,2,2,1.0,0.036185210380813154,0.0,10,1,26.0,1,0.0,9.0,1000.0,0.0,0
319012,1,0,0.0,0.06338641945963078,0.0,8,1,34.0,0,0.0,6.0,3000.0,0.0,0
319025,0,0,0.0,0.3372271421986745,60000.0,7,1,26.0,1,0.0,4.0,0.0,0.0,0
319026,1,1,0.5,0.11099844481874019,60000.0,9,1,26.0,0,0.0,4.0,0.0,0.0,0
319027,1,1,0.5,0.046754520856820345,48093.72,8,1,0.0,0,0.0,2.0,0.0,0.0,0
319029,2,2,1.0,0.004509525416015139,26187.440000000002,6,1,26.0,1,2.0,6.0,0.0,0.0,0
319030,0,0,0.0,0.29170598905323364,30000.0,7,1,26.0,0,0.0,6.0,0.0,0.0,0
319031,2,2,1.0,0.030116741182314954,50000.0,5,0,26.0,0,2.0,7.0,2500.0,0.0,0
319032,0,0,0.0,0.06627675490711817,0.0,4,1,0.0,1,0.0,5.0,0.0,0.0,0
319033,1,1,0.5,1.742467626036633,14046.86,8,1,34.0,1,0.0,1.0,5000.0,0.0,0
319034,2,1,0.5,0.010063601964415103,10000.0,6,0,26.0,0,2.0,4.0,2500.0,0.0,0
319036,1,1,0.5,0.8790048991410888,0.0,5,1,14.0,1,1.0,1.0,0.0,0.0,0
319037,0,0,0.0,0.4167291760430731,60000.0,7,1,34.0,1,0.0,24.0,0.0,0.0,0
319038,1,1,0.5,0.3530303250037039,50000.0,8,1,41.0,1,0.0,8.0,400.0,0.0,0
319042,1,0,0.0,0.515617753006314,40000.0,7,1,43.0,0,0.0,8.0,500.0,0.0,0
319043,0,0,0.0,0.3278401888359488,0.0,3,1,26.0,0,0.0,2.0,7500.0,0.0,0
319048,1,1,0.5,0.030595742820927488,0.0,6,1,34.0,0,0.0,8.0,500.0,0.0,0
319049,0,0,0.0,0.12769489433247494,0.0,8,1,26.0,0,0.0,4.0,0.0,0.0,0
319050,0,0,0.0,0.276999183142455,10900.0,5,1,25.0,0,0.0,3.0,0.0,0.0,0
319051,1,0,0.0,2.468636561307848,40000.0,5,1,32.0,1,2.0,9.0,3000.0,0.0,0
319052,1,1,0.5,0.05301163390452175,0.0,2,1,23.0,0,1.0,3.0,0.0,0.0,0
319054,1,1,0.5,0.8105319752459302,49180.0,3,0,24.0,1,2.0,1.0,0.0,0.0,0
319056,0,0,0.0,0.08849557522123894,20000.0,2,1,26.0,0,0.0,5.0,1000.0,0.0,0
319057,0,0,0.0,0.4629752645233698,30000.0,6,1,41.0,0,0.0,0.0,6600.0,0.0,0
319058,0,0,0.0,1.9954105557218398,30000.0,2,1,41.0,1,0.0,5.0,0.0,0.0,0
319059,0,0,0.0,0.8680304389340586,0.0,6,1,26.0,0,0.0,14.0,0.0,0.0,0
319060,0,0,0.0,1.4047903350424948,0.0,6,1,26.0,1,0.0,14.0,7000.0,0.0,0
319061,1,0,0.0,0.42121751248574885,40000.0,5,1,26.0,1,1.0,4.0,5000.0,0.0,0
319063,1,1,0.5,0.022906778573915595,20000.0,8,1,26.0,0,0.0,12.0,0.0,0.0,0
319064,1,1,0.5,0.05897600630807731,60000.0,6,1,26.0,1,0.0,0.0,0.0,0.0,0
319065,0,0,0.0,0.10298156051456919,8093.72,9,1,26.0,0,0.0,4.0,0.0,0.0,0
319069,2,2,1.0,0.03125130213758907,0.0,6,1,43.0,1,0.0,19.0,0.0,0.0,0
319070,1,1,0.5,0.19503977507548928,30000.0,8,1,26.0,1,0.0,11.0,2000.0,0.0,0
319071,1,0,0.0,0.07114169484942469,20000.0,2,1,0.0,0,0.0,5.0,5000.0,0.0,0
319072,0,0,0.0,0.16409243393432196,40000.0,10,1,26.0,1,0.0,21.0,0.0,0.0,0
319079,0,0,0.0,0.12237904870686138,0.0,5,1,26.0,1,0.0,6.0,0.0,0.0,0
319083,1,1,0.5,0.4266666666666667,0.0,2,0,0.0,1,2.0,4.0,1000.0,0.0,0
320055,0,0,0.0,0.3264260214869714,0.0,3,0,42.0,0,0.0,44.0,0.0,0.0,4
320081,1,1,0.5,0.6162182569692455,0.0,1,0,14.0,0,2.0,7.0,0.0,0.0,4
320181,1,1,0.5,0.010047423840527288,550.0,7,0,42.0,1,0.0,47.0,0.0,0.0,4
320182,1,0,0.0,0.201188271140669,0.0,4,0,26.0,0,0.0,22.0,0.0,0.0,4
320183,0,0,0.0,0.1261556088823598,1880.0,5,0,32.0,0,2.0,32.0,0.0,0.0,4
320186,2,2,1.0,0.04905166775670373,550.0,6,0,42.0,0,2.0,15.0,0.0,0.0,4
320191,0,0,0.0,0.14151602316738332,0.0,8,0,42.0,0,2.0,25.0,0.0,0.0,4
329001,1,1,0.5,0.003584486343107033,2030.0,5,0,26.0,0,1.0,3.0,0.0,0.0,4
329002,0,0,0.0,0.3691695557284239,0.0,8,0,26.0,0,2.0,14.0,0.0,0.0,4
329003,0,0,0.0,2.2532862821108384,0.0,8,0,26.0,0,2.0,23.0,0.0,0.0,4
329006,1,1,0.5,0.6133095483727176,1050.0,1,0,0.0,0,1.0,3.0,0.0,0.0,4
329012,0,0,0.0,0.504365969561652,0.0,5,0,41.0,0,1.0,18.0,0.0,0.0,4
329049,1,1,0.5,0.038107525770795944,1770.0,4,0,31.0,0,2.0,22.0,200.0,0.0,4
329050,0,0,0.0,2.1222210792783343,0.0,6,1,26.0,0,1.0,17.0,0.0,0.0,4
329054,1,0,0.0,0.3312483718101932,0.0,2,1,34.0,0,2.0,13.0,500.0,0.0,4
329055,0,0,0.0,0.18380771198553236,700.0,2,1,16.0,1,2.0,13.0,500.0,0.0,4
329057,1,0,0.0,0.31496338725108625,600.0,6,1,26.0,0,2.0,20.0,600.0,0.0,4
329059,0,0,0.0,0.4443579211421028,0.0,6,1,26.0,1,1.0,25.0,600.0,0.0,4
329061,1,0,0.0,0.17173405675265457,0.0,2,0,16.0,1,2.0,49.0,0.0,0.0,4
329062,1,1,0.5,0.00897021887334051,0.0,5,0,26.0,0,2.0,18.0,400.0,0.0,4
329063,1,1,0.5,0.03196433689950359,0.0,5,0,42.0,0,0.0,25.0,600.0,0.0,4
329066,1,0,0.0,0.2336180831260433,0.0,4,0,42.0,0,2.0,24.0,0.0,0.0,4
329076,0,0,0.0,0.22384277266490976,0.0,7,0,42.0,1,2.0,27.0,0.0,0.0,4
329079,1,1,0.5,1.1397761062254856,1350.0,2,0,42.0,0,2.0,26.0,0.0,0.0,4
329080,0,0,0.0,0.06911136605526144,900.0,6,0,26.0,0,1.0,35.0,0.0,0.0,4
329085,0,0,0.0,0.7375283948432014,0.0,3,0,14.0,0,2.0,7.0,0.0,0.0,4
329088,2,2,1.0,0.009958677685950414,3240.0,5,0,26.0,0,2.0,11.0,0.0,0.0,4
329089,1,1,0.5,0.31634755795964103,1050.0,4,0,26.0,0,2.0,7.0,0.0,0.0,4
329090,0,0,0.0,0.25058038716039716,0.0,6,1,26.0,0,2.0,18.0,1000.0,0.0,4
329092,2,2,1.0,0.018809079148538216,1900.0,5,0,21.0,0,2.0,4.0,0.0,0.0,4
329095,0,0,0.0,0.4617116482480171,0.0,3,1,42.0,0,0.0,11.0,400.0,0.0,4
329096,2,2,1.0,0.045045958060043245,2870.0,4,1,16.0,0,2.0,5.0,700.0,0.0,4
329108,0,0,0.0,0.2464041518292546,1830.0,4,0,35.0,0,2.0,20.0,0.0,0.0,4
330031,0,0,0.0,0.1520450053215752,0.0,6,1,51.0,0,1.0,12.0,3.0,0.0,2
330032,0,0,0.0,0.07440999192862184,0.0,6,1,51.0,0,0.0,8.0,0.0,0.0,2
330033,0,0,0.0,0.30009926360257627,0.0,5,1,51.0,0,2.0,18.0,3500.0,0.0,2
330034,0,0,0.0,0.23726046982507917,8093.72,6,1,51.0,1,2.0,17.0,0.0,0.0,2
330035,0,0,0.0,0.06072401489994321,0.0,9,1,51.0,0,0.0,18.0,3000.0,0.0,2
330036,1,0,0.0,0.12168022302124985,12140.58,13,1,51.0,0,1.0,12.0,2000.0,0.0,2
330037,0,0,0.0,0.198431772899715,44515.46,9,1,51.0,1,0.0,17.0,0.0,0.0,2
330039,1,1,0.5,0.2558608117184252,0.0,12,1,51.0,0,2.0,5.0,2000.0,0.0,2
330040,0,0,0.0,0.24041312736155795,40468.6,3,1,51.0,1,2.0,10.0,3000.0,0.0,2
330051,0,0,0.0,0.2997848214253865,0.0,17,1,51.0,0,0.0,20.0,0.0,0.0,2
330052,0,0,0.0,0.11236516180583299,0.0,10,1,51.0,1,1.0,16.0,200.0,0.0,2
330055,0,0,0.0,0.24123900433244155,10000.0,7,1,51.0,0,0.0,5.0,0.0,0.0,2
330056,0,0,0.0,0.07911151681119732,60000.0,13,1,51.0,0,2.0,13.0,1500.0,0.0,2
330057,1,1,0.5,0.04637894221008785,36421.74,16,1,51.0,1,2.0,31.0,2500.0,0.0,2
330058,0,0,0.0,0.12127251171458266,0.0,12,1,51.0,1,0.0,11.0,0.0,0.0,2
330059,1,1,0.5,0.19035009444792156,8093.72,9,1,51.0,0,2.0,6.0,0.0,0.0,2
330060,0,0,0.0,0.35900563508330724,16187.44,9,1,51.0,0,0.0,6.0,0.0,0.0,2
330061,1,1,0.5,0.042662369523994464,60000.0,6,0,51.0,1,0.0,10.0,0.0,0.0,2
330062,0,0,0.0,0.07793503335619427,40468.6,5,0,51.0,0,2.0,5.0,0.0,0.0,2
330063,1,0,0.0,0.16924097861242932,0.0,8,0,51.0,0,2.0,13.0,0.0,0.0,2
330064,1,1,0.5,0.01574625708154078,16187.44,8,0,51.0,1,0.0,15.0,0.0,0.0,2
330065,2,2,1.0,0.018657551830678985,0.0,2,0,51.0,1,2.0,2.0,0.0,0.0,2
330066,0,0,0.0,0.10862203837825726,36421.74,3,0,51.0,1,0.0,5.0,0.0,0.0,2
330067,1,1,0.5,0.06128122633056798,60000.0,11,0,51.0,0,0.0,0.0,0.0,0.0,2
330068,1,1,0.5,0.05174114941090562,36421.74,3,0,51.0,1,2.0,16.0,0.0,0.0,2
330069,1,1,0.5,0.00888261318045868,0.0,7,0,51.0,1,0.0,9.0,0.0,0.0,2
330070,0,0,0.0,0.0778089013383131,0.0,9,0,51.0,0,2.0,11.0,0.0,0.0,2
339001,1,0,0.0,0.15390936941143388,16187.44,8,1,52.0,1,2.0,13.0,3000.0,0.0,2
339002,1,1,0.5,0.19614441819697828,0.0,7,1,51.0,0,0.0,8.0,0.0,0.0,2
339003,1,1,0.5,0.049134747199218114,0.0,12,1,51.0,0,2.0,20.0,0.0,0.0,2
339004,1,0,0.0,0.10107066352217095,0.0,10,1,52.0,1,2.0,12.0,0.0,0.0,2
339005,0,0,0.0,0.15811588709087687,0.0,14,1,51.0,0,2.0,15.0,1700.0,0.0,2
339006,0,0,0.0,0.09755140414899498,0.0,5,1,51.0,1,2.0,12.0,400.0,0.0,2
339009,2,2,1.0,0.04094964758725031,60000.0,8,1,51.0,1,0.0,8.0,1000.0,0.0,2
339011,1,1,0.5,0.17831212480357633,20234.3,7,1,51.0,1,0.0,8.0,1000.0,0.0,2
339012,1,1,0.5,0.10808270497429641,0.0,6,1,51.0,0,1.0,8.0,1000.0,0.0,2
339026,0,0,0.0,0.13839960251107994,0.0,3,1,51.0,0,2.0,6.0,2500.0,0.0,2
339027,1,1,0.5,0.04702163302387721,0.0,10,1,52.0,1,2.0,11.0,0.0,0.0,2
339028,0,0,0.0,0.11686332896740807,0.0,5,1,51.0,0,0.0,0.0,0.0,0.0,2
339029,1,1,0.5,0.11817351539890084,0.0,8,1,51.0,0,2.0,5.0,0.0,0.0,2
339030,0,0,0.0,0.11061072988778169,0.0,2,1,51.0,1,0.0,7.0,0.0,0.0,2
339031,0,0,0.0,0.11360731631117044,0.0,8,1,51.0,1,2.0,11.0,1000.0,0.0,2
339032,1,1,0.5,0.050456758715362995,0.0,2,1,51.0,0,2.0,4.0,1000.0,0.0,2
339033,1,0,0.0,0.8472182999152781,0.0,8,1,51.0,0,0.0,7.0,2000.0,0.0,2
339034,0,0,0.0,0.09109714434863016,0.0,8,1,51.0,1,1.0,16.0,0.0,0.0,2
339037,1,1,0.5,0.032213549160400916,4046.86,10,0,51.0,1,2.0,19.0,0.0,0.0,2
339038,0,0,0.0,0.23065165615998248,0.0,12,0,51.0,0,2.0,10.0,0.0,0.0,2
339040,1,1,0.5,0.0245619242199614,0.0,9,0,51.0,0,2.0,6.0,0.0,0.0,2
339042,0,0,0.0,0.16964899928591026,0.0,6,1,51.0,0,0.0,20.0,1500.0,0.0,2
339043,1,0,0.0,0.43579578879076536,0.0,6,0,51.0,0,2.0,9.0,0.0,0.0,2
339044,0,0,0.0,0.13336602259589225,0.0,13,1,51.0,0,0.0,20.0,0.0,0.0,2
339045,1,0,0.0,0.18773524011740308,8093.72,8,1,51.0,0,2.0,10.0,0.0,0.0,2
339046,0,0,0.0,0.1730614282378238,0.0,7,1,51.0,1,1.0,15.0,8000.0,0.0,2
339047,0,0,0.0,0.11126515579727825,0.0,7,1,51.0,0,2.0,10.0,0.0,0.0,2
339048,0,0,0.0,0.15715994981739698,0.0,7,1,51.0,0,2.0,11.0,7000.0,0.0,2
340032,1,0,0.0,0.10292138389676193,12140.58,5,1,26.0,0,2.0,13.0,500.0,0.0,1
340033,1,1,0.5,0.5102457127030752,40000.0,6,1,26.0,0,2.0,5.0,1500.0,0.0,1
340034,1,1,0.5,9.181188111986943e-05,0.0,7,0,21.0,0,2.0,5.0,300.0,0.0,1
340035,1,1,0.5,0.18529977167321926,41932.799999999996,13,0,26.0,1,2.0,33.0,500.0,0.0,1
340036,1,1,0.5,0.30261108108595897,50000.0,11,0,41.0,0,2.0,21.0,2400.0,0.0,1
340037,0,0,0.0,0.36000654557355594,8831.3,6,0,32.0,0,2.0,16.0,0.0,0.0,1
340038,0,0,0.0,0.07753463098407574,40000.0,7,0,32.0,0,2.0,7.0,600.0,0.0,1
340039,2,2,1.0,0.01496307733770984,22257.73,9,0,11.0,0,2.0,16.0,0.0,0.0,1
340040,1,0,0.0,0.06244279605517048,24281.16,4,0,34.0,0,2.0,20.0,1600.0,0.0,1
340089,1,1,0.5,0.20581213468346093,50000.0,11,0,42.0,0,2.0,23.0,0.0,0.0,1
349004,0,0,0.0,0.25026963926455686,120.0,21,1,26.0,0,2.0,49.0,1200.0,0.0,1
349005,2,2,1.0,0.04047599773334413,12140.58,9,0,12.0,0,0.0,16.0,400.0,0.0,1
349007,0,0,0.0,0.12148655364735766,8093.72,4,0,0.0,0,0.0,20.0,0.0,0.0,1
349008,0,0,0.0,0.13704888076747374,10000.0,11,1,26.0,0,1.0,28.0,0.0,0.0,1
349009,1,1,0.5,0.00762414408193797,0.0,6,1,24.0,0,1.0,9.0,0.0,0.0,1
349011,2,2,1.0,0.03092009364371218,8093.72,11,0,41.0,0,2.0,31.0,0.0,0.0,1
349014,1,1,0.5,0.07406035919274208,0.0,5,0,0.0,0,0.0,2.0,1000.0,0.0,1
349017,0,0,0.0,0.2504257237303416,0.0,3,0,0.0,0,0.0,3.0,0.0,0.0,1
349019,1,0,0.0,0.1132983996601048,8093.72,7,0,15.0,0,2.0,20.0,1500.0,0.0,1
349021,1,1,0.5,0.18262824114955448,10000.0,9,0,0.0,0,2.0,11.0,6000.0,0.0,1
349022,1,1,0.5,0.05439926887382634,9191.3,9,0,22.0,0,0.0,19.0,2000.0,0.0,1
349024,2,2,1.0,0.04610065309258548,0.0,5,0,0.0,0,2.0,2.0,4500.0,0.0,1
349025,1,1,0.5,0.09478794097309975,1595.71,2,0,0.0,0,1.0,1.0,0.0,0.0,1
349026,1,1,0.5,0.020066889632107024,0.0,4,0,14.0,0,0.0,3.0,0.0,0.0,1
349027,1,1,0.5,0.1426489285825038,0.0,4,0,26.0,0,1.0,4.0,500.0,0.0,1
349028,1,1,0.5,0.2628498323032238,9181.2,15,0,41.0,0,2.0,21.0,400.0,0.0,1
349029,0,0,0.0,0.3947628133429831,8093.72,5,0,32.0,0,2.0,11.0,600.0,0.0,1
349030,0,0,0.0,0.9974515771649726,8093.72,7,0,26.0,0,2.0,13.0,1000.0,0.0,1
349032,2,2,1.0,0.03710906936713388,40000.0,10,0,21.0,0,2.0,7.0,3000.0,0.0,1
349034,0,0,0.0,0.2201511231352179,12140.58,8,0,26.0,0,0.0,20.0,1000.0,0.0,1
349036,1,0,0.0,0.37081411322644503,20000.0,8,0,24.0,0,2.0,7.0,600.0,0.0,1
349037,1,0,0.0,0.6734544170734986,8018.4,11,1,51.0,0,2.0,13.0,0.0,0.0,1
349038,2,2,1.0,0.04662439388287952,8579.2,5,0,41.0,0,2.0,4.0,0.0,0.0,1
349040,1,0,0.0,0.8756238077107773,0.0,7,0,41.0,0,2.0,15.0,0.0,0.0,1
349041,0,0,0.0,0.2639608915543073,20000.0,7,0,26.0,0,2.0,11.0,300.0,0.0,1
349044,2,2,1.0,0.004336513443191674,18768.8,1,1,26.0,1,2.0,11.0,400.0,0.0,1
349050,1,1,0.5,0.0715514731516232,20000.0,13,0,23.0,0,2.0,9.0,0.0,0.0,1
349051,1,0,0.0,0.2183363875978228,14164.01,10,0,21.0,0,1.0,18.0,1500.0,0.0,1
349052,1,1,0.5,0.2505670728490795,10000.0,3,1,15.0,0,2.0,9.0,4000.0,0.0,1
349053,1,1,0.5,0.3822569084972525,4046.86,6,1,42.0,0,2.0,4.0,2000.0,0.0,1
349054,1,1,0.5,0.06060713115627466,16187.44,4,0,11.0,0,0.0,5.0,1000.0,0.0,1
349055,1,1,0.5,0.19972841564921315,11448.36,8,0,23.0,0,2.0,3.0,1000.0,0.0,1
349056,1,1,0.5,0.1879686811596456,32140.58,12,0,22.0,0,0.0,4.0,1500.0,0.0,1
349057,1,1,0.5,0.03139573160886278,20000.0,5,1,23.0,0,2.0,11.0,1500.0,0.0,1
349059,1,1,0.5,0.10225846779253567,30050.0,6,0,16.0,1,2.0,3.0,3500.0,0.0,1
349060,1,1,0.5,0.36735661116065427,16670.7,8,0,26.0,1,2.0,6.0,1600.0,0.0,1
349061,1,0,0.0,0.1664558226246754,3003.8,6,0,41.0,0,2.0,12.0,0.0,0.0,1
349062,2,2,1.0,0.005700489571457313,0.0,3,0,22.0,0,1.0,2.0,0.0,0.0,1
349067,0,0,0.0,0.07726913035738087,10117.15,7,0,16.0,0,2.0,11.0,0.0,0.0,1
349068,1,0,0.0,0.12060916111274782,8392.9,5,0,26.0,0,2.0,12.0,0.0,0.0,1
349071,0,0,0.0,0.08740259355490128,14164.01,8,0,41.0,0,2.0,7.0,0.0,0.0,1
349072,1,1,0.5,0.24449265574368484,10000.0,4,0,21.0,0,2.0,5.0,0.0,0.0,1
349073,0,0,0.0,0.8817342452984671,4046.86,7,0,26.0,0,2.0,7.0,0.0,0.0,1
349077,2,2,1.0,0.03183399393627746,0.0,15,0,41.0,0,2.0,14.0,0.0,0.0,1
349085,1,1,0.5,0.09335539092291952,0.0,7,0,25.0,0,2.0,5.0,0.0,0.0,1
349086,2,2,1.0,0.018885343754477448,7795.3,8,0,23.0,0,2.0,1.0,0.0,0.0,1
349087,1,0,0.0,0.10248832051443124,16187.44,5,0,25.0,0,2.0,9.0,0.0,0.0,1
349088,2,2,1.0,0.017487133062546963,10000.0,6,0,0.0,0,2.0,6.0,0.0,0.0,1
349089,1,1,0.5,0.054073854897194004,0.0,7,0,11.0,0,2.0,3.0,0.0,0.0,1
349090,1,2,1.0,0.02998770504093322,8093.72,6,0,0.0,0,2.0,11.0,0.0,0.0,1
349091,2,2,1.0,0.02833146135838517,2866.3,7,0,0.0,0,2.0,10.0,0.0,0.0,1
349092,0,0,0.0,0.4007886495404522,250.0,5,0,16.0,0,2.0,4.0,0.0,0.0,1
349093,2,2,1.0,0.010855476450763728,30000.0,3,0,26.0,0,2.0,8.0,0.0,0.0,1
349095,2,2,1.0,0.04596638932983838,4092.7,1,0,0.0,0,2.0,1.0,0.0,0.0,1
350061,1,1,0.5,0.06942219374132222,60000.0,7,1,24.0,1,2.0,10.0,4000.0,0.0,1
350062,0,0,0.0,0.10062164684012785,50000.0,4,0,51.0,0,0.0,11.0,0.0,0.0,1
350063,0,0,0.0,0.8337683429035438,0.0,3,0,51.0,1,0.0,7.0,0.0,0.0,1
350064,0,0,0.0,0.08350089943156758,0.0,5,1,26.0,1,0.0,22.0,0.0,0.0,1
350065,0,0,0.0,0.3767739774772889,30000.0,7,1,26.0,0,0.0,7.0,0.0,0.0,1
350066,0,0,0.0,0.06892477353288697,20000.0,7,1,26.0,0,2.0,8.0,2000.0,0.0,1
350067,0,0,0.0,0.0831946755407654,50000.0,8,0,51.0,0,0.0,20.0,0.0,0.0,1
350068,2,2,1.0,0.05159958720330238,0.0,11,1,26.0,1,2.0,12.0,3000.0,0.0,1
350069,1,1,0.5,0.06008748738162764,0.0,9,1,34.0,1,2.0,11.0,4500.0,0.0,1
350070,2,1,0.5,0.022802742029729078,20000.0,8,1,34.0,0,2.0,20.0,3000.0,0.0,1
359002,1,1,0.5,0.1827429720098681,20000.0,7,1,0.0,0,2.0,5.0,4800.0,0.0,1
359003,1,1,0.5,0.07473469184395395,0.0,12,1,16.0,1,2.0,15.0,4500.0,0.0,1
359004,0,0,0.0,0.17672953953921788,0.0,10,1,51.0,1,0.0,14.0,0.0,0.0,1
359005,1,1,0.5,0.0741986545310645,0.0,5,1,16.0,1,2.0,7.0,3500.0,0.0,1
359006,1,1,0.5,0.0806130384476774,20000.0,3,1,16.0,0,2.0,5.0,10000.0,0.0,1
359007,0,0,0.0,0.18397233056148354,20000.0,3,1,51.0,0,0.0,8.0,5000.0,0.0,1
359008,1,1,0.5,0.06738166095794261,0.0,4,1,26.0,1,2.0,4.0,8000.0,0.0,1
359009,0,0,0.0,0.13855167317639608,20000.0,5,1,51.0,0,0.0,12.0,5000.0,0.0,1
359010,0,0,0.0,0.061943248185947736,0.0,7,0,51.0,1,0.0,22.0,0.0,0.0,1
359011,0,0,0.0,0.29818346632315934,20000.0,9,1,26.0,0,0.0,8.0,0.0,0.0,1
359013,0,0,0.0,0.2945060373737662,0.0,3,1,51.0,1,0.0,4.0,7000.0,0.0,1
359018,2,2,1.0,0.026378264310208385,0.0,8,1,16.0,1,2.0,7.0,4500.0,0.0,1
359019,1,1,0.5,0.055782818891781334,0.0,5,1,11.0,1,2.0,4.0,2000.0,0.0,1
359020,2,2,1.0,0.027923601027588518,30000.0,6,1,0.0,0,2.0,5.0,2000.0,0.0,1
359021,2,1,0.5,0.02849901909725939,50000.0,14,1,26.0,0,2.0,15.0,4500.0,0.0,1
359023,2,2,1.0,0.048915701940322846,40000.0,4,1,0.0,0,2.0,8.0,5800.0,0.0,1
359027,1,1,0.5,0.026273118654829217,40000.0,8,0,51.0,0,0.0,17.0,0.0,0.0,1
359029,1,1,0.5,0.07694675284702986,10000.0,9,1,26.0,0,2.0,18.0,5000.0,0.0,1
359031,0,0,0.0,0.05909699787250808,30000.0,8,0,51.0,0,2.0,23.0,3500.0,0.0,1
359033,1,1,0.5,0.037675634945259516,30000.0,12,1,51.0,0,0.0,15.0,0.0,0.0,1
359034,1,1,0.5,0.05145250419337909,40000.0,2,0,51.0,0,0.0,14.0,0.0,0.0,1
359035,1,1,0.5,0.025009378516943855,20000.0,9,1,51.0,0,0.0,13.0,0.0,0.0,1
359037,2,2,1.0,0.018636847710330137,0.0,4,1,0.0,1,2.0,7.0,4500.0,0.0,1
359038,2,2,1.0,0.02574797878366548,0.0,5,1,0.0,1,2.0,7.0,4500.0,0.0,1
359039,1,1,0.5,0.02509410288582183,0.0,8,1,0.0,1,0.0,13.0,1500.0,0.0,1
359043,1,1,0.5,0.06669868203404301,0.0,7,0,0.0,1,2.0,10.0,0.0,0.0,1
359045,0,0,0.0,0.12415543865878736,50000.0,2,1,0.0,0,0.0,7.0,0.0,0.0,1
359046,2,2,1.0,0.034178296781543716,10000.0,4,1,0.0,0,2.0,6.0,5000.0,0.0,1
359047,1,1,0.5,0.012475983731317215,20000.0,13,1,0.0,0,2.0,13.0,4500.0,0.0,1
359048,0,0,0.0,0.07332214491714598,20000.0,4,1,0.0,0,0.0,7.0,0.0,0.0,1
359049,2,2,1.0,0.006516121272900031,0.0,5,0,16.0,1,2.0,6.0,3000.0,0.0,1
359051,2,2,1.0,0.02190676480897301,0.0,17,1,34.0,1,2.0,21.0,0.0,0.0,1
359053,0,0,0.0,0.09244460136005556,30000.0,10,1,51.0,0,1.0,11.0,0.0,0.0,1
359054,2,2,1.0,0.006674209586094397,0.0,7,1,15.0,1,2.0,10.0,1000.0,0.0,1
359055,1,1,0.5,0.06664593237659394,20000.0,7,1,16.0,0,2.0,5.0,5000.0,0.0,1
359056,1,1,0.5,0.0294208505567896,0.0,5,1,51.0,1,0.0,5.0,1000.0,0.0,1
359057,1,0,0.0,0.09607070804111827,10000.0,7,1,14.0,0,2.0,6.0,1000.0,0.0,1
359059,0,0,0.0,0.11342498071775328,0.0,7,1,51.0,1,0.0,11.0,0.0,0.0,1
359060,1,1,0.5,0.01024453710059111,20000.0,7,1,34.0,0,1.0,14.0,0.0,0.0,1
360031,0,0,0.0,0.7544322897019993,50.0,6,1,51.0,1,2.0,15.0,1000.0,0.0,2
360032,2,2,1.0,0.03971405877680699,40.0,2,1,51.0,1,2.0,9.0,0.0,0.0,2
360033,1,0,0.0,0.14848701066514797,50.0,12,1,51.0,1,2.0,19.0,200.0,0.0,2
360034,0,0,0.0,0.47458587696904,0.0,11,1,51.0,1,2.0,24.0,300.0,0.0,2
360035,1,1,0.5,0.35874410653947925,0.0,8,1,26.0,1,2.0,25.0,6000.0,0.0,2
360036,0,0,0.0,0.19733831129340546,50.0,8,1,51.0,1,2.0,20.0,500.0,0.0,2
360037,1,1,0.5,0.2936423353802684,0.0,8,1,26.0,1,2.0,25.0,4000.0,0.0,2
360038,0,0,0.0,0.8323111671452186,10000.0,4,1,51.0,0,2.0,18.0,4000.0,0.0,2
360039,1,0,0.0,0.2288204076377542,21000.0,10,1,52.0,0,2.0,46.0,300.0,0.0,2
360040,1,1,0.5,0.25195263290501385,50.0,5,1,51.0,1,2.0,14.0,5000.0,0.0,2
360046,0,0,0.0,0.1837618305772617,33000.0,4,0,51.0,0,2.0,24.0,0.0,0.0,2
360048,0,0,0.0,1.8095484563406983,0.0,9,0,51.0,1,2.0,21.0,0.0,0.0,2
360050,1,0,0.0,0.277861978377286,50.0,8,0,51.0,1,2.0,25.0,0.0,0.0,2
360081,1,1,0.5,0.27865502507895223,60.0,17,1,51.0,1,2.0,27.0,5000.0,0.0,2
360082,0,0,0.0,0.18925606310857188,13000.0,3,1,51.0,0,2.0,11.0,1200.0,0.0,2
360083,1,0,0.0,0.1521983741742095,22000.0,7,1,51.0,1,2.0,30.0,5000.0,0.0,2
360084,0,0,0.0,0.25380587301019153,0.0,8,1,51.0,1,2.0,22.0,4500.0,0.0,2
360085,0,0,0.0,0.33364710990424773,0.0,2,1,51.0,0,2.0,9.0,0.0,0.0,2
360086,0,0,0.0,0.44898783181423685,0.0,4,1,51.0,1,2.0,13.0,0.0,0.0,2
360087,0,0,0.0,0.23701501848464127,0.0,5,1,51.0,1,2.0,15.0,500.0,0.0,2
360088,0,0,0.0,0.35038162748973645,0.0,3,1,51.0,1,2.0,15.0,800.0,0.0,2
360089,1,1,0.5,0.23474807953649568,0.0,5,1,51.0,1,2.0,17.0,8500.0,0.0,2
360090,0,0,0.0,0.5214036185411126,0.0,4,1,51.0,0,1.0,11.0,1000.0,0.0,2
369001,0,0,0.0,0.24879090598580011,26000.0,11,1,51.0,1,2.0,42.0,0.0,0.0,2
369002,0,0,0.0,0.16625498764962948,100.0,2,1,26.0,1,2.0,13.0,0.0,0.0,2
369003,1,1,0.5,0.1374210646860583,50.0,8,1,51.0,1,2.0,12.0,3500.0,0.0,2
369004,1,0,0.0,0.32036087668333213,0.0,14,1,26.0,1,2.0,28.0,1000.0,0.0,2
369005,0,0,0.0,0.4888387556926643,45.0,7,1,51.0,1,2.0,13.0,5000.0,0.0,2
369006,0,0,0.0,0.14891162623156662,70.0,12,1,51.0,1,2.0,21.0,1000.0,0.0,2
369007,1,0,0.0,0.30632249632413006,0.0,6,1,51.0,0,2.0,18.0,0.0,0.0,2
369008,0,0,0.0,0.16992674269315006,0.0,6,1,51.0,1,1.0,15.0,5000.0,0.0,2
369025,0,0,0.0,0.5334865397242284,45.0,7,1,51.0,1,2.0,16.0,13500.0,0.0,2
369026,0,0,0.0,0.23775558725630053,50.0,4,1,26.0,1,1.0,12.0,0.0,0.0,2
369027,0,0,0.0,0.5542042008515252,50.0,17,1,34.0,0,2.0,46.0,0.0,0.0,2
369031,0,0,0.0,0.5500865877783039,125.0,8,1,51.0,1,2.0,22.0,0.0,0.0,2
369033,0,0,0.0,0.26692885373330605,70.0,8,1,43.0,1,2.0,43.0,300.0,0.0,2
369035,1,1,0.5,0.1647337901950448,10000.0,9,1,51.0,0,2.0,43.0,2000.0,0.0,2
369038,0,0,0.0,0.29810168696585737,49000.0,12,0,52.0,1,2.0,49.0,0.0,0.0,2
369039,0,0,0.0,0.08073641999462208,49000.0,10,0,51.0,1,2.0,39.0,0.0,0.0,2
369040,1,0,0.0,0.19591500874171527,30100.0,8,0,51.0,1,2.0,20.0,0.0,0.0,2
369041,0,0,0.0,0.3913400043700282,45075.0,7,0,51.0,1,2.0,20.0,0.0,0.0,2
369042,0,0,0.0,0.15378652521093022,35000.0,6,0,51.0,1,2.0,24.0,0.0,0.0,2
369043,0,0,0.0,0.6769426654163139,20000.0,12,0,51.0,1,2.0,16.0,0.0,0.0,2
369044,0,0,0.0,0.3113206042076481,0.0,10,0,51.0,1,2.0,19.0,0.0,0.0,2
369046,0,0,0.0,0.3050014613023401,0.0,6,0,51.0,1,2.0,19.0,0.0,0.0,2
369047,0,0,0.0,0.0776252872135627,13000.0,6,0,51.0,0,2.0,18.0,0.0,0.0,2
369048,1,1,0.5,0.13332229687985847,48000.0,17,0,51.0,0,2.0,44.0,0.0,0.0,2
369049,0,0,0.0,0.5879083030591722,0.0,11,1,51.0,1,2.0,23.0,2000.0,0.0,2
369050,1,0,0.0,0.16100537075636231,100.0,8,1,51.0,1,2.0,20.0,8000.0,0.0,2
379003,1,1,0.5,0.010296025046888719,10000.0,7,1,43.0,0,2.0,14.0,0.0,0.0,0
379007,0,0,0.0,0.3271439414268792,0.0,6,0,43.0,1,0.0,29.0,0.0,0.0,0
379012,0,0,0.0,0.28252590558852186,0.0,2,0,26.0,1,2.0,31.0,0.0,0.0,0
379061,1,1,0.5,0.05133031054837882,8000.0,7,1,26.0,0,2.0,7.0,1000.0,0.0,0
379063,0,0,0.0,0.14904906695284087,100.0,2,0,0.0,0,1.0,6.0,1000.0,0.0,0
379064,1,1,0.5,0.008510353018337557,550.0,13,1,34.0,1,2.0,33.0,5000.0,0.0,0
379065,1,1,0.5,0.040148735623664285,10000.0,6,1,23.0,0,2.0,17.0,4000.0,0.0,0
379066,1,1,0.5,0.11693214077216774,0.0,3,0,26.0,0,2.0,8.0,0.0,0.0,0
379068,1,1,0.5,0.03353658642314226,0.0,6,1,42.0,0,2.0,16.0,10000.0,0.0,0
379069,1,1,0.5,0.12601781455666508,6046.860000000001,7,1,26.0,1,2.0,29.0,5000.0,0.0,0
379070,1,1,0.5,0.04186289900575615,0.0,11,0,26.0,0,0.0,5.0,0.0,0.0,0
379071,2,2,1.0,0.013037522585271513,100.0,4,0,26.0,1,0.0,15.0,0.0,0.0,0
379073,0,0,0.0,0.39704355262354163,10000.0,3,0,26.0,0,0.0,7.0,0.0,0.0,0
379077,1,1,0.5,0.5591798695246971,10000.0,8,0,16.0,1,2.0,5.0,0.0,0.0,0
379078,1,1,0.5,0.02532248934965889,20000.0,6,0,34.0,1,2.0,14.0,0.0,0.0,0
379079,1,0,0.0,0.29461148840616824,10000.0,11,0,26.0,0,2.0,6.0,0.0,0.0,0
379080,0,0,0.0,0.7433286255853713,20000.0,14,0,23.0,1,0.0,30.0,0.0,0.0,0
379082,0,0,0.0,0.06250488319399954,20000.0,3,0,42.0,1,2.0,15.0,0.0,0.0,0
379083,0,0,0.0,0.21260085252941865,20000.0,12,0,23.0,1,0.0,23.0,0.0,0.0,0
379084,0,0,0.0,0.24364676884721082,20000.0,20,0,35.0,1,0.0,43.0,0.0,0.0,0
379085,1,1,0.5,0.07814779310632267,0.0,3,1,26.0,0,1.0,7.0,2500.0,0.0,0
379086,0,0,0.0,0.6008672059400848,10000.0,11,1,26.0,0,2.0,8.0,3000.0,0.0,0
379087,0,0,0.0,0.07731958762886598,10000.0,9,1,24.0,0,2.0,4.0,0.0,0.0,0
379089,2,2,1.0,0.03404144642757968,40000.0,9,1,16.0,1,2.0,8.0,500.0,0.0,0
379090,0,0,0.0,0.08411233950065322,20000.0,8,0,34.0,1,2.0,14.0,3000.0,0.0,0
379091,1,1,0.5,0.020999229263591792,1000.0,2,0,0.0,0,0.0,7.0,0.0,0.0,0
379092,2,1,0.5,0.004708727981976493,10000.0,7,1,0.0,1,2.0,16.0,4000.0,0.0,0
379093,1,1,0.5,0.20515647687673616,20000.0,3,1,15.0,1,2.0,11.0,3000.0,0.0,0
379096,1,1,0.5,0.024128362890577876,10000.0,9,0,41.0,0,0.0,10.0,4000.0,0.0,0
379121,0,0,0.0,0.12469936707098164,0.0,6,0,34.0,0,0.0,4.0,0.0,0.0,0
