hhid,intervention_level,predicted_intervention_level,risk_score,yield_original,land_size_original,household_size,used_fertilizer,household_max_education,has_extension_access,shock_level,asset_score,postharvest_activity_score,crop_loss_risk_score,digital_access_score,market_access_score,transport_cost,received_credit,zone
10005,0,0,0.12099833052006932,0.01895742718107015,100.0,0.03877832716652424,1,42.0,0,2.0,1.6159565886306564,-0.5419327063522275,-0.13107973067417975,0.0,3.0,-0.482803364193296,0.0,3
10009,0,0,0.03306511470079737,0.03153929192670413,200.0,0.03877832716652424,0,43.0,0,0.0,2.5193520688920925,-0.3062660293261461,-0.13107973067417975,0.0,0.0,-0.482803364193296,0.0,3
10055,0,0,0.13928052605194263,0.020462060767261602,450.0,-0.2582201692163416,0,42.0,0,2.0,1.8418054586960155,-1.2489327374304717,-0.13107973067417975,0.0,0.0,-0.482803364193296,0.0,3
10061,0,0,0.09887514998564301,0.6397619086444026,1800.0,0.03877832716652424,1,26.0,0,2.0,0.8254855434019003,0.4007340017520981,-0.13107973067417975,0.0,3.0,0.07070633686027739,0.0,3
10062,0,0,0.07443490560839787,0.24794726204638962,900.0,-1.446214154747805,0,27.0,0,0.0,-0.6425321120229327,-0.07059935230006469,-0.13107973067417975,0.0,0.0,-0.482803364193296,0.0,3
10063,1,1,0.14285053063552247,0.018181559948043564,4500.0,-0.8522171619820733,1,23.0,0,2.0,0.03501449817314403,-0.3062660293261461,-0.13107973067417975,0.0,0.0,1.2469144515991206,0.0,3
10064,0,1,0.09445278070616336,0.0,3600.0,-0.8522171619820733,0,26.0,0,2.0,-0.1908343718922149,-1.2489327374304717,-0.13107973067417975,2.0,0.0,-0.482803364193296,0.0,3
10066,0,0,0.04855127854538855,0.048515508383718396,6750.0,-1.149215658364939,1,21.0,0,0.0,0.2608633682385029,-0.3062660293261461,-0.13107973067417975,0.0,3.0,0.9009708884406373,0.0,3
10067,1,1,0.16380571804597713,0.20348298577605203,2000.0,-0.8522171619820733,1,23.0,0,2.0,0.03501449817314403,-1.2489327374304717,-0.13107973067417975,0.0,3.0,4.014462956866987,0.0,3
10068,1,1,0.11112147844920706,0.05096524386910623,300.0,0.03877832716652424,1,26.0,0,2.0,-0.7554565470556122,-1.2489327374304717,-0.13107973067417975,0.0,3.0,0.34746118738706405,0.0,3
10069,1,1,0.14169165961438684,0.2169586695813303,1300.0,-0.5552186655992074,1,16.0,0,2.0,0.2608633682385029,-1.2489327374304717,-0.13107973067417975,0.0,3.0,2.6306887042330542,0.0,3
10070,0,0,0.06276591860621315,0.12004726015289856,900.0,-0.8522171619820733,1,26.0,0,0.0,-0.1908343718922149,-0.07059935230006469,-0.13107973067417975,0.0,3.0,0.20908376212367072,0.0,3
10072,0,0,0.041216448913795244,0.0,100.0,-0.2582201692163416,0,16.0,0,0.0,-0.7554565470556122,-1.2489327374304717,-0.13107973067417975,0.0,0.0,-0.482803364193296,0.0,3
10073,0,0,0.10351057042600482,0.0,100.0,-1.446214154747805,0,0.0,0,2.0,-0.9813054171209711,-1.2489327374304717,-0.13107973067417975,0.0,0.0,-0.482803364193296,0.0,3
10074,0,1,0.11454372266127665,0.015604664458032453,100.0,-0.5552186655992074,0,26.0,0,2.0,-0.1908343718922149,-0.5419327063522275,-0.13107973067417975,0.0,0.0,-0.482803364193296,0.0,3
10075,1,1,0.07439724777018894,0.0,100.0,-1.149215658364939,0,16.0,0,1.0,-0.5296076769902532,-1.2489327374304717,-0.13107973067417975,0.0,0.0,-0.482803364193296,0.0,3
10076,1,1,0.13715523311004071,0.1264651001982737,300.0,-1.149215658364939,0,16.0,0,2.0,-0.5296076769902532,-1.2489327374304717,-0.13107973067417975,0.0,0.0,-0.482803364193296,0.0,3
10077,1,1,0.1430600664921143,0.07172743574417215,0.0,-1.446214154747805,0,26.0,0,2.0,-0.9813054171209711,-1.2489327374304717,-0.13107973067417975,0.0,0.0,-0.482803364193296,0.0,3
10078,0,0,0.054696330384314595,0.09271730727567457,200.0,-0.2582201692163416,0,25.0,0,0.0,-0.5296076769902532,-0.07059935230006469,-0.13107973067417975,0.0,0.0,-0.482803364193296,0.0,3
10080,1,1,0.07322424053890823,0.17394262465817092,200.0,-0.5552186655992074,0,23.0,0,0.0,-0.6425321120229327,-1.2489327374304717,-0.13107973067417975,0.0,0.0,-0.482803364193296,0.0,3
10091,0,0,0.03544229263219733,0.26005739111748466,12140.58,-1.149215658364939,0,26.0,0,0.0,0.5996366733365414,-0.3062660293261461,-0.13107973067417975,0.0,0.0,-0.482803364193296,0.0,3
10092,0,0,0.1733241260849602,0.1096169073686234,0.0,0.3357768235493901,0,42.0,0,1.0,0.03501449817314403,-0.3062660293261461,-0.13107973067417975,0.0,0.0,-0.482803364193296,0.0,3
10094,1,0,0.17597974181151307,0.18728804088711404,0.0,0.6327753199322559,0,43.0,0,2.0,0.9384099784345797,-0.5419327063522275,-0.13107973067417975,0.0,0.0,-0.482803364193296,0.0,3
10096,1,1,0.1952110811423472,0.032680159696184374,0.0,-0.8522171619820733,0,41.0,0,2.0,-0.3037588069248943,-0.07059935230006469,-0.13107973067417975,0.0,0.0,-0.482803364193296,0.0,3
10097,1,1,0.0978898588657317,0.06248112545550035,4046.86,0.3357768235493901,0,26.0,0,2.0,-0.1908343718922149,-1.2489327374304717,-0.13107973067417975,0.0,0.0,-0.482803364193296,0.0,3
10099,1,1,0.13818439662678772,0.05549324487028331,4346.860000000001,-1.446214154747805,0,16.0,0,2.0,-0.4166832419575738,-1.2489327374304717,-0.13107973067417975,0.0,0.0,-0.482803364193296,0.0,3
10100,1,1,0.15197016964303223,0.05631194037331066,8093.72,-1.149215658364939,0,16.0,0,2.0,-0.7554565470556122,-1.2489327374304717,-0.13107973067417975,0.0,0.0,-0.482803364193296,0.0,3
10102,0,0,0.0671250820710933,0.27534783129829926,100.0,-1.446214154747805,0,0.0,0,0.0,-1.0942298521536507,-0.07059935230006469,-0.13107973067417975,0.0,0.0,-0.482803364193296,0.0,3
10103,0,0,0.06916310979316,0.17633002527182084,0.0,0.3357768235493901,0,42.0,0,0.0,0.7125611083692208,0.1650673247260167,-0.13107973067417975,0.0,0.0,-0.482803364193296,0.0,3
10104,0,0,0.05816353170583282,0.012225113420409404,0.0,-1.446214154747805,0,0.0,0,0.0,-1.0942298521536507,-0.07059935230006469,-0.13107973067417975,0.0,0.0,-0.482803364193296,0.0,3
10105,0,1,0.17168028027694113,0.015567805869773332,0.0,-0.5552186655992074,0,42.0,0,1.0,-0.3037588069248943,0.1650673247260167,-0.13107973067417975,0.0,0.0,-0.482803364193296,0.0,3
10106,1,1,0.14855507325786244,0.017608029674813248,8093.72,0.03877832716652424,0,41.0,0,2.0,-0.4166832419575738,-1.2489327374304717,-0.13107973067417975,0.0,0.0,-0.482803364193296,0.0,3
10107,0,0,0.08015573073793943,0.06788621365445331,6070.29,-0.5552186655992074,0,42.0,0,1.0,-0.1908343718922149,-1.2489327374304717,-0.13107973067417975,0.0,0.0,-0.482803364193296,0.0,3
10108,1,1,0.15991176067223484,0.0,200.0,0.03877832716652424,0,42.0,0,2.0,-0.8683809820882916,-1.2489327374304717,-0.13107973067417975,0.0,0.0,-0.482803364193296,0.0,3
10110,1,1,0.11178214167321192,0.0,100.0,-0.2582201692163416,0,25.0,0,2.0,0.03501449817314403,-1.2489327374304717,-0.13107973067417975,0.0,0.0,-0.482803364193296,0.0,3
19005,0,0,0.1299132504308106,0.3831745660075177,100.0,-0.2582201692163416,1,42.0,0,2.0,0.8254855434019003,-1.2489327374304717,-0.13107973067417975,0.0,3.0,0.001517624228580711,0.0,3
19032,0,0,0.18363082773558484,0.02073111740722825,0.0,0.03877832716652424,0,26.0,0,2.0,0.7125611083692208,-1.2489327374304717,-0.13107973067417975,0.0,0.0,-0.482803364193296,0.0,3
19037,0,0,0.04776871967411245,0.0,100.0,-0.2582201692163416,0,42.0,0,0.0,0.03501449817314403,-1.2489327374304717,-0.13107973067417975,0.0,0.0,-0.482803364193296,0.0,3
19038,0,0,0.0620275316842295,0.002679465703890693,0.0,-1.149215658364939,0,14.0,0,0.0,-0.7554565470556122,-1.2489327374304717,-0.13107973067417975,0.0,0.0,-0.482803364193296,0.0,3
19039,0,0,0.06873926208312323,0.12249564459930314,4046.86,-1.149215658364939,0,26.0,0,1.0,-0.7554565470556122,-1.2489327374304717,-0.13107973067417975,0.0,0.0,-0.482803364193296,0.0,3
19040,0,0,0.06493746095434308,0.0,10100.0,-1.149215658364939,0,26.0,0,1.0,-0.6425321120229327,-1.2489327374304717,-0.13107973067417975,0.0,0.0,-0.482803364193296,0.0,3
19041,0,0,0.10620843681528336,0.0,0.0,-1.149215658364939,0,26.0,0,2.0,-0.3037588069248943,-1.2489327374304717,-0.13107973067417975,0.0,0.0,-0.482803364193296,0.0,3
19043,0,0,0.05681170962677249,0.0,0.0,-1.149215658364939,0,16.0,0,0.0,-1.20715428718633,-1.2489327374304717,-0.13107973067417975,0.0,0.0,-0.482803364193296,0.0,3
19044,1,1,0.09148733929060542,0.2003784927084493,200.0,-1.149215658364939,0,26.0,0,2.0,-0.07790993685953543,-1.2489327374304717,-0.13107973067417975,0.0,0.0,-0.482803364193296,0.0,3
19045,1,1,0.14184556691647227,0.0,0.0,-0.5552186655992074,0,26.0,0,2.0,-0.1908343718922149,-1.2489327374304717,-0.13107973067417975,0.0,0.0,-0.482803364193296,0.0,3
19047,1,0,0.07518311830788506,0.061851783000327176,100.0,-0.8522171619820733,0,16.0,0,2.0,0.8254855434019003,-1.2489327374304717,-0.13107973067417975,0.0,0.0,-0.482803364193296,0.0,3
19048,1,0,0.15385894354075894,0.16184549765241782,0.0,0.03877832716652424,0,34.0,0,2.0,0.1479389332058235,-1.2489327374304717,-0.13107973067417975,0.0,0.0,-0.482803364193296,0.0,3
19049,0,0,0.0663031879649008,0.03491255880852959,0.0,0.03877832716652424,0,26.0,1,0.0,-0.6425321120229327,-1.2489327374304717,-0.13107973067417975,0.0,0.0,-0.482803364193296,0.0,3
19050,1,0,0.059840607384995415,0.08975317875841436,100.0,0.3357768235493901,0,26.0,0,0.0,-0.7554565470556122,-1.2489327374304717,-0.13107973067417975,0.0,0.0,-0.482803364193296,0.0,3
19051,0,0,0.0554866147516786,0.020591298043768358,60000.0,-0.5552186655992074,0,32.0,0,0.0,-0.4166832419575738,-1.2489327374304717,-0.13107973067417975,0.0,0.0,-0.482803364193296,0.0,3
19052,0,0,0.08475749094438799,0.06532982487977498,150.0,-0.2582201692163416,0,42.0,0,1.0,-0.4166832419575738,-1.2489327374304717,-0.13107973067417975,0.0,0.0,-0.482803364193296,0.0,3
19054,0,0,0.07089157512189521,0.06162343516415799,10100.0,-1.446214154747805,1,42.0,0,1.0,1.8418054586960155,-1.2489327374304717,-0.13107973067417975,0.0,3.0,-0.482803364193296,0.0,3
19055,0,0,0.16342773781740905,0.06675116993252883,0.0,0.03877832716652424,1,32.0,0,2.0,0.48671223830386184,-1.2489327374304717,-0.13107973067417975,0.0,0.0,0.4858386126504574,0.0,3
19056,1,1,0.17722585771897892,0.12884769483230607,100.0,-1.149215658364939,0,28.0,1,2.0,-0.4166832419575738,-1.2489327374304717,-0.13107973067417975,0.0,0.0,-0.482803364193296,0.0,3
19058,1,1,0.11768396941171412,0.05375808860129418,100.0,0.03877832716652424,0,26.0,0,2.0,-0.6425321120229327,-1.2489327374304717,-0.13107973067417975,1.0,0.0,-0.482803364193296,0.0,3
19061,1,1,0.11452955104749256,0.02906172248215518,4500.0,-1.149215658364939,1,23.0,0,1.0,-0.1908343718922149,-0.3062660293261461,-0.13107973067417975,1.0,3.0,0.34746118738706405,0.0,3
19062,1,0,0.06187482910996891,0.11440556773762989,1800.0,-0.2582201692163416,1,26.0,0,1.0,0.03501449817314403,-0.3062660293261461,-0.13107973067417975,0.0,3.0,0.20908376212367072,0.0,3
19063,0,0,0.0317610186687095,0.054593430590518945,1800.0,-1.446214154747805,1,14.0,0,0.0,0.1479389332058235,-1.2489327374304717,-0.13107973067417975,0.0,3.0,0.20908376212367072,0.0,3
19064,0,0,0.14755949992255557,0.04660164956579504,450.0,-0.8522171619820733,0,15.0,0,2.0,-0.9813054171209711,-1.2489327374304717,-0.13107973067417975,0.0,0.0,-0.482803364193296,0.0,3
19066,0,0,0.11007568176399679,0.06782357692838935,900.0,-0.2582201692163416,0,26.0,0,2.0,0.03501449817314403,-1.2489327374304717,-0.13107973067417975,0.0,0.0,-0.482803364193296,0.0,3
19068,1,0,0.12356911796899743,0.04123936846099894,900.0,-0.5552186655992074,0,26.0,0,2.0,-0.07790993685953543,-1.2489327374304717,-0.13107973067417975,0.0,0.0,-0.482803364193296,0.0,3
19069,1,1,0.10282688054071563,0.07225387695158057,2050.0,-0.8522171619820733,1,26.0,0,2.0,0.9384099784345797,-1.2489327374304717,-0.13107973067417975,0.0,3.0,3.6685193937085043,0.0,3
19070,1,1,0.06649688237973216,0.11259264497509719,4900.0,-0.2582201692163416,1,26.0,0,2.0,0.9384099784345797,-1.2489327374304717,-0.13107973067417975,0.0,3.0,1.5928580147576041,0.0,3
19071,1,1,0.08863889129988796,0.05389429116481259,1600.0,0.6327753199322559,1,26.0,0,2.0,1.051334413467259,-1.2489327374304717,-0.13107973067417975,0.0,3.0,2.2847451410745707,0.0,3
19072,1,1,0.06773074306568751,0.03562979704566351,1750.0,-0.8522171619820733,1,31.0,0,2.0,2.5193520688920925,-1.2489327374304717,-0.13107973067417975,0.0,3.0,2.2847451410745707,0.0,3
19073,0,0,0.03226363648566141,0.2583374100091243,900.0,-1.149215658364939,1,27.0,0,0.0,2.180578763794054,-0.3062660293261461,-0.13107973067417975,0.0,3.0,0.34746118738706405,0.0,3
19075,0,0,0.07404488254173792,0.038113779985132615,900.0,-1.149215658364939,1,28.0,1,1.0,0.5996366733365414,-0.3062660293261461,-0.13107973067417975,0.0,3.0,0.34746118738706405,0.0,3
19077,1,0,0.051056669285710725,0.11127475045000818,1350.0,-0.2582201692163416,0,26.0,0,0.0,-0.5296076769902532,-0.5419327063522275,-0.13107973067417975,0.0,0.0,-0.482803364193296,0.0,3
19079,0,0,0.10264707119090105,0.0,1800.0,-1.446214154747805,0,0.0,0,2.0,-1.0942298521536507,-1.2489327374304717,-0.13107973067417975,0.0,0.0,-0.482803364193296,0.0,3
19080,1,1,0.13276646243441337,0.09858962393085118,4500.0,-0.5552186655992074,0,26.0,0,2.0,-0.4166832419575738,-1.2489327374304717,-0.13107973067417975,2.0,0.0,-0.482803364193296,0.0,3
19081,0,1,0.13632562661288244,0.0187891009247151,0.0,-0.8522171619820733,0,21.0,0,2.0,0.2608633682385029,-1.2489327374304717,-0.13107973067417975,0.0,0.0,-0.482803364193296,0.0,3
19082,1,1,0.11236148912344847,0.08374565865324468,4046.86,-1.446214154747805,1,16.0,0,2.0,1.1642588484999385,-1.2489327374304717,-0.13107973067417975,0.0,3.0,2.9766322673915373,0.0,3
19084,1,1,0.12610615567061415,0.09857705670932267,0.0,0.03877832716652424,1,26.0,0,2.0,1.1642588484999385,-1.2489327374304717,-0.13107973067417975,0.0,3.0,4.360406520025471,0.0,3
19085,0,0,0.12409155254248723,0.21556326955318675,3150.0,-1.149215658364939,1,28.0,0,2.0,0.2608633682385029,-0.3062660293261461,-0.13107973067417975,0.0,3.0,0.001517624228580711,0.0,3
19087,1,1,0.17904761477327755,0.18362804985585715,0.0,-0.8522171619820733,0,26.0,0,2.0,-0.6425321120229327,-1.2489327374304717,-0.13107973067417975,0.0,0.0,-0.482803364193296,0.0,3
19088,0,0,0.026423425565905184,0.34627371013042973,2250.0,-0.5552186655992074,1,41.0,0,0.0,2.2935031988267336,0.1650673247260167,-0.13107973067417975,0.0,3.0,0.001517624228580711,0.0,3
19089,0,0,0.05058705381891715,0.08078125217439029,1800.0,-0.8522171619820733,1,26.0,0,0.0,0.7125611083692208,-0.07059935230006469,-0.13107973067417975,0.0,3.0,0.001517624228580711,0.0,3
19091,0,0,0.06882144626548041,0.06372358126526712,450.0,-1.446214154747805,1,16.0,0,2.0,0.03501449817314403,-1.2489327374304717,-0.13107973067417975,0.0,3.0,-0.482803364193296,0.0,3
19092,1,1,0.06338201616500526,0.2217768975125815,900.0,-0.2582201692163416,1,26.0,0,2.0,1.1642588484999385,-1.2489327374304717,-0.13107973067417975,0.0,3.0,1.2469144515991206,0.0,3
19093,1,1,0.10784067874661947,0.11890759943513096,900.0,-1.446214154747805,1,16.0,0,2.0,-0.07790993685953543,-1.2489327374304717,-0.13107973067417975,0.0,3.0,2.2847451410745707,0.0,3
19094,1,1,0.07301633456049944,0.045821738052621644,1450.0,-0.2582201692163416,1,26.0,0,2.0,2.0676543287613747,-1.2489327374304717,-0.13107973067417975,0.0,3.0,1.5928580147576041,0.0,3
19095,1,1,0.14112667844475502,0.08243010288945468,1400.0,0.6327753199322559,0,26.0,0,2.0,1.277183283532618,-1.2489327374304717,-0.13107973067417975,0.0,0.0,-0.482803364193296,0.0,3
19096,1,1,0.10916974091052517,0.05020720433535225,1350.0,-1.446214154747805,1,16.0,0,2.0,-0.3037588069248943,-1.2489327374304717,-0.13107973067417975,0.0,3.0,1.7312354400209973,0.0,3
19097,0,0,0.10022117427920567,0.08494864802143103,1350.0,0.03877832716652424,0,16.0,0,2.0,-0.4166832419575738,-1.2489327374304717,-0.13107973067417975,0.0,0.0,-0.482803364193296,0.0,3
19098,0,0,0.11764871371160346,0.07679241555326385,900.0,-1.446214154747805,0,14.0,0,2.0,-0.7554565470556122,-1.2489327374304717,-0.13107973067417975,0.0,0.0,-0.482803364193296,0.0,3
19099,1,1,0.1131007266297752,0.044396234120898145,900.0,-0.5552186655992074,0,42.0,0,2.0,1.051334413467259,-1.2489327374304717,-0.13107973067417975,0.0,0.0,-0.482803364193296,0.0,3
19100,1,0,0.03220223291502799,0.07173851539045259,3600.0,0.03877832716652424,0,26.0,0,0.0,0.8254855434019003,-0.3062660293261461,-0.13107973067417975,0.0,0.0,-0.482803364193296,0.0,3
19101,0,0,0.07126983444732793,0.0633814898729851,3600.0,-1.149215658364939,0,13.0,0,1.0,-0.3037588069248943,-0.07059935230006469,-0.13107973067417975,0.0,0.0,-0.482803364193296,0.0,3
19103,1,1,0.12177085241722375,0.1812283253160309,1800.0,-1.446214154747805,0,26.0,0,2.0,-0.6425321120229327,-1.2489327374304717,-0.13107973067417975,0.0,0.0,-0.482803364193296,0.0,3
19104,0,0,0.08208791014642469,0.14917163977207343,4500.0,-0.2582201692163416,0,15.0,0,2.0,0.3737878032711824,-1.2489327374304717,-0.13107973067417975,0.0,0.0,-0.482803364193296,0.0,3
19105,0,0,0.03573129047995621,0.03144924586065429,2100.0,0.03877832716652424,0,25.0,0,0.0,0.8254855434019003,-0.3062660293261461,-0.13107973067417975,0.0,0.0,-0.482803364193296,0.0,3
19106,1,1,0.07593489685355485,0.030558822136394256,1450.0,-0.5552186655992074,0,26.0,0,2.0,0.48671223830386184,-1.2489327374304717,-0.13107973067417975,0.0,0.0,-0.482803364193296,0.0,3
19107,0,0,0.11255143083144532,0.05448106782892945,950.0,-1.149215658364939,0,1.0,0,2.0,-0.7554565470556122,-1.2489327374304717,-0.13107973067417975,0.0,0.0,-0.482803364193296,0.0,3
19110,1,0,0.06882025121685147,0.11811355825195854,450.0,-1.446214154747805,0,13.0,0,0.0,-0.6425321120229327,-0.3062660293261461,-0.13107973067417975,0.0,0.0,-0.482803364193296,0.0,3
19111,0,0,0.04067123122309783,0.0,1350.0,-1.446214154747805,0,16.0,0,0.0,-1.0942298521536507,-1.2489327374304717,-0.13107973067417975,0.0,0.0,-0.482803364193296,0.0,3
19112,0,0,0.10232459577652513,0.14869706156126977,3150.0,-1.149215658364939,0,27.0,0,1.0,0.1479389332058235,0.1650673247260167,-0.13107973067417975,0.0,0.0,-0.482803364193296,0.0,3
19113,0,0,0.091692654364025,0.0,2250.0,-1.149215658364939,0,1.0,0,2.0,-0.5296076769902532,-1.2489327374304717,-0.13107973067417975,0.0,0.0,-0.482803364193296,0.0,3
19115,0,0,0.06736425172881116,0.0,2550.0,0.03877832716652424,0,26.0,0,2.0,2.0676543287613747,-1.2489327374304717,-0.13107973067417975,1.0,0.0,-0.482803364193296,0.0,3
19116,0,0,0.05920349127795286,0.010315187973079893,900.0,-1.446214154747805,0,0.0,0,1.0,-0.07790993685953543,-1.2489327374304717,-0.13107973067417975,0.0,0.0,-0.482803364193296,0.0,3
19117,1,1,0.10812538502568152,0.04780045046608944,1800.0,-0.8522171619820733,1,26.0,0,2.0,0.7125611083692208,-1.2489327374304717,-0.13107973067417975,0.0,3.0,2.2847451410745707,0.0,3
19119,1,1,0.07692318937813057,0.056621471841038606,1550.0,0.3357768235493901,0,26.0,0,2.0,0.8254855434019003,-1.2489327374304717,-0.13107973067417975,0.0,0.0,-0.482803364193296,0.0,3
19120,1,1,0.09531820447189689,0.09276918904712046,1400.0,-1.446214154747805,0,13.0,0,2.0,-0.1908343718922149,-1.2489327374304717,-0.13107973067417975,0.0,0.0,-0.482803364193296,0.0,3
19121,0,0,0.04205897901742528,0.0,100.0,-0.2582201692163416,0,26.0,0,0.0,-0.1908343718922149,-1.2489327374304717,-0.13107973067417975,0.0,0.0,-0.482803364193296,0.0,3
19122,0,0,0.06947037899765934,0.12091167402212684,150.0,-0.2582201692163416,0,26.0,0,1.0,-0.4166832419575738,-1.2489327374304717,-0.13107973067417975,0.0,0.0,-0.482803364193296,0.0,3
19123,0,0,0.0765612884507438,0.15298317185109636,50.0,-1.149215658364939,0,43.0,0,0.0,-0.9813054171209711,-1.2489327374304717,-0.13107973067417975,0.0,0.0,-0.48141958994066203,0.0,3
19124,1,0,0.05595584893790049,0.24218824199829042,100.0,-0.8522171619820733,0,16.0,0,0.0,-0.9813054171209711,-0.07059935230006469,-0.13107973067417975,0.0,0.0,-0.482803364193296,0.0,3
19125,0,0,0.11640552396181042,0.657708096534506,0.0,-1.446214154747805,0,0.0,0,2.0,-0.9813054171209711,-1.2489327374304717,-0.13107973067417975,0.0,0.0,-0.482803364193296,0.0,3
19126,0,0,0.11523904358198926,0.0,100.0,-1.446214154747805,0,0.0,0,2.0,-1.0942298521536507,-1.2489327374304717,-0.13107973067417975,0.0,0.0,-0.482803364193296,0.0,3
19127,0,0,0.1339843196539268,0.0,0.0,-1.149215658364939,0,16.0,0,2.0,-1.0942298521536507,-1.2489327374304717,-0.13107973067417975,0.0,0.0,-0.482803364193296,0.0,3
19129,1,1,0.12009629077123819,0.25781392182116736,350.0,-1.149215658364939,0,16.0,0,2.0,-0.7554565470556122,-1.2489327374304717,-0.13107973067417975,0.0,0.0,-0.482803364193296,0.0,3
19130,1,1,0.16059446217416806,0.38032068976170225,100.0,-1.446214154747805,0,0.0,0,2.0,-1.20715428718633,-1.2489327374304717,-0.13107973067417975,0.0,0.0,-0.482803364193296,0.0,3
19131,1,1,0.14463339634539515,0.0,200.0,-0.2582201692163416,0,26.0,0,2.0,-0.1908343718922149,-1.2489327374304717,-0.13107973067417975,0.0,0.0,-0.482803364193296,0.0,3
19133,0,0,0.039777690984602786,0.21355796467395335,100.0,0.03877832716652424,1,25.0,0,0.0,0.7125611083692208,-0.07059935230006469,-0.13107973067417975,0.0,0.0,-0.482803364193296,0.0,3
19135,0,0,0.04146179575581579,0.0,100.0,-0.5552186655992074,1,42.0,0,0.0,1.7288810236633358,-1.2489327374304717,-0.13107973067417975,0.0,0.0,-0.482803364193296,0.0,3
19136,1,1,0.048405913404736274,0.24597724710464283,100.0,-0.8522171619820733,0,16.0,0,0.0,-0.5296076769902532,-1.2489327374304717,-0.13107973067417975,0.0,0.0,-0.482803364193296,0.0,3
19137,1,1,0.09403748224018742,0.0,100.0,-0.5552186655992074,1,26.0,0,1.0,0.3737878032711824,-1.2489327374304717,-0.13107973067417975,0.0,0.0,0.34746118738706405,0.0,3
19138,0,0,0.06956420075287403,0.12375456650407589,100.0,-0.8522171619820733,1,16.0,0,1.0,0.1479389332058235,-1.2489327374304717,-0.13107973067417975,0.0,3.0,0.555027325282154,0.0,3
19139,0,1,0.07853817222009131,0.06388075592227842,100.0,-0.5552186655992074,1,26.0,0,1.0,-0.3037588069248943,-1.2489327374304717,-0.13107973067417975,0.0,3.0,0.41664990001876073,0.0,3
19140,1,1,0.14371378242858648,0.034295295193577886,100.0,-0.5552186655992074,1,26.0,0,2.0,-0.6425321120229327,-1.2489327374304717,-0.13107973067417975,0.0,0.0,0.20908376212367072,0.0,3
19141,0,0,0.16198179293066597,0.7845452562936486,100.0,-0.8522171619820733,1,34.0,0,2.0,0.1479389332058235,-0.3062660293261461,-0.13107973067417975,0.0,0.0,1.4544805894942108,0.0,3
19143,1,1,0.14627507325378494,0.10643456048439551,150.0,-0.5552186655992074,1,26.0,0,2.0,-0.7554565470556122,-1.2489327374304717,-0.13107973067417975,0.0,0.0,0.555027325282154,0.0,3
19144,1,1,0.1771064295227628,0.061928545201759055,100.0,-1.446214154747805,1,0.0,0,2.0,-0.8683809820882916,-1.2489327374304717,-0.13107973067417975,0.0,0.0,-0.06767108840311596,0.0,3
19158,0,0,0.08933548519222555,0.13378046027545376,900.0,0.3357768235493901,0,26.0,0,2.0,0.8254855434019003,-1.2489327374304717,-0.13107973067417975,0.0,0.0,-0.482803364193296,0.0,3
19159,0,1,0.12274023356297796,0.044393930545426896,900.0,-0.8522171619820733,1,41.0,0,2.0,-0.1908343718922149,-1.2489327374304717,-0.13107973067417975,0.0,3.0,0.20908376212367072,0.0,3
19160,0,0,0.038558451345788086,0.10439499376011044,3600.0,-0.2582201692163416,1,26.0,0,0.0,-0.07790993685953543,-0.3062660293261461,-0.13107973067417975,0.0,3.0,0.07070633686027739,0.0,3
19161,0,0,0.037732735622841414,0.09472993775584122,3150.0,-1.446214154747805,1,16.0,0,0.0,-0.5296076769902532,-1.2489327374304717,-0.13107973067417975,0.0,3.0,0.07070633686027739,0.0,3
19163,0,0,0.03924416932899288,0.08896276621080501,2700.0,-0.5552186655992074,1,16.0,0,0.0,0.03501449817314403,-0.07059935230006469,-0.13107973067417975,0.0,3.0,0.07070633686027739,0.0,3
19164,1,1,0.1074364724287299,0.06420241254510803,900.0,-0.8522171619820733,1,26.0,0,2.0,0.03501449817314403,-1.2489327374304717,-0.13107973067417975,0.0,3.0,1.5928580147576041,0.0,3
19166,0,0,0.032823323130822896,0.1083978881746704,2150.0,0.03877832716652424,1,41.0,0,0.0,2.406427633859413,-0.07059935230006469,-0.13107973067417975,2.0,3.0,0.20908376212367072,0.0,3
19167,1,1,0.10984412995062005,0.0,1050.0,-0.8522171619820733,1,24.0,0,2.0,-0.1908343718922149,-1.2489327374304717,-0.13107973067417975,2.0,3.0,0.555027325282154,0.0,3
19168,1,1,0.1174674337669764,0.008626473689255247,1050.0,-0.8522171619820733,0,22.0,0,2.0,0.1479389332058235,-1.2489327374304717,-0.13107973067417975,0.0,0.0,-0.482803364193296,0.0,3
19169,0,0,0.037755301444455776,0.04233147503520319,900.0,0.03877832716652424,0,26.0,0,0.0,0.3737878032711824,-0.3062660293261461,-0.13107973067417975,0.0,0.0,-0.482803364193296,0.0,3
19170,0,0,0.037586080474042355,0.03378477500987891,3600.0,-0.8522171619820733,0,26.0,0,0.0,0.9384099784345797,-0.3062660293261461,-0.13107973067417975,0.0,0.0,-0.482803364193296,0.0,3
19173,0,1,0.07668433001057721,0.02241473172268809,1450.0,-0.2582201692163416,0,16.0,0,2.0,0.3737878032711824,-1.2489327374304717,-0.13107973067417975,0.0,0.0,-0.482803364193296,0.0,3
19174,1,1,0.09038727291207371,0.0,300.0,0.03877832716652424,0,26.0,0,2.0,0.2608633682385029,-1.2489327374304717,-0.13107973067417975,0.0,0.0,-0.482803364193296,0.0,3
19175,0,0,0.02411124633168837,0.021224913331603895,1550.0,-1.149215658364939,0,43.0,0,0.0,3.3098231141208485,-1.2489327374304717,-0.13107973067417975,0.0,0.0,-0.482803364193296,0.0,3
19177,1,1,0.0850933636984199,0.008955402097554181,100.0,-0.2582201692163416,0,26.0,0,2.0,0.3737878032711824,-1.2489327374304717,-0.13107973067417975,0.0,0.0,-0.482803364193296,0.0,3
19178,0,0,0.07291622872131566,0.0020958977242619844,100.0,-0.8522171619820733,0,26.0,0,1.0,-0.4166832419575738,-1.2489327374304717,-0.13107973067417975,0.0,0.0,-0.482803364193296,0.0,3
19179,0,0,0.07402959372347846,0.12685123521390287,4050.0,0.3357768235493901,0,26.0,0,2.0,1.3901077185652975,0.1650673247260167,-0.13107973067417975,0.0,0.0,-0.482803364193296,0.0,3
19181,0,0,0.054020168933844516,0.05629272215520708,900.0,0.03877832716652424,0,26.0,0,0.0,-0.4166832419575738,-0.3062660293261461,-0.13107973067417975,0.0,0.0,-0.482803364193296,0.0,3
19182,1,1,0.048973662624933495,0.07129108148570613,450.0,0.3357768235493901,0,26.0,0,0.0,-0.3037588069248943,-0.07059935230006469,-0.13107973067417975,0.0,0.0,-0.482803364193296,0.0,3
19183,0,0,0.07160077822914906,0.016742005692281934,450.0,-1.446214154747805,0,27.0,0,0.0,-0.9813054171209711,-1.2489327374304717,-0.13107973067417975,0.0,0.0,-0.482803364193296,0.0,3
19184,0,0,0.07447355755987536,0.2766955905790685,5400.0,-1.149215658364939,0,16.0,1,2.0,0.1479389332058235,-1.2489327374304717,-0.13107973067417975,0.0,0.0,-0.482803364193296,0.0,3
19185,0,0,0.08759901662003054,0.12823143208863358,5400.0,-1.149215658364939,0,26.0,1,2.0,0.2608633682385029,-1.2489327374304717,-0.13107973067417975,1.0,0.0,-0.482803364193296,0.0,3
19186,0,0,0.04282154439368405,0.1026314339039627,6750.0,-0.8522171619820733,0,16.0,1,0.0,-0.1908343718922149,-1.2489327374304717,-0.13107973067417975,1.0,0.0,-0.482803364193296,0.0,3
19187,1,1,0.07226856803881539,0.0,5400.0,-0.8522171619820733,0,16.0,0,2.0,-0.1908343718922149,-1.2489327374304717,-0.13107973067417975,0.0,0.0,-0.482803364193296,0.0,3
19188,1,1,0.0775962183464678,0.0,1550.0,0.3357768235493901,0,26.0,0,2.0,0.7125611083692208,-1.2489327374304717,-0.13107973067417975,2.0,0.0,-0.482803364193296,0.0,3
19191,1,1,0.09493441871180645,0.0,1600.0,-1.149215658364939,0,16.0,0,2.0,-0.07790993685953543,-1.2489327374304717,-0.13107973067417975,0.0,0.0,-0.482803364193296,0.0,3
19192,1,1,0.05882060796679945,0.0,2150.0,-0.5552186655992074,0,26.0,0,2.0,2.406427633859413,-1.2489327374304717,-0.13107973067417975,2.0,0.0,-0.482803364193296,0.0,3
19193,0,0,0.04946750476542073,0.058649705916821546,4500.0,-0.2582201692163416,1,26.0,0,1.0,1.051334413467259,-0.3062660293261461,-0.13107973067417975,0.0,3.0,-0.27523722629820596,0.0,3
19194,0,0,0.034055163140931946,0.07656115258819599,5400.0,-0.8522171619820733,0,28.0,0,0.0,0.9384099784345797,-0.3062660293261461,-0.13107973067417975,0.0,0.0,-0.482803364193296,0.0,3
19196,0,0,0.06778543333436225,0.32052402764665433,450.0,-0.5552186655992074,0,26.0,0,2.0,1.6159565886306564,2.5217340949868303,-0.13107973067417975,0.0,0.0,-0.482803364193296,0.0,1
19202,1,1,0.0931957331782542,0.007250866541164596,1650.0,-0.5552186655992074,1,26.0,0,2.0,1.3901077185652975,-1.2489327374304717,-0.13107973067417975,2.0,3.0,1.5928580147576041,0.0,3
19204,1,1,0.10464417919036716,0.0,1450.0,0.03877832716652424,1,26.0,0,2.0,-0.1908343718922149,-1.2489327374304717,-0.13107973067417975,2.0,3.0,0.555027325282154,0.0,3
19205,1,1,0.05889659376530034,0.15322994516267946,100.0,0.9297738163151218,0,26.0,0,0.0,0.03501449817314403,-0.3062660293261461,-0.13107973067417975,0.0,0.0,-0.482803364193296,0.0,3
19206,0,0,0.06879858989356709,0.10124647126964065,100.0,0.03877832716652424,0,41.0,0,0.0,0.1479389332058235,-0.5419327063522275,-0.13107973067417975,0.0,0.0,-0.482803364193296,0.0,3
19208,0,0,0.08333091844089172,0.03949817935569226,100.0,-0.5552186655992074,0,26.0,0,0.0,-0.7554565470556122,-0.3062660293261461,-0.13107973067417975,0.0,0.0,-0.482803364193296,0.0,3
19209,0,0,0.13111511615073132,0.1867528593422719,0.0,0.6327753199322559,0,34.0,0,1.0,0.03501449817314403,-1.2489327374304717,-0.13107973067417975,0.0,0.0,-0.482803364193296,0.0,3
19211,0,0,0.1500910040227761,0.053331240639059335,100.0,0.3357768235493901,0,26.0,0,2.0,0.48671223830386184,-0.07059935230006469,-0.13107973067417975,0.0,0.0,-0.482803364193296,0.0,3
19214,1,1,0.15451804247815623,0.3369056890462398,0.0,-0.2582201692163416,0,26.0,0,2.0,-0.5296076769902532,-1.2489327374304717,-0.13107973067417975,0.0,0.0,-0.482803364193296,0.0,3
19215,1,1,0.21845428356811594,0.13053984343408456,0.0,-0.5552186655992074,0,42.0,0,2.0,0.3737878032711824,-1.2489327374304717,-0.13107973067417975,0.0,0.0,-0.482803364193296,0.0,3
19218,0,0,0.0694229568949891,0.09967877222501446,100.0,-0.2582201692163416,0,41.0,0,0.0,1.051334413467259,0.1650673247260167,-0.13107973067417975,0.0,0.0,-0.482803364193296,0.0,3
19225,0,0,0.1910920883879629,0.10178735418367951,0.0,-0.2582201692163416,0,26.0,0,2.0,0.1479389332058235,-0.07059935230006469,-0.13107973067417975,0.0,0.0,-0.482803364193296,0.0,3
19227,0,0,0.08308757285830796,0.377235118074592,100.0,-0.2582201692163416,0,41.0,0,1.0,0.8254855434019003,-0.07059935230006469,-0.13107973067417975,0.0,0.0,-0.482803364193296,0.0,3
19230,0,0,0.0881054920013951,0.0391840999629928,200.0,-0.8522171619820733,0,64.0,0,1.0,1.7288810236633358,-0.3062660293261461,-0.13107973067417975,0.0,0.0,-0.482803364193296,0.0,3
19231,0,0,0.052388550575385724,0.0712235176729097,100.0,-0.2582201692163416,0,41.0,0,0.0,0.1479389332058235,-0.07059935230006469,-0.13107973067417975,0.0,0.0,-0.482803364193296,0.0,3
19235,1,1,0.08426142157474871,0.0,4246.860000000001,-0.5552186655992074,0,34.0,0,2.0,0.8254855434019003,-1.2489327374304717,-0.13107973067417975,0.0,0.0,-0.482803364193296,0.0,3
19236,1,1,0.1126351038190651,0.0,100.0,0.9297738163151218,0,26.0,0,2.0,-0.3037588069248943,-1.2489327374304717,-0.13107973067417975,0.0,0.0,-0.482803364193296,0.0,3
19239,1,1,0.17909958689781888,0.13665594540795015,100.0,-1.446214154747805,0,42.0,0,2.0,-0.8683809820882916,-1.2489327374304717,-0.13107973067417975,0.0,0.0,-0.482803364193296,0.0,3
19250,1,1,0.10040660042075582,0.046407700240632524,8093.72,0.03877832716652424,0,41.0,0,2.0,0.1479389332058235,-1.2489327374304717,-0.13107973067417975,0.0,0.0,-0.482803364193296,0.0,3
19254,1,1,0.11278585721601392,0.04899295064368159,0.0,-0.2582201692163416,1,26.0,0,2.0,0.2608633682385029,-1.2489327374304717,-0.13107973067417975,0.0,3.0,1.9388015779160874,0.0,3
19266,1,1,0.06359247572080005,0.014798737174427782,600.0,-0.2582201692163416,1,26.0,0,2.0,0.9384099784345797,-1.2489327374304717,-0.13107973067417975,2.0,3.0,-0.06767108840311596,0.0,3
19269,1,1,0.08092034625372045,0.13424821002386633,150.0,-0.5552186655992074,0,25.0,0,2.0,0.1479389332058235,-1.2489327374304717,-0.13107973067417975,0.0,0.0,-0.482803364193296,0.0,3
19277,1,1,0.1368787036605408,0.039143198869196476,200.0,-0.8522171619820733,0,41.0,0,2.0,0.3737878032711824,-1.2489327374304717,-0.13107973067417975,0.0,0.0,-0.482803364193296,0.0,3
19278,1,0,0.05594841200369486,0.0,200.0,-0.8522171619820733,0,41.0,0,0.0,0.48671223830386184,-1.2489327374304717,-0.13107973067417975,0.0,0.0,-0.482803364193296,0.0,3
19280,1,1,0.1162848957015385,0.1349667474461721,350.0,0.3357768235493901,0,42.0,0,2.0,0.7125611083692208,-1.2489327374304717,-0.13107973067417975,0.0,0.0,-0.482803364193296,0.0,3
20001,0,0,0.060100731936973927,0.1617245161072831,19300.0,0.9297738163151218,0,26.0,0,1.0,0.7125611083692208,-1.2489327374304717,8.840198213786854,0.0,0.0,-0.482803364193296,0.0,1
20002,1,1,0.17330407024280245,0.15843153743905994,50.0,0.9297738163151218,1,34.0,0,2.0,-0.6425321120229327,0.6364006787781795,-0.13107973067417975,0.0,3.0,0.20908376212367072,0.0,1
20003,0,2,0.6675276323603753,0.10322236173901951,0.0,-0.2582201692163416,0,0.0,0,2.0,-1.0942298521536507,0.1650673247260167,-0.13107973067417975,0.0,0.0,-0.2060485136665093,0.0,1
20005,0,0,0.07457335478761934,0.01443415457791986,2000.0,0.03877832716652424,0,26.0,0,0.0,-0.9813054171209711,-1.2489327374304717,-0.13107973067417975,0.0,0.0,-0.482803364193296,0.0,1
20006,0,1,0.17910894910414207,0.11270945695043992,4500.0,0.3357768235493901,1,25.0,0,2.0,-1.20715428718633,1.3434007098564238,-0.13107973067417975,0.0,0.0,-0.482803364193296,0.0,1
20007,1,1,0.07543366653619665,0.31840035660839944,3000.0,0.03877832716652424,1,34.0,0,2.0,-0.9813054171209711,0.1650673247260167,-0.13107973067417975,0.0,3.0,-0.482803364193296,0.0,1
20008,0,1,0.06364386907804868,0.02853698653282513,22300.0,-0.2582201692163416,0,26.0,0,2.0,-0.5296076769902532,1.3434007098564238,-0.13107973067417975,0.0,3.0,-0.482803364193296,0.0,1
20009,0,0,0.0760180513186096,0.4172848664688427,20000.0,0.3357768235493901,1,26.0,1,2.0,-0.4166832419575738,-1.2489327374304717,-0.13107973067417975,1.0,3.0,-0.482803364193296,0.0,1
20010,0,0,0.10759110541108896,0.04059594852433727,0.0,-0.2582201692163416,1,26.0,0,1.0,-0.7554565470556122,-1.2489327374304717,-0.13107973067417975,0.0,0.0,-0.482803364193296,0.0,1
20042,0,0,0.09299345624059357,0.17691166450431614,23900.0,0.3357768235493901,0,26.0,0,1.0,-1.0942298521536507,-1.2489327374304717,-0.13107973067417975,0.0,0.0,-0.482803364193296,0.0,1
20043,0,1,0.12244066308962426,0.399706508294456,16725.0,0.3357768235493901,0,0.0,0,2.0,-0.6425321120229327,0.8720673558042609,-0.13107973067417975,0.0,0.3333333333333333,0.20908376212367072,0.0,1
20044,0,0,0.09437363279151269,0.2878250023985417,0.0,0.3357768235493901,0,26.0,1,2.0,-0.4166832419575738,0.1650673247260167,-0.13107973067417975,0.0,0.0,-0.482803364193296,0.0,1
20045,1,1,0.1502484367698793,0.2507899884636605,0.0,-0.5552186655992074,1,0.0,0,2.0,-0.8683809820882916,0.1650673247260167,-0.13107973067417975,0.0,0.0,-0.13685980103481263,0.0,1
20046,0,0,0.0831063441697293,0.1594209829897811,0.0,2.1177678018465853,0,0.0,0,2.0,0.3737878032711824,-0.3062660293261461,-0.13107973067417975,1.0,0.0,-0.06767108840311596,0.0,1
20047,0,0,0.03258873554197577,0.3280980057187691,20000.0,1.8207693054637193,0,31.0,1,0.0,0.9384099784345797,-1.2489327374304717,-0.13107973067417975,0.0,0.0,-0.482803364193296,0.0,1
20048,0,0,0.052948512442698714,0.24374949476841593,6200.0,1.8207693054637193,1,0.0,0,1.0,-0.3037588069248943,-1.2489327374304717,-0.13107973067417975,0.0,1.5,-0.482803364193296,0.0,1
20049,0,0,0.17513876911442383,0.4164566526267506,13000.0,0.3357768235493901,1,26.0,0,2.0,-0.7554565470556122,0.6364006787781795,-0.13107973067417975,0.0,0.16666666666666666,-0.13685980103481263,0.0,1
20050,0,0,0.11270313871519522,0.0801844350588288,4600.0,-1.149215658364939,0,0.0,0,2.0,-1.433003157251689,1.5790673868825051,-0.13107973067417975,0.0,0.0,-0.482803364193296,0.0,1
20061,1,1,0.1082879590604812,0.09911588629425523,10000.0,-0.2582201692163416,0,26.0,0,2.0,-1.0942298521536507,1.3434007098564238,-0.13107973067417975,0.0,0.0,-0.482803364193296,0.0,1
20062,1,1,0.11454216361736236,0.07869351375125128,10000.0,0.3357768235493901,0,26.0,1,2.0,-0.9813054171209711,1.3434007098564238,-0.13107973067417975,0.0,0.0,-0.482803364193296,0.0,1
20063,1,1,0.10337893980977005,0.14311917725145348,10000.0,0.03877832716652424,0,26.0,0,2.0,-0.1908343718922149,1.3434007098564238,-0.13107973067417975,0.0,0.0,-0.482803364193296,0.0,1
20064,1,1,0.07712323276564247,0.552761041401802,10000.0,-1.149215658364939,1,0.0,0,2.0,-0.9813054171209711,1.5790673868825051,-0.13107973067417975,0.0,0.0,-0.13685980103481263,0.0,1
20065,1,1,0.08279231424870674,0.04875076173065204,10000.0,0.6327753199322559,1,16.0,0,0.0,-1.0942298521536507,-0.3062660293261461,-0.13107973067417975,0.0,0.0,-0.482803364193296,0.0,1
20066,0,0,0.16589793124425486,0.4195686833934715,10000.0,-1.149215658364939,1,0.0,0,2.0,-1.0942298521536507,0.1650673247260167,-0.13107973067417975,0.0,0.0,0.555027325282154,0.0,1
20067,1,1,0.12378444730459211,0.16231223374205317,16187.44,0.03877832716652424,0,34.0,0,2.0,0.3737878032711824,1.1077340328303422,-0.13107973067417975,0.0,0.0,-0.482803364193296,0.0,1
20068,1,1,0.13088688549495922,0.09317048932149355,8093.72,-0.5552186655992074,0,25.0,0,2.0,-1.0942298521536507,-0.7775993833783089,-0.13107973067417975,0.0,0.0,0.20908376212367072,0.0,1
20069,0,0,0.0627327272011863,0.08297639157827355,12140.58,0.6327753199322559,0,26.0,0,2.0,-0.07790993685953543,-0.7775993833783089,-0.13107973067417975,0.0,3.0,-0.482803364193296,0.0,1
20070,1,1,0.23662558137798795,0.04962205896644136,24046.86,-0.5552186655992074,0,26.0,0,2.0,-0.5296076769902532,-0.5419327063522275,-0.13107973067417975,0.0,0.75,2.077179003179481,0.0,1
20091,1,1,0.1504131217089219,0.13127051101734646,20000.0,1.2267723126979877,0,51.0,0,2.0,-0.8683809820882916,1.1077340328303422,-0.13107973067417975,0.0,0.0,-0.482803364193296,0.0,1
20092,1,1,0.08770035681758497,0.5040226685263691,60000.0,0.9297738163151218,0,43.0,0,2.0,0.5996366733365414,1.3434007098564238,-0.13107973067417975,0.0,0.0,-0.482803364193296,0.0,1
20093,1,1,0.08888695486108915,1.1136166368273777,10000.0,0.03877832716652424,0,41.0,1,2.0,-0.4166832419575738,1.1077340328303422,-0.13107973067417975,0.0,0.0,-0.482803364193296,0.0,1
20095,1,1,0.10556075865418992,0.24891864655216372,4046.86,0.6327753199322559,0,12.0,0,2.0,-0.3037588069248943,0.8720673558042609,-0.13107973067417975,0.0,0.0,-0.13685980103481263,0.0,1
20096,0,1,0.10146062829890583,0.18106368138426684,18093.72,0.03877832716652424,1,34.0,1,1.0,-0.4166832419575738,0.8720673558042609,-0.13107973067417975,0.0,0.0,-0.482803364193296,0.0,1
20097,0,0,0.23961998839263984,0.34749192876271084,0.0,0.9297738163151218,0,23.0,1,2.0,-0.5296076769902532,-0.3062660293261461,-0.13107973067417975,0.0,0.0,2.9766322673915373,0.0,1
20098,0,0,0.15636134214379754,0.4683828579614664,15000.0,0.3357768235493901,1,34.0,0,2.0,-0.7554565470556122,-0.5419327063522275,-0.13107973067417975,0.0,1.5,1.2469144515991206,0.0,1
20099,0,1,0.1576208478667326,0.09669870617131143,10000.0,-1.446214154747805,1,34.0,0,2.0,-0.9813054171209711,-0.7775993833783089,-0.13107973067417975,0.0,0.75,0.20908376212367072,0.0,1
20100,1,1,0.06916541440364776,0.22506117933922373,8093.72,1.5237708090808535,0,26.0,1,2.0,0.8254855434019003,-0.3062660293261461,-0.13107973067417975,0.0,3.0,-0.482803364193296,0.0,1
20101,0,1,0.09701318915149933,0.7054103506052668,40000.0,-0.5552186655992074,0,26.0,0,2.0,-0.8683809820882916,3.935734157143319,-0.13107973067417975,0.0,0.0,-0.482803364193296,0.0,1
20103,1,1,0.11557578569264186,0.14413909998533295,4000.0,0.03877832716652424,0,26.0,0,2.0,-1.0942298521536507,0.8720673558042609,-0.13107973067417975,0.0,0.0,-0.482803364193296,0.0,1
20104,1,1,0.0855929890665259,0.06988428509927365,7200.0,0.9297738163151218,0,26.0,1,2.0,0.9384099784345797,1.1077340328303422,-0.13107973067417975,0.0,0.0,-0.482803364193296,0.0,1
20106,1,1,0.14761432092796434,0.3346881614735122,0.0,-0.2582201692163416,0,41.0,0,2.0,-0.6425321120229327,1.3434007098564238,-0.13107973067417975,0.0,0.0,-0.482803364193296,0.0,1
20107,1,1,0.09533338903126226,0.032634945499641015,4046.86,0.03877832716652424,0,26.0,0,2.0,-0.4166832419575738,-0.5419327063522275,-0.13107973067417975,0.0,0.0,-0.482803364193296,0.0,1
20108,0,0,0.10964127924333304,0.07984059543851538,20234.300000000003,0.3357768235493901,0,26.0,1,2.0,-0.5296076769902532,-0.3062660293261461,-0.13107973067417975,0.0,0.0,-0.482803364193296,0.0,1
29001,0,0,0.1065727790143118,0.15124779430299976,20000.0,-0.2582201692163416,1,32.0,1,2.0,-1.0942298521536507,-0.07059935230006469,-0.13107973067417975,0.0,3.0,-0.482803364193296,0.0,1
29002,0,0,0.05740748607049131,0.11122095897182402,34000.0,3.3057617873780485,1,42.0,1,2.0,3.561644604243726,-0.3062660293261461,-0.13107973067417975,0.0,3.0,-0.482803364193296,0.0,1
29003,0,0,0.08021236101014727,0.18953034380804368,24281.16,0.03877832716652424,1,34.0,1,2.0,-0.3037588069248943,-0.3062660293261461,-0.13107973067417975,1.0,3.0,-0.482803364193296,0.0,1
29004,0,0,0.11075036729169434,0.024098459419915657,5938.55,-0.8522171619820733,0,32.0,0,2.0,0.5996366733365414,-0.7775993833783089,-0.13107973067417975,0.0,0.0,-0.482803364193296,0.0,1
29006,1,1,0.2317765310772645,0.3283349526292043,5000.0,0.9297738163151218,1,26.0,0,1.0,-0.9813054171209711,0.6364006787781795,-0.13107973067417975,0.0,1.0,0.9009708884406373,0.0,1
29007,1,1,0.13968406292801486,0.11372858182276219,3100.0,0.9297738163151218,1,41.0,0,2.0,-0.8683809820882916,1.3434007098564238,-0.13107973067417975,0.0,2.2857142857142856,0.13989504949197404,0.0,1
29008,0,0,0.1090350065466138,0.16290432226500887,28093.72,0.6327753199322559,0,26.0,1,2.0,-0.6425321120229327,-1.2489327374304717,-0.13107973067417975,1.0,0.0,-0.482803364193296,0.0,1
29009,0,0,0.06038087648935864,0.30072022493872824,2000.0,0.03877832716652424,1,34.0,0,0.0,-0.8683809820882916,0.6364006787781795,-0.13107973067417975,0.0,0.0,-0.482803364193296,0.0,1
29010,0,0,0.06230757941384742,0.0,2120.0,-0.8522171619820733,0,12.0,0,2.0,-0.7554565470556122,-1.2489327374304717,-0.13107973067417975,0.0,0.0,-0.482803364193296,1.0,1
29013,0,0,0.0627651274033443,0.23862931322483655,1000.0,-1.446214154747805,0,16.0,0,1.0,-1.3200787222190096,-1.2489327374304717,-0.13107973067417975,0.0,0.0,-0.482803364193296,0.0,1
29014,0,1,0.10129215042018974,0.0,15400.0,-0.5552186655992074,0,26.0,0,2.0,-0.9813054171209711,-1.2489327374304717,-0.13107973067417975,0.0,0.0,-0.482803364193296,0.0,1
29017,0,1,0.0930247387472163,0.0,15300.0,-1.446214154747805,0,16.0,0,2.0,-1.20715428718633,-1.2489327374304717,-0.13107973067417975,0.0,0.0,-0.482803364193296,0.0,1
29018,1,1,0.09382928416104963,0.25363516546499376,4046.86,-1.149215658364939,0,16.0,0,2.0,-1.3200787222190096,0.8720673558042609,-0.13107973067417975,0.0,0.0,-0.482803364193296,0.0,1
29019,1,1,0.10567053257359843,0.1280164568346228,18093.72,-0.5552186655992074,0,26.0,1,2.0,-0.9813054171209711,0.6364006787781795,-0.13107973067417975,0.0,0.0,-0.482803364193296,0.0,1
29020,1,1,0.07011506005089582,0.09304048485005124,12140.58,-0.2582201692163416,0,34.0,0,2.0,1.7288810236633358,1.1077340328303422,-0.13107973067417975,0.0,0.0,-0.482803364193296,0.0,1
29021,1,1,0.2268593035910088,0.10412315684854181,7500.0,-0.5552186655992074,1,41.0,1,2.0,-1.3200787222190096,0.8720673558042609,-0.13107973067417975,0.0,0.0,-0.482803364193296,0.0,1
29022,0,1,0.12030674612736518,0.05477384453776346,5500.0,-0.2582201692163416,0,32.0,0,2.0,-0.7554565470556122,-0.3062660293261461,-0.13107973067417975,0.0,0.0,-0.482803364193296,0.0,1
29023,0,0,0.09434237612492824,0.15305110952891143,6500.0,0.03877832716652424,0,34.0,0,2.0,-0.1908343718922149,-0.7775993833783089,-0.13107973067417975,0.0,0.0,-0.482803364193296,0.0,1
29024,0,0,0.043981676930722614,0.07847053903534629,5500.0,-1.446214154747805,0,0.0,0,0.0,-1.20715428718633,-0.7775993833783089,-0.13107973067417975,0.0,3.0,-0.482803364193296,0.0,1
29025,1,1,0.08718193670157141,0.32097245901326876,30234.300000000003,0.3357768235493901,0,34.0,0,2.0,1.051334413467259,1.3434007098564238,-0.13107973067417975,0.0,0.0,-0.482803364193296,0.0,1
29026,0,0,0.0659526481813381,1.6771019677996422,4046.86,0.3357768235493901,1,43.0,1,1.0,0.3737878032711824,2.5217340949868303,-0.13107973067417975,0.0,0.0,-0.482803364193296,0.0,1
29028,1,1,0.13188763287136962,0.12011768619014515,8093.72,-0.5552186655992074,0,41.0,0,2.0,-1.0942298521536507,1.1077340328303422,-0.13107973067417975,0.0,0.0,-0.482803364193296,0.0,1
29029,1,1,0.23838011481317514,0.10885730527244993,24046.86,-1.149215658364939,1,43.0,0,2.0,-0.7554565470556122,1.3434007098564238,-0.13107973067417975,0.0,0.0,1.5928580147576041,0.0,1
29031,0,0,0.05499559562559805,0.14468124196215323,4046.86,-1.446214154747805,0,16.0,0,0.0,-1.3200787222190096,0.8720673558042609,-0.13107973067417975,0.0,0.0,-0.482803364193296,0.0,1
29032,0,0,0.1277143072281018,0.31485282286280586,60000.0,-0.5552186655992074,1,41.0,1,1.0,0.8254855434019003,3.935734157143319,-0.13107973067417975,0.0,0.0,0.20908376212367072,0.0,1
29033,0,1,0.08621947789703865,0.22444118724807624,10000.0,-1.149215658364939,0,23.0,0,2.0,-0.9813054171209711,0.6364006787781795,-0.13107973067417975,0.0,0.0,-0.482803364193296,0.0,1
29034,0,0,0.2546744603690642,0.553740517193643,20000.0,1.5237708090808535,1,41.0,0,2.0,-0.5296076769902532,-0.3062660293261461,-0.13107973067417975,0.0,0.75,4.360406520025471,0.0,1
29035,0,2,0.41069894498405285,0.4201168643371124,40000.0,0.6327753199322559,1,51.0,1,2.0,0.7125611083692208,-0.07059935230006469,-0.13107973067417975,0.0,0.8,2.9766322673915373,0.0,1
29036,0,1,0.05998850464741166,0.15802067813445303,20000.0,-0.5552186655992074,0,26.0,0,2.0,-0.5296076769902532,0.1650673247260167,-0.13107973067417975,0.0,3.0,-0.482803364193296,0.0,1
29037,0,1,0.07041555897621764,0.06251373150748622,23126.0,1.5237708090808535,0,0.0,0,2.0,0.7125611083692208,1.3434007098564238,-0.13107973067417975,0.0,0.0,-0.482803364193296,0.0,1
29038,1,1,0.11627295005074222,0.034513756540231776,4400.0,-0.5552186655992074,0,26.0,0,2.0,0.03501449817314403,0.1650673247260167,-0.13107973067417975,0.0,0.25,0.555027325282154,0.0,1
29039,0,0,0.05335531281372604,0.5541598936013004,20000.0,1.8207693054637193,0,0.0,0,2.0,0.9384099784345797,-1.2489327374304717,-0.13107973067417975,1.0,0.0,-0.482803364193296,0.0,1
29041,0,0,0.06931200252838378,0.4981568197668626,20000.0,-0.2582201692163416,0,23.0,0,1.0,-0.6425321120229327,-1.2489327374304717,-0.13107973067417975,0.0,0.0,-0.482803364193296,0.0,1
29042,1,1,0.13038945934298768,0.21829713859091981,7000.0,0.03877832716652424,0,34.0,0,2.0,-0.4166832419575738,0.8720673558042609,-0.13107973067417975,0.0,0.0,-0.482803364193296,0.0,1
29044,1,1,0.1320280281836643,0.05026757507232878,8500.0,-0.2582201692163416,0,13.0,0,2.0,-0.9813054171209711,-0.07059935230006469,-0.13107973067417975,0.0,0.0,-0.482803364193296,0.0,1
29045,0,0,0.15083550851255653,0.2097344110419312,8500.0,0.9297738163151218,0,0.0,0,1.0,-0.7554565470556122,-1.2489327374304717,-0.13107973067417975,0.0,0.0,0.9009708884406373,0.0,1
29046,1,1,0.08273986999081963,0.4039587962027873,20000.0,0.3357768235493901,0,16.0,0,2.0,-0.3037588069248943,0.6364006787781795,-0.13107973067417975,0.0,0.0,-0.482803364193296,0.0,1
29047,0,1,0.07537363438340965,0.091922251069434,25600.0,1.8207693054637193,0,26.0,0,2.0,2.5193520688920925,1.3434007098564238,-0.13107973067417975,0.0,0.0,-0.06767108840311596,0.0,1
29048,0,0,0.08756165800457101,0.04001862516834448,5000.0,2.711764794612317,0,0.0,0,2.0,-0.1908343718922149,-1.2489327374304717,-0.13107973067417975,0.0,0.0,-0.482803364193296,0.0,1
29050,0,0,0.11211900981308474,0.5172275662232327,12200.0,0.3357768235493901,1,25.0,0,1.0,0.2608633682385029,-0.07059935230006469,-0.13107973067417975,0.0,1.4,0.9009708884406373,0.0,1
29051,0,1,0.13942011873788285,0.09467148254341162,4000.0,-0.8522171619820733,1,23.0,0,2.0,-1.0942298521536507,1.3434007098564238,-0.13107973067417975,0.0,1.5,-0.482803364193296,0.0,1
29052,0,0,0.026992908856810185,0.07503517273722057,3100.0,0.6327753199322559,1,26.0,0,0.0,1.277183283532618,-1.2489327374304717,-0.13107973067417975,0.0,2.25,-0.482803364193296,1.0,1
29053,0,0,0.08880942542040338,0.002306229688878999,30000.0,0.3357768235493901,0,26.0,0,1.0,-0.9813054171209711,-0.07059935230006469,-0.13107973067417975,0.0,0.0,-0.482803364193296,0.0,1
29054,0,0,0.08074731235558728,0.05336396616070257,50000.0,-0.2582201692163416,0,26.0,1,2.0,-1.20715428718633,-1.2489327374304717,-0.13107973067417975,0.0,3.0,-0.482803364193296,0.0,1
29055,0,1,0.1400365031640607,0.1316498253416737,50000.0,0.3357768235493901,0,26.0,0,2.0,-0.9813054171209711,0.4007340017520981,-0.13107973067417975,1.0,3.0,-0.482803364193296,0.0,1
29056,0,0,0.08563119479684332,0.3234784551947234,2700.0,0.9297738163151218,1,26.0,1,2.0,-1.0942298521536507,-1.2489327374304717,-0.13107973067417975,0.0,3.0,-0.482803364193296,0.0,1
29057,1,1,0.0839512957178743,0.301929840262958,3000.0,0.9297738163151218,0,26.0,0,2.0,-1.0942298521536507,0.1650673247260167,-0.13107973067417975,0.0,3.0,-0.482803364193296,0.0,1
29058,0,0,0.13276294187980855,0.2921611394502007,11000.0,0.6327753199322559,1,26.0,0,2.0,-0.07790993685953543,2.5217340949868303,-0.13107973067417975,0.0,0.25,-0.482803364193296,0.0,1
29060,1,1,0.07188982739143829,0.1858006806085325,11400.0,-0.8522171619820733,1,26.0,0,2.0,-0.9813054171209711,-0.07059935230006469,-0.13107973067417975,0.0,3.0,-0.482803364193296,0.0,1
29061,1,1,0.1404708660537448,0.08200754469411187,4046.86,-0.8522171619820733,0,26.0,1,2.0,-1.20715428718633,-0.3062660293261461,-0.13107973067417975,0.0,0.0,-0.482803364193296,0.0,1
29062,1,1,0.06316852908531213,0.08258661271007971,10000.0,-0.5552186655992074,0,22.0,1,0.0,-1.0942298521536507,-0.5419327063522275,-0.13107973067417975,0.0,0.0,-0.482803364193296,0.0,1
29063,0,1,0.10292382770015036,0.06059137178865729,11547.3,-0.5552186655992074,0,25.0,1,2.0,-0.8683809820882916,1.3434007098564238,-0.13107973067417975,0.0,0.0,-0.482803364193296,0.0,1
29064,1,1,0.12417262819960949,0.22722266045327452,20000.0,-0.2582201692163416,0,26.0,1,2.0,-0.07790993685953543,3.935734157143319,-0.13107973067417975,0.0,0.0,-0.482803364193296,0.0,1
29065,1,1,0.1295120881747404,0.08486470386598194,20000.0,-0.8522171619820733,0,34.0,0,2.0,-0.7554565470556122,1.1077340328303422,-0.13107973067417975,0.0,0.0,-0.482803364193296,0.0,1
29066,1,1,0.08938538163272779,0.13426423200859292,10000.0,-0.8522171619820733,0,34.0,0,2.0,-0.5296076769902532,1.1077340328303422,-0.13107973067417975,0.0,0.0,-0.482803364193296,0.0,1
29068,1,1,0.11032463326227486,0.0534147272033575,20000.0,0.03877832716652424,0,26.0,0,2.0,-1.0942298521536507,1.3434007098564238,-0.13107973067417975,0.0,0.0,-0.482803364193296,0.0,1
29070,1,1,0.17809109875024579,0.015789972314915208,10000.0,-0.8522171619820733,0,34.0,0,2.0,-0.7554565470556122,0.1650673247260167,-0.13107973067417975,0.0,0.0,-0.482803364193296,0.0,1
29071,1,1,0.12776627042525388,0.04610727861466986,20000.0,0.9297738163151218,0,26.0,0,2.0,0.1479389332058235,2.757400772012912,-0.13107973067417975,0.0,0.0,-0.482803364193296,0.0,1
29072,1,1,0.10235473399077716,0.3042465801514212,4046.86,-0.5552186655992074,0,25.0,0,2.0,-1.20715428718633,-0.5419327063522275,-0.13107973067417975,0.0,0.0,-0.482803364193296,0.0,1
29073,0,1,0.13295795447789707,0.2662622363245787,9046.86,1.8207693054637193,1,14.0,0,2.0,0.03501449817314403,0.8720673558042609,-0.13107973067417975,0.0,0.0,-0.13685980103481263,0.0,1
29074,0,0,0.2560152987596722,0.5614292964731554,8093.72,0.9297738163151218,1,26.0,0,2.0,0.48671223830386184,-0.5419327063522275,-0.13107973067417975,0.0,0.25,2.9766322673915373,0.0,1
29076,1,1,0.11768537700889109,1.1612422918504288,0.0,0.3357768235493901,0,52.0,0,2.0,-0.6425321120229327,1.3434007098564238,-0.13107973067417975,0.0,0.0,-0.482803364193296,0.0,1
29077,1,1,0.12396628344667722,0.18178127057476248,0.0,0.03877832716652424,1,26.0,0,2.0,0.3737878032711824,1.3434007098564238,-0.13107973067417975,0.0,0.0,0.20908376212367072,0.0,1
29078,1,1,0.1606032330970594,0.05582031792550043,8093.72,0.3357768235493901,0,51.0,0,2.0,-0.7554565470556122,1.3434007098564238,-0.13107973067417975,0.0,0.0,-0.482803364193296,0.0,1
29080,0,0,0.10660193412654666,0.09162803381510772,10000.0,2.414766298229451,1,0.0,0,0.0,-0.7554565470556122,0.6364006787781795,-0.13107973067417975,0.0,0.0,0.555027325282154,0.0,1
29082,0,0,0.07119709704966483,0.2021424706571066,12140.58,1.5237708090808535,1,0.0,0,2.0,0.5996366733365414,0.4007340017520981,-0.13107973067417975,0.0,3.0,-0.13685980103481263,0.0,1
29083,0,1,0.12385775567434777,0.22617270547790294,10000.0,0.9297738163151218,0,26.0,0,2.0,-0.8683809820882916,-0.07059935230006469,-0.13107973067417975,0.0,0.0,0.20908376212367072,0.0,1
29085,0,0,0.08539650831145196,0.25066863199508344,0.0,-0.5552186655992074,0,41.0,0,1.0,-0.7554565470556122,-0.07059935230006469,-0.13107973067417975,0.0,0.0,-0.482803364193296,0.0,1
29087,1,1,0.11764120776224868,0.6343299361441198,10000.0,0.9297738163151218,0,51.0,0,2.0,-0.4166832419575738,-0.5419327063522275,-0.13107973067417975,0.0,0.0,-0.482803364193296,0.0,1
29089,1,1,0.1115761651281415,0.22593992352956055,14046.86,2.414766298229451,0,51.0,0,2.0,0.48671223830386184,1.3434007098564238,-0.13107973067417975,0.0,0.0,-0.482803364193296,0.0,1
29090,0,0,0.13297673974632626,0.16331633066932735,14046.86,0.03877832716652424,0,34.0,0,2.0,-0.1908343718922149,-0.07059935230006469,-0.13107973067417975,0.0,0.0,-0.482803364193296,0.0,1
29091,1,1,0.11167855379111713,0.18946353114091494,0.0,2.1177678018465853,0,51.0,0,2.0,0.8254855434019003,1.3434007098564238,-0.13107973067417975,0.0,0.0,-0.482803364193296,0.0,1
29092,1,1,0.11445980612874242,0.12472678893851563,20000.0,2.711764794612317,0,51.0,0,2.0,0.9384099784345797,1.3434007098564238,-0.13107973067417975,0.0,0.0,-0.482803364193296,0.0,1
29094,1,1,0.15367901885054375,0.09326682680949355,0.0,0.9297738163151218,0,26.0,0,2.0,-0.6425321120229327,-0.3062660293261461,-0.13107973067417975,0.0,0.0,-0.482803364193296,0.0,1
29096,0,0,0.10192409514474411,0.638787156119581,10000.0,0.6327753199322559,0,26.0,0,2.0,-0.9813054171209711,-0.3062660293261461,-0.13107973067417975,0.0,0.0,-0.482803364193296,0.0,1
29097,0,0,0.08686527902539048,0.0706547338671691,10000.0,-0.8522171619820733,0,0.0,0,2.0,-1.0942298521536507,0.1650673247260167,-0.13107973067417975,0.0,0.0,-0.482803364193296,0.0,1
29099,1,1,0.11873966492156068,0.1396663490580394,24046.86,0.6327753199322559,0,51.0,0,2.0,0.1479389332058235,1.3434007098564238,-0.13107973067417975,0.0,0.0,-0.13685980103481263,0.0,1
29100,1,1,0.20781879945156775,0.04696511431308823,4046.86,-1.149215658364939,0,51.0,0,2.0,-1.0942298521536507,1.3434007098564238,-0.13107973067417975,0.0,0.0,-0.482803364193296,0.0,1
29101,1,1,0.16388715481796673,0.4417498706483648,30000.0,1.2267723126979877,1,51.0,0,2.0,0.03501449817314403,1.3434007098564238,-0.13107973067417975,0.0,0.0,0.20908376212367072,0.0,1
29103,1,1,0.16689248311387606,0.15153118603686863,30000.0,-0.8522171619820733,0,51.0,0,2.0,-0.6425321120229327,1.1077340328303422,-0.13107973067417975,0.0,0.0,-0.482803364193296,0.0,1
29104,1,1,0.142399190339228,0.24723588292730858,0.0,2.1177678018465853,0,51.0,0,2.0,-0.07790993685953543,-0.3062660293261461,-0.13107973067417975,0.0,1.3333333333333333,-0.482803364193296,0.0,1
29108,0,0,0.08094985642500307,1.3356418501113034,10000.0,2.1177678018465853,1,41.0,0,2.0,-1.0942298521536507,0.1650673247260167,-0.13107973067417975,0.0,3.0,-0.13685980103481263,0.0,1
29109,0,0,0.06420800746459354,0.676390898653119,7500.0,1.2267723126979877,1,26.0,0,2.0,0.8254855434019003,-0.5419327063522275,-0.13107973067417975,0.0,0.0,-0.482803364193296,0.0,1
29110,0,0,0.07150328118481285,0.030749384297058324,1200.0,-1.149215658364939,0,23.0,0,0.0,-1.20715428718633,-1.2489327374304717,-0.13107973067417975,0.0,0.0,-0.482803364193296,0.0,1
29111,1,1,0.0534010416721671,0.647198923060992,30050.0,0.3357768235493901,1,26.0,0,2.0,-0.6425321120229327,-0.07059935230006469,-0.13107973067417975,0.0,3.0,-0.482803364193296,0.0,1
29112,0,0,0.09752018782841099,0.8400331738875318,4500.0,0.03877832716652424,1,16.0,0,1.0,-0.1908343718922149,-1.2489327374304717,8.840198213786854,0.0,0.0,1.5928580147576041,0.0,1
29113,1,1,0.10739336390196606,0.05828185103158876,0.0,-1.149215658364939,0,0.0,0,2.0,-0.9813054171209711,0.1650673247260167,-0.13107973067417975,0.0,0.0,-0.482803364193296,0.0,1
29115,0,0,0.10372152493885269,0.08131623885289892,0.0,-0.5552186655992074,1,26.0,0,2.0,-0.4166832419575738,-0.07059935230006469,-0.13107973067417975,1.0,3.0,-0.27523722629820596,0.0,1
29116,0,0,0.06451657753295621,0.13476714943374937,9400.0,0.6327753199322559,1,34.0,0,2.0,1.8418054586960155,0.1650673247260167,-0.13107973067417975,0.0,0.0,-0.482803364193296,0.0,1
29118,0,0,0.12782446532959774,0.16776271641390417,0.0,1.2267723126979877,0,42.0,0,2.0,-0.5296076769902532,-0.3062660293261461,-0.13107973067417975,1.0,0.0,-0.482803364193296,0.0,1
29119,1,1,0.12874369666304483,0.01738828029907842,1500.0,0.03877832716652424,0,26.0,0,2.0,-0.7554565470556122,0.1650673247260167,-0.13107973067417975,0.0,0.0,-0.13685980103481263,0.0,1
29120,0,0,0.08360146432989224,0.1311074029555672,2200.0,-0.8522171619820733,0,42.0,0,1.0,-0.07790993685953543,-1.2489327374304717,-0.13107973067417975,0.0,0.0,-0.482803364193296,0.0,1
29122,0,0,0.1032733048999025,0.02722351717462677,22350.0,0.03877832716652424,0,26.0,0,1.0,-0.5296076769902532,-1.2489327374304717,3.457431447110234,0.0,1.75,0.9009708884406373,0.0,1
29123,0,0,0.10816916053763277,0.0428662464006916,17400.0,-0.8522171619820733,1,26.0,0,2.0,-0.1908343718922149,-0.07059935230006469,-0.13107973067417975,0.0,0.25,-0.482803364193296,0.0,1
29124,0,1,0.20055716090844647,0.1174517234816583,2400.0,1.2267723126979877,1,26.0,0,1.0,0.48671223830386184,-1.2489327374304717,-0.13107973067417975,0.0,2.0,2.9766322673915373,0.0,1
29126,0,0,0.10722326060213277,0.0,20000.0,-0.2582201692163416,0,16.0,0,2.0,-1.0942298521536507,-1.2489327374304717,-0.13107973067417975,0.0,0.0,-0.482803364193296,0.0,1
29127,0,0,0.09136395278355092,0.5571796371559778,10000.0,-0.2582201692163416,1,26.0,0,2.0,0.9384099784345797,1.3434007098564238,-0.13107973067417975,1.0,0.5,-0.482803364193296,0.0,1
29128,1,1,0.12756213308471734,0.008127313230480554,10000.0,-0.5552186655992074,1,26.0,0,2.0,-1.0942298521536507,0.1650673247260167,-0.13107973067417975,0.0,0.0,-0.482803364193296,0.0,1
29130,1,1,0.10787971699154776,0.05812795848944483,5000.0,-0.5552186655992074,1,26.0,0,2.0,-0.9813054171209711,-0.3062660293261461,-0.13107973067417975,0.0,2.25,-0.34442593892990264,0.0,1
29131,1,1,0.05091993720359248,0.019429548457293853,2500.0,0.3357768235493901,0,25.0,0,0.0,-0.6425321120229327,0.1650673247260167,-0.13107973067417975,0.0,3.0,-0.482803364193296,0.0,1
29132,0,1,0.05793209252947484,0.2648775107834344,4000.0,-1.446214154747805,0,0.0,0,2.0,-0.5296076769902532,0.6364006787781795,-0.13107973067417975,0.0,3.0,-0.482803364193296,0.0,1
29133,1,1,0.1450660192079911,0.175249812634383,0.0,1.5237708090808535,0,43.0,0,2.0,0.7125611083692208,-0.07059935230006469,-0.13107973067417975,0.0,1.3333333333333333,-0.482803364193296,0.0,1
29139,0,1,0.23156510468259497,0.09732287237228243,10000.0,0.6327753199322559,1,16.0,1,2.0,-0.07790993685953543,0.1650673247260167,-0.13107973067417975,0.0,0.0,-0.34442593892990264,0.0,1
29142,1,1,0.1949166296823112,0.12876641771825909,10000.0,0.9297738163151218,1,26.0,0,2.0,0.3737878032711824,1.3434007098564238,-0.13107973067417975,0.0,0.0,0.555027325282154,0.0,1
29144,1,1,0.19008843677384912,0.2695256348826066,4046.86,-1.446214154747805,1,0.0,0,2.0,-1.0942298521536507,1.3434007098564238,-0.13107973067417975,0.0,0.0,0.9009708884406373,0.0,1
29147,1,1,0.17027157546813199,0.1596155354475535,14046.86,0.3357768235493901,0,26.0,0,2.0,-1.20715428718633,1.3434007098564238,-0.13107973067417975,0.0,0.0,0.34746118738706405,0.0,1
29148,1,0,0.18283045954533014,0.14080654745483448,0.0,0.3357768235493901,0,34.0,0,2.0,-0.5296076769902532,-0.07059935230006469,-0.13107973067417975,0.0,0.0,-0.13685980103481263,0.0,1
29149,1,1,0.12335442018745739,0.272200779397107,0.0,0.3357768235493901,0,26.0,0,2.0,-1.20715428718633,1.3434007098564238,-0.13107973067417975,0.0,0.0,-0.482803364193296,0.0,1
29150,0,0,0.20234010261031385,0.15564187417322156,21024.0,0.6327753199322559,1,43.0,0,2.0,-0.7554565470556122,-0.3062660293261461,-0.13107973067417975,0.0,0.6,0.9009708884406373,0.0,1
29151,1,1,0.07945479269931485,0.3469662141648957,10000.0,-0.8522171619820733,1,26.0,0,1.0,-1.0942298521536507,1.1077340328303422,-0.13107973067417975,0.0,0.0,-0.34442593892990264,0.0,1
29152,1,1,0.15677465512282554,0.06167319374633815,20000.0,0.6327753199322559,1,26.0,0,2.0,-1.0942298521536507,-0.7775993833783089,-0.13107973067417975,0.0,0.0,0.20908376212367072,0.0,1
29153,1,1,0.1563925244866605,0.11174849139536616,10000.0,0.03877832716652424,1,26.0,0,2.0,-0.9813054171209711,1.3434007098564238,-0.13107973067417975,0.0,0.0,0.20908376212367072,0.0,1
29154,1,1,0.14568180709902626,0.10417539489758314,8093.72,-0.2582201692163416,0,25.0,0,2.0,-1.0942298521536507,-0.3062660293261461,-0.13107973067417975,0.0,0.0,0.20908376212367072,0.0,1
29155,1,0,0.16400627332626894,0.10917112061456238,8093.72,0.03877832716652424,1,26.0,0,2.0,-1.20715428718633,-1.2489327374304717,-0.13107973067417975,0.0,0.0,-0.13685980103481263,0.0,1
29156,1,1,0.15640430688290158,0.5461866192223666,8093.72,-1.149215658364939,1,26.0,0,2.0,-1.20715428718633,1.3434007098564238,-0.13107973067417975,0.0,0.0,0.20908376212367072,0.0,1
29160,0,0,0.09605354608059656,0.1681318153432291,10000.0,-0.8522171619820733,1,43.0,0,2.0,0.3737878032711824,-0.3062660293261461,-0.13107973067417975,0.0,1.8,-0.482803364193296,0.0,1
29161,1,1,0.126805815784886,0.4155721806975841,8093.72,0.03877832716652424,1,43.0,0,2.0,0.8254855434019003,0.6364006787781795,-0.13107973067417975,0.0,1.0,-0.482803364193296,0.0,1
29162,1,1,0.11527303965349732,0.05012940800761125,8093.72,-0.2582201692163416,0,34.0,0,2.0,-0.3037588069248943,0.1650673247260167,-0.13107973067417975,0.0,0.0,-0.482803364193296,0.0,1
29163,1,1,0.1260185729957569,0.06596911171044392,8093.72,-1.149215658364939,0,26.0,0,2.0,-1.20715428718633,1.3434007098564238,-0.13107973067417975,0.0,0.0,-0.482803364193296,0.0,1
29165,1,1,0.08704220421594422,0.5494661316166357,4046.86,-0.2582201692163416,1,25.0,0,2.0,-1.0942298521536507,-1.2489327374304717,-0.13107973067417975,0.0,3.0,-0.06767108840311596,0.0,1
29166,1,1,0.10377440137331244,0.04191162663631281,4046.86,0.3357768235493901,0,26.0,0,1.0,-0.9813054171209711,1.5790673868825051,-0.13107973067417975,0.0,0.0,-0.482803364193296,0.0,1
29167,1,1,0.24170647783138496,0.21312007794105706,8093.72,2.1177678018465853,1,26.0,0,2.0,0.3737878032711824,-1.2489327374304717,-0.13107973067417975,0.0,0.0,4.706350083183954,0.0,1
29169,1,1,0.14523776291685186,0.10821596871816698,0.0,0.3357768235493901,0,51.0,0,2.0,-0.1908343718922149,1.3434007098564238,-0.13107973067417975,1.0,0.0,-0.482803364193296,0.0,1
29170,0,0,0.07369196944917616,0.4022795843110962,10000.0,-0.2582201692163416,0,0.0,0,2.0,-0.8683809820882916,0.1650673247260167,-0.13107973067417975,0.0,0.0,-0.482803364193296,0.0,1
29171,0,1,0.2752286304440274,0.15097216927182616,10000.0,0.03877832716652424,1,22.0,0,2.0,-1.20715428718633,-0.3062660293261461,-0.13107973067417975,0.0,0.0,1.7312354400209973,0.0,1
29172,1,1,0.13882941960312997,0.05315755900489049,10000.0,0.03877832716652424,0,51.0,0,2.0,-1.0942298521536507,1.3434007098564238,-0.13107973067417975,0.0,0.0,-0.482803364193296,0.0,1
29173,1,1,0.13507518552206024,0.1871213715996538,10000.0,-0.2582201692163416,0,21.0,0,2.0,-1.0942298521536507,-0.3062660293261461,-0.13107973067417975,0.0,0.0,0.6242160379138507,0.0,1
29174,1,1,0.11769106881359188,0.1856297799668341,8093.72,0.6327753199322559,0,52.0,0,2.0,0.9384099784345797,1.3434007098564238,-0.13107973067417975,0.0,0.0,-0.482803364193296,0.0,1
29175,0,0,0.09642742292369146,0.2618091020132283,0.0,-0.2582201692163416,1,26.0,0,1.0,0.03501449817314403,2.757400772012912,-0.13107973067417975,0.0,0.0,-0.13685980103481263,0.0,1
29176,1,1,0.07761210737147727,0.17581718612646446,0.0,0.3357768235493901,0,22.0,0,2.0,-0.7554565470556122,-0.07059935230006469,-0.13107973067417975,0.0,3.0,-0.482803364193296,0.0,1
29178,0,0,0.2236223615385593,0.18677468344880824,16187.44,0.6327753199322559,1,43.0,0,2.0,-0.1908343718922149,-0.3062660293261461,-0.13107973067417975,0.0,0.0,1.7312354400209973,0.0,1
29179,0,0,0.07426998094066786,0.485337030439942,12140.58,2.711764794612317,1,41.0,0,2.0,3.1968986790881693,0.4007340017520981,-0.13107973067417975,0.0,1.0,0.20908376212367072,0.0,1
29181,0,0,0.29212970639235675,0.1996176114890709,28093.72,-0.2582201692163416,1,34.0,1,2.0,-1.20715428718633,-0.5419327063522275,-0.13107973067417975,1.0,3.0,5.070594060833525,0.0,1
29182,0,0,0.19139433629688077,0.6723442402510086,10000.0,-0.5552186655992074,1,41.0,1,2.0,-0.4166832419575738,1.8147340639085865,-0.13107973067417975,1.0,3.0,1.5928580147576041,0.0,1
29185,1,1,0.2532665174351509,0.1513827383952501,40000.0,1.5237708090808535,1,43.0,1,2.0,0.3737878032711824,0.4007340017520981,-0.13107973067417975,1.0,0.0,1.2469144515991206,0.0,1
29186,1,1,0.28586026095019074,0.006847907964116962,0.0,2.711764794612317,0,51.0,0,2.0,-0.5296076769902532,0.4007340017520981,-0.13107973067417975,0.0,0.0,-0.482803364193296,0.0,1
29187,0,1,0.1466975157797145,0.04589732355648567,7500.0,0.3357768235493901,0,26.0,0,2.0,-0.9813054171209711,1.1077340328303422,-0.13107973067417975,0.0,0.0,-0.482803364193296,0.0,1
29188,0,0,0.06514693074825072,0.1907566321245514,30000.0,0.9297738163151218,1,43.0,1,2.0,2.5193520688920925,-0.07059935230006469,-0.13107973067417975,0.0,1.75,-0.482803364193296,0.0,1
29189,0,0,0.1299091382622886,0.05117727237365707,12400.0,-0.5552186655992074,0,41.0,0,2.0,0.03501449817314403,-1.2489327374304717,0.7660480637719236,0.0,3.0,-0.482803364193296,0.0,1
29191,0,1,0.0959088983649945,0.0,10250.0,0.03877832716652424,0,34.0,0,2.0,-0.5296076769902532,-1.2489327374304717,-0.13107973067417975,0.0,0.0,-0.482803364193296,0.0,1
29192,1,1,0.09174125883685202,0.0,9900.0,-1.446214154747805,0,34.0,0,2.0,-0.3037588069248943,-1.2489327374304717,-0.13107973067417975,0.0,0.0,-0.482803364193296,0.0,1
29193,1,1,0.11023231154815426,0.1924848669102387,10000.0,1.2267723126979877,0,35.0,1,2.0,-0.8683809820882916,-1.2489327374304717,-0.13107973067417975,0.0,0.0,-0.482803364193296,0.0,1
29194,0,0,0.2634725857079884,0.15449276859327574,8500.0,2.414766298229451,1,52.0,0,2.0,-0.5296076769902532,1.1077340328303422,-0.13107973067417975,0.0,2.1666666666666665,1.5928580147576041,0.0,1
29195,0,0,0.10626060158938812,0.0375829957823527,20400.0,0.03877832716652424,1,35.0,0,2.0,0.48671223830386184,0.1650673247260167,-0.13107973067417975,0.0,0.0,-0.482803364193296,0.0,1
29196,0,0,0.1113175727272981,0.16985643094169947,9900.0,0.9297738163151218,0,0.0,0,2.0,1.051334413467259,0.8720673558042609,-0.13107973067417975,0.0,0.3333333333333333,0.555027325282154,0.0,1
29198,1,1,0.06607883582344028,0.25885361660764067,20800.0,0.3357768235493901,1,0.0,0,0.0,-0.4166832419575738,0.8720673558042609,-0.13107973067417975,0.0,1.0,0.20908376212367072,0.0,1
29199,0,0,0.09140491987982274,0.22365110427732737,14225.0,0.3357768235493901,0,24.0,0,2.0,0.2608633682385029,-0.07059935230006469,-0.13107973067417975,0.0,0.0,0.20908376212367072,0.0,1
29200,0,0,0.08699741906172141,0.36986141914361237,10000.0,1.2267723126979877,0,26.0,0,2.0,-0.1908343718922149,-0.5419327063522275,-0.13107973067417975,0.0,0.0,-0.482803364193296,0.0,1
29202,0,0,0.05572147167332109,0.12165604079090127,9000.0,0.03877832716652424,0,16.0,0,0.0,-0.8683809820882916,-1.2489327374304717,-0.13107973067417975,0.0,0.0,-0.482803364193296,0.0,1
29203,0,0,0.052225811145838026,0.024834201253270943,4500.0,0.9297738163151218,0,16.0,0,0.0,-0.3037588069248943,-1.2489327374304717,-0.13107973067417975,0.0,0.0,-0.482803364193296,0.0,1
29204,0,0,0.11252804927666404,0.24055258897202325,30000.0,0.6327753199322559,0,34.0,0,2.0,-0.7554565470556122,-0.7775993833783089,-0.13107973067417975,1.0,0.0,-0.482803364193296,0.0,1
29206,0,1,0.24079955033438974,0.0,26187.440000000002,1.5237708090808535,1,41.0,0,0.0,1.503032153597977,0.6364006787781795,-0.13107973067417975,0.0,1.5,5.070594060833525,0.0,1
29217,1,1,0.1066819720057783,0.0030138858733072572,10000.0,0.3357768235493901,1,42.0,1,2.0,0.5996366733365414,-0.7775993833783089,-0.13107973067417975,0.0,3.0,-0.482803364193296,0.0,1
29219,0,0,0.17118275500981683,0.3334597117003936,24046.86,-0.5552186655992074,1,51.0,1,2.0,0.5996366733365414,2.757400772012912,-0.13107973067417975,0.0,3.0,0.9009708884406373,0.0,1
29220,1,1,0.11010762367748156,0.07754300250724225,9100.0,0.6327753199322559,1,51.0,0,1.0,0.1479389332058235,0.8720673558042609,-0.13107973067417975,0.0,3.0,0.20908376212367072,0.0,1
29224,0,0,0.04495167860518093,0.12016529043592374,2000.0,0.3357768235493901,0,26.0,0,2.0,3.3098231141208485,0.1650673247260167,-0.13107973067417975,0.0,3.0,-0.482803364193296,0.0,1
29227,1,1,0.1372993483647171,0.0,28093.72,0.3357768235493901,0,41.0,1,2.0,-0.3037588069248943,-1.2489327374304717,-0.13107973067417975,1.0,0.0,-0.482803364193296,0.0,1
30021,0,0,0.07668888382377714,0.0,2123.4300000000003,-0.5552186655992074,0,41.0,0,2.0,1.3901077185652975,0.6364006787781795,-0.13107973067417975,0.0,0.0,-0.482803364193296,0.0,4
30022,1,1,0.09477683744439697,0.0,50.0,-0.8522171619820733,1,26.0,0,2.0,1.7288810236633358,0.8720673558042609,-0.13107973067417975,0.0,0.0,1.2469144515991206,0.0,4
30023,0,0,0.05282633264469186,0.0,100.0,-0.2582201692163416,1,42.0,1,2.0,3.561644604243726,-0.07059935230006469,-0.13107973067417975,0.0,3.0,0.34746118738706405,0.0,4
30024,0,0,0.05443708785790089,0.0,400.0,0.03877832716652424,0,28.0,0,2.0,3.1968986790881693,-0.07059935230006469,-0.13107973067417975,0.0,0.0,-0.482803364193296,0.0,4
30028,1,1,0.09114093356182147,0.0,850.0,-0.8522171619820733,1,26.0,1,2.0,-0.1908343718922149,-1.2489327374304717,-0.13107973067417975,0.0,0.0,0.20908376212367072,0.0,4
30030,0,0,0.06849673491401682,0.0,320.0,0.03877832716652424,0,28.0,0,2.0,0.1479389332058235,-1.2489327374304717,-0.13107973067417975,0.0,0.0,-0.482803364193296,0.0,4
30041,0,1,0.13080476706316804,1.0274947051189105,850.0,-0.8522171619820733,0,26.0,0,2.0,-0.1908343718922149,1.5790673868825051,-0.13107973067417975,0.0,0.0,-0.482803364193296,0.0,4
30043,0,0,0.14565659253790653,0.12799080555845782,0.0,-0.8522171619820733,0,43.0,1,2.0,2.7452009389574514,0.1650673247260167,-0.13107973067417975,0.0,0.0,-0.482803364193296,0.0,4
30044,0,0,0.08983265113516432,0.0,0.0,-0.5552186655992074,0,41.0,0,2.0,1.8418054586960155,-0.7775993833783089,-0.13107973067417975,0.0,0.0,-0.482803364193296,0.0,4
30045,0,0,0.11554104939785026,0.07613957802458805,0.0,-1.149215658364939,0,41.0,0,2.0,2.5193520688920925,0.6364006787781795,-0.13107973067417975,0.0,0.0,-0.482803364193296,0.0,4
30046,0,0,0.11778882955879784,0.0,0.0,-1.149215658364939,0,23.0,0,2.0,0.8254855434019003,0.1650673247260167,-0.13107973067417975,0.0,0.0,-0.482803364193296,0.0,4
30047,0,0,0.12499345287097204,0.008416046850307737,0.0,-1.446214154747805,0,0.0,0,2.0,-1.0942298521536507,-0.3062660293261461,-0.13107973067417975,0.0,0.0,-0.482803364193296,0.0,4
30048,0,0,0.1529221541716151,0.0,0.0,-1.149215658364939,0,16.0,0,2.0,-1.3200787222190096,-0.07059935230006469,-0.13107973067417975,0.0,0.0,-0.482803364193296,0.0,4
30049,0,0,0.08782673397712315,0.0,0.0,0.03877832716652424,0,42.0,0,2.0,3.422747549153528,-0.3062660293261461,-0.13107973067417975,0.0,0.0,-0.482803364193296,0.0,4
30081,0,0,0.07845863183558027,0.6679926212362379,0.0,0.3357768235493901,0,26.0,0,2.0,0.48671223830386184,1.5790673868825051,-0.13107973067417975,0.0,0.0,-0.482803364193296,0.0,4
30084,0,0,0.01833684962067436,1.3750429700928155,0.0,-1.149215658364939,0,26.0,0,0.0,1.1642588484999385,-0.3062660293261461,-0.13107973067417975,0.0,0.0,-0.482803364193296,0.0,4
30085,0,0,0.07995328476259987,0.27494941788844846,0.0,-0.2582201692163416,0,26.0,0,2.0,-0.4166832419575738,-1.2489327374304717,-0.13107973067417975,0.0,0.0,-0.482803364193296,0.0,4
30086,0,0,0.06586458321578968,0.0271794651360406,0.0,0.3357768235493901,0,42.0,0,2.0,2.9710498090228104,-0.5419327063522275,-0.13107973067417975,0.0,0.0,-0.482803364193296,0.0,4
30087,0,0,0.07876156709871344,0.0,0.0,-1.446214154747805,0,16.0,0,2.0,-1.20715428718633,-1.2489327374304717,-0.13107973067417975,0.0,0.0,-0.482803364193296,0.0,4
30088,1,0,0.0651501838802618,0.0,0.0,-0.8522171619820733,0,26.0,0,1.0,0.2608633682385029,-1.2489327374304717,-0.13107973067417975,0.0,0.0,-0.482803364193296,0.0,4
30089,0,0,0.1070323461465643,0.0,0.0,-0.2582201692163416,0,23.0,0,2.0,-0.1908343718922149,-1.2489327374304717,-0.13107973067417975,0.0,0.0,-0.482803364193296,0.0,4
30090,1,1,0.1167707864405429,0.2825946338505389,800.0,-1.149215658364939,0,26.0,0,2.0,0.48671223830386184,-0.07059935230006469,-0.13107973067417975,0.0,0.0,-0.482803364193296,0.0,4
30091,0,0,0.07467839310218623,0.8108458744161909,4046.86,-0.2582201692163416,0,41.0,0,2.0,0.1479389332058235,0.4007340017520981,-0.13107973067417975,0.0,0.0,-0.482803364193296,0.0,4
30093,0,0,0.10873123466219349,0.41137873583314477,0.0,0.03877832716652424,0,26.0,0,2.0,-0.9813054171209711,-1.2489327374304717,-0.13107973067417975,0.0,0.0,-0.482803364193296,0.0,4
30097,0,0,0.08609508043454085,0.27722333111554665,0.0,-0.2582201692163416,0,26.0,0,2.0,-0.3037588069248943,-0.07059935230006469,-0.13107973067417975,0.0,0.0,-0.482803364193296,0.0,4
30098,0,0,0.025106309497238733,0.0,0.0,-0.8522171619820733,0,16.0,0,0.0,-0.3037588069248943,-1.2489327374304717,-0.13107973067417975,0.0,0.0,-0.482803364193296,0.0,4
30099,0,0,0.10637881094122548,0.0,0.0,0.03877832716652424,0,25.0,0,2.0,-0.4166832419575738,-0.07059935230006469,-0.13107973067417975,0.0,0.0,-0.482803364193296,0.0,4
30100,0,0,0.13308732314985386,0.45621934628689026,0.0,-0.5552186655992074,0,21.0,0,2.0,-0.9813054171209711,0.8720673558042609,-0.13107973067417975,0.0,0.0,-0.482803364193296,0.0,4
30101,0,0,0.10601000524558672,0.0,0.0,-0.8522171619820733,0,43.0,1,2.0,1.3901077185652975,-1.2489327374304717,-0.13107973067417975,0.0,0.0,-0.482803364193296,0.0,4
30103,0,0,0.09693498178345465,0.0,700.0,0.03877832716652424,0,26.0,0,2.0,0.7125611083692208,-0.3062660293261461,-0.13107973067417975,0.0,0.0,-0.482803364193296,0.0,4
30104,0,0,0.06812439426316456,0.0,0.0,-1.149215658364939,0,26.0,0,2.0,3.5356719841862074,-1.2489327374304717,-0.13107973067417975,0.0,0.0,-0.482803364193296,0.0,4
30105,0,0,0.14027022205967388,0.10552975939214858,0.0,-0.2582201692163416,0,26.0,0,2.0,0.2608633682385029,-0.07059935230006469,-0.13107973067417975,0.0,0.0,-0.482803364193296,0.0,4
30106,0,0,0.03379448312386238,0.5159958720330237,0.0,0.03877832716652424,0,25.0,0,0.0,0.7125611083692208,-0.3062660293261461,-0.13107973067417975,0.0,0.0,-0.482803364193296,0.0,4
30107,0,0,0.20533225139339253,0.0,0.0,-0.8522171619820733,0,26.0,0,2.0,-0.4166832419575738,1.5790673868825051,-0.13107973067417975,0.0,0.0,-0.482803364193296,0.0,4
30108,0,0,0.10532882437605036,0.32930354536601003,0.0,-0.2582201692163416,0,26.0,0,2.0,0.03501449817314403,-0.07059935230006469,-0.13107973067417975,0.0,0.0,-0.482803364193296,0.0,4
30109,0,1,0.14793133200510047,0.0,700.0,-1.149215658364939,1,16.0,0,2.0,0.3737878032711824,-0.07059935230006469,-0.13107973067417975,0.0,0.0,1.5928580147576041,0.0,4
30110,0,0,0.1239566026875852,0.0,1300.0,-0.8522171619820733,0,62.0,0,2.0,0.8254855434019003,-1.2489327374304717,-0.13107973067417975,0.0,0.0,-0.482803364193296,0.0,4
30121,1,1,0.0935786244684695,0.0,717.36,-1.446214154747805,0,16.0,0,2.0,-1.3200787222190096,-1.2489327374304717,-0.13107973067417975,0.0,0.0,-0.482803364193296,0.0,4
30122,1,1,0.0928453248919946,0.0443522284602819,1550.0,0.03877832716652424,0,26.0,0,2.0,-0.07790993685953543,-1.2489327374304717,-0.13107973067417975,0.0,0.0,-0.482803364193296,0.0,4
30123,1,1,0.10507494198069016,2.7165410036456583,1150.0,-0.2582201692163416,0,42.0,0,2.0,0.48671223830386184,1.5790673868825051,-0.13107973067417975,0.0,0.0,-0.482803364193296,0.0,4
30124,0,1,0.11221131591846352,0.48035866780529457,1000.0,-0.5552186655992074,0,41.0,0,2.0,-0.5296076769902532,-0.3062660293261461,-0.13107973067417975,0.0,0.0,-0.482803364193296,0.0,4
30126,0,1,0.07144189829045298,0.0,6000.0,-0.5552186655992074,0,26.0,0,2.0,0.3737878032711824,-1.2489327374304717,-0.13107973067417975,0.0,0.0,-0.482803364193296,0.0,4
30127,0,0,0.1667716875655494,0.0776602940629615,550.0,-0.5552186655992074,0,26.0,0,2.0,-0.7554565470556122,0.1650673247260167,-0.13107973067417975,0.0,0.0,-0.482803364193296,0.0,4
30128,1,1,0.05098512019380106,0.9634531430822018,450.0,1.2267723126979877,0,42.0,0,2.0,2.5193520688920925,0.8720673558042609,-0.13107973067417975,0.0,0.0,-0.482803364193296,0.0,4
30129,1,1,0.09241779012116542,0.19614016667071824,500.0,-1.446214154747805,0,0.0,0,1.0,-1.20715428718633,0.4007340017520981,-0.13107973067417975,0.0,0.0,-0.482803364193296,0.0,4
30130,0,0,0.06616521445016367,0.9141343581953958,870.0,-1.149215658364939,0,28.0,0,2.0,1.051334413467259,-0.07059935230006469,-0.13107973067417975,0.0,0.0,-0.482803364193296,0.0,4
30131,1,1,0.1343054358556124,0.0,730.0,-0.2582201692163416,0,26.0,0,2.0,-0.4166832419575738,0.1650673247260167,-0.13107973067417975,0.0,0.0,-0.482803364193296,0.0,4
30132,1,0,0.08614756196443203,0.10366301363709345,320.0,-1.446214154747805,0,12.0,0,1.0,-0.6425321120229327,-0.3062660293261461,-0.13107973067417975,0.0,0.0,-0.482803364193296,0.0,4
30133,0,0,0.0623656736625639,0.02589948926207175,300.0,0.6327753199322559,0,26.0,0,2.0,0.9384099784345797,-0.3062660293261461,-0.13107973067417975,0.0,0.0,-0.482803364193296,0.0,4
30134,1,1,0.07730454432236068,0.03299241174529858,1000.0,-0.8522171619820733,0,26.0,1,2.0,1.3901077185652975,-0.07059935230006469,-0.13107973067417975,0.0,0.0,-0.482803364193296,0.0,4
30135,1,1,0.06937741630368338,0.6880165816333353,350.0,-0.2582201692163416,0,28.0,0,2.0,-0.07790993685953543,0.6364006787781795,-0.13107973067417975,0.0,0.0,-0.482803364193296,0.0,4
30137,0,0,0.09640456310554295,0.0,220.0,-0.8522171619820733,0,28.0,0,2.0,-0.1908343718922149,0.4007340017520981,-0.13107973067417975,0.0,0.0,-0.482803364193296,0.0,4
30138,0,0,0.08094056441843146,0.04769921486760363,1430.0,-1.446214154747805,0,0.0,0,1.0,-0.7554565470556122,0.4007340017520981,-0.13107973067417975,0.0,0.0,-0.482803364193296,0.0,4
30139,1,1,0.07703327113632007,0.05442486351646682,1530.0,-0.2582201692163416,0,26.0,0,2.0,0.3737878032711824,0.4007340017520981,-0.13107973067417975,0.0,0.0,-0.482803364193296,0.0,4
30140,0,1,0.15626723952963342,0.1477689091752767,560.0,-0.8522171619820733,0,26.0,0,2.0,-0.3037588069248943,0.4007340017520981,-0.13107973067417975,0.0,0.0,-0.482803364193296,0.0,4
39004,0,0,0.12199876803315779,0.0,0.0,0.03877832716652424,0,42.0,0,2.0,-0.6425321120229327,-0.5419327063522275,-0.13107973067417975,0.0,0.0,-0.482803364193296,0.0,4
39006,1,1,0.057297539067992544,0.9336214398466782,0.0,-1.446214154747805,0,0.0,0,1.0,-1.3200787222190096,1.1077340328303422,-0.13107973067417975,0.0,0.0,-0.482803364193296,0.0,4
39009,0,0,0.11000327761520666,0.0,0.0,-0.2582201692163416,0,26.0,0,2.0,-0.9813054171209711,-0.5419327063522275,-0.13107973067417975,0.0,0.0,-0.482803364193296,0.0,4
39012,1,1,0.1338141746318504,0.033514560214493186,1250.0,0.03877832716652424,1,41.0,1,2.0,0.7125611083692208,-0.07059935230006469,-0.13107973067417975,0.0,0.0,1.2469144515991206,0.0,4
39013,0,0,0.17434740373623858,0.2104638798950261,400.0,-0.5552186655992074,1,26.0,0,2.0,0.03501449817314403,0.6364006787781795,1.2146119609949753,0.0,0.0,-0.482803364193296,0.0,4
39014,0,0,0.2850719801735831,0.0958265502441912,1600.0,-0.8522171619820733,1,26.0,0,2.0,-0.8683809820882916,2.286067417960749,-0.13107973067417975,0.0,0.0,0.9009708884406373,0.0,4
39017,0,0,0.03885859585556,0.8558206626362288,5050.0,-0.2582201692163416,0,26.0,0,2.0,1.6159565886306564,-1.2489327374304717,-0.13107973067417975,0.0,0.0,-0.482803364193296,0.0,4
39018,1,1,0.13535402493795598,0.25432358018770584,850.0,0.9297738163151218,0,26.0,0,2.0,0.3737878032711824,-0.5419327063522275,-0.13107973067417975,0.0,0.0,-0.482803364193296,0.0,4
39023,0,0,0.09048291875326459,0.0,0.0,0.03877832716652424,0,26.0,0,2.0,1.277183283532618,-0.07059935230006469,-0.13107973067417975,0.0,0.0,-0.482803364193296,0.0,4
39031,0,0,0.05714212128790196,0.0,0.0,0.03877832716652424,0,41.0,0,2.0,1.954729893728695,-0.3062660293261461,-0.13107973067417975,0.0,0.0,-0.482803364193296,0.0,4
39036,1,1,0.11038122839162251,0.0,0.0,-1.149215658364939,0,42.0,0,2.0,-0.4166832419575738,-1.2489327374304717,-0.13107973067417975,0.0,0.0,-0.482803364193296,0.0,4
39037,0,0,0.0661296536288128,0.0,0.0,-1.446214154747805,0,16.0,0,2.0,0.1479389332058235,-1.2489327374304717,-0.13107973067417975,0.0,0.0,-0.482803364193296,0.0,4
39039,0,0,0.0396963938018375,0.18881818696776873,50.0,-0.2582201692163416,0,26.0,0,0.0,-0.4166832419575738,-0.07059935230006469,-0.13107973067417975,0.0,0.0,-0.482803364193296,0.0,4
39041,1,1,0.06992697578384569,0.0,0.0,-1.149215658364939,1,26.0,0,2.0,-0.4166832419575738,-1.2489327374304717,-0.13107973067417975,0.0,3.0,-0.2060485136665093,0.0,4
39042,1,1,0.1044794311283742,0.2953164655532921,100.0,-0.5552186655992074,0,16.0,0,1.0,-0.9813054171209711,-1.2489327374304717,-0.13107973067417975,0.0,0.0,-0.482803364193296,0.0,4
39043,1,1,0.10557082644332245,0.0,0.0,-0.8522171619820733,0,16.0,0,2.0,-0.9813054171209711,-1.2489327374304717,-0.13107973067417975,0.0,0.0,-0.482803364193296,0.0,4
39044,0,0,0.03567973089411778,0.0,0.0,-0.5552186655992074,0,26.0,1,2.0,3.422747549153528,-1.2489327374304717,-0.13107973067417975,0.0,0.0,-0.482803364193296,0.0,4
39045,0,0,0.10123232450882363,0.033627369754861344,0.0,0.6327753199322559,0,26.0,1,2.0,-0.3037588069248943,-0.3062660293261461,-0.13107973067417975,0.0,0.0,-0.482803364193296,0.0,4
39048,0,0,0.0678547319164441,0.0,2812.5,-0.5552186655992074,0,43.0,0,0.0,1.8418054586960155,0.6364006787781795,-0.13107973067417975,0.0,0.0,-0.482803364193296,0.0,4
39051,1,0,0.0973355479260755,0.0,650.0,-0.5552186655992074,0,26.0,0,2.0,1.051334413467259,0.4007340017520981,-0.13107973067417975,0.0,0.0,-0.482803364193296,0.0,4
39052,0,0,0.1267556228639879,0.08543823100498979,3237.4880000000003,-0.5552186655992074,0,16.0,0,2.0,0.48671223830386184,3.2287341260650746,-0.13107973067417975,0.0,0.0,-0.482803364193296,0.0,4
39053,1,1,0.09577779141304492,0.1987096686954634,404.68600000000004,0.3357768235493901,0,42.0,0,2.0,2.0676543287613747,0.4007340017520981,-0.13107973067417975,2.0,0.0,-0.482803364193296,0.0,4
39056,0,0,0.1987477198653794,0.0,50.0,-0.5552186655992074,0,34.0,0,2.0,-0.3037588069248943,0.1650673247260167,-0.13107973067417975,0.0,0.0,-0.482803364193296,0.0,4
39058,1,1,0.08709173231264196,0.0,850.0,-0.2582201692163416,0,26.0,0,2.0,-0.5296076769902532,-1.2489327374304717,-0.13107973067417975,0.0,0.0,-0.482803364193296,0.0,4
39059,0,0,0.10190321393125362,0.0,150.0,-0.5552186655992074,0,26.0,0,2.0,-0.8683809820882916,0.1650673247260167,-0.13107973067417975,0.0,0.0,-0.482803364193296,0.0,4
39061,1,1,0.11292591047991966,0.0,100.0,0.6327753199322559,0,42.0,0,2.0,0.03501449817314403,0.1650673247260167,-0.13107973067417975,0.0,0.0,-0.482803364193296,0.0,4
39062,0,1,0.09365417957040255,0.0,200.0,-0.2582201692163416,0,26.0,0,2.0,-0.4166832419575738,0.1650673247260167,-0.13107973067417975,0.0,0.0,-0.482803364193296,0.0,4
39064,1,0,0.06726125497215334,0.0,2000.0,0.03877832716652424,0,26.0,0,2.0,0.7125611083692208,-0.07059935230006469,-0.13107973067417975,0.0,0.0,-0.482803364193296,0.0,4
39066,1,1,0.10171170308016943,0.0,950.0,-1.149215658364939,1,16.0,0,2.0,0.5996366733365414,-1.2489327374304717,-0.13107973067417975,0.0,0.0,1.2469144515991206,0.0,4
39068,0,0,0.11290499101893238,0.0,0.0,0.03877832716652424,0,41.0,0,2.0,0.9384099784345797,0.4007340017520981,-0.13107973067417975,0.0,0.0,-0.482803364193296,0.0,4
39069,1,1,0.1996353244592002,0.0,700.0,-1.446214154747805,1,22.0,0,2.0,-0.6425321120229327,0.1650673247260167,-0.13107973067417975,0.0,0.0,2.007990290547784,0.0,4
39070,1,1,0.10049869099242865,0.0,0.0,0.03877832716652424,0,26.0,0,2.0,-0.4166832419575738,0.6364006787781795,-0.13107973067417975,0.0,0.0,-0.482803364193296,0.0,4
39071,1,0,0.09203732299867697,0.0,0.0,-1.149215658364939,0,42.0,0,2.0,0.8254855434019003,-1.2489327374304717,-0.13107973067417975,0.0,0.0,-0.482803364193296,0.0,4
39072,0,0,0.08955142012903557,0.3400164145855317,0.0,-0.2582201692163416,0,26.0,0,2.0,-0.9813054171209711,-0.7775993833783089,-0.13107973067417975,0.0,0.0,-0.482803364193296,0.0,4
39074,1,0,0.0765246638892944,0.0,0.0,-0.5552186655992074,0,26.0,0,2.0,0.03501449817314403,-0.5419327063522275,-0.13107973067417975,0.0,0.0,-0.482803364193296,0.0,4
39077,1,1,0.10997929490044278,0.021961932650073207,0.0,-1.446214154747805,0,16.0,0,2.0,-1.433003157251689,-0.5419327063522275,-0.13107973067417975,0.0,0.0,-0.482803364193296,0.0,4
39079,0,0,0.13148762227883168,0.0009019844014459678,700.0,-0.5552186655992074,0,16.0,0,2.0,-1.0942298521536507,-1.2489327374304717,-0.13107973067417975,0.0,0.0,-0.482803364193296,0.0,4
39080,1,1,0.09136753976063318,0.02014401255588279,0.0,-1.446214154747805,0,0.0,0,2.0,-1.20715428718633,-0.5419327063522275,-0.13107973067417975,0.0,0.0,-0.482803364193296,0.0,4
39081,0,0,0.08577880123395203,0.4725555378226241,0.0,-1.149215658364939,0,23.0,0,2.0,0.7125611083692208,1.1077340328303422,-0.13107973067417975,0.0,0.0,-0.482803364193296,0.0,4
39082,0,0,0.10053835033987489,0.4276245456489203,0.0,-0.5552186655992074,0,42.0,0,2.0,0.2608633682385029,1.3434007098564238,-0.13107973067417975,0.0,0.0,-0.482803364193296,0.0,4
39083,0,1,0.11776075554835196,0.6668000266720011,0.0,-1.446214154747805,0,41.0,0,2.0,-0.6425321120229327,0.4007340017520981,-0.13107973067417975,0.0,0.0,-0.482803364193296,0.0,4
39084,0,0,0.061088991441237715,0.0,0.0,0.3357768235493901,0,41.0,0,2.0,2.180578763794054,-1.2489327374304717,-0.13107973067417975,0.0,0.0,-0.482803364193296,0.0,4
39087,1,1,0.04776923545585804,0.36392526261224595,900.0,-1.149215658364939,0,41.0,0,2.0,2.180578763794054,-0.3062660293261461,-0.13107973067417975,0.0,0.0,-0.482803364193296,0.0,4
39088,0,0,0.14416643540023855,0.1970831690973591,1950.0,-1.149215658364939,0,26.0,0,2.0,-0.7554565470556122,1.5790673868825051,-0.13107973067417975,0.0,0.0,-0.482803364193296,0.0,4
39089,0,0,0.06151899968459513,0.0,2600.0,-0.8522171619820733,0,26.0,0,2.0,1.8418054586960155,-0.3062660293261461,-0.13107973067417975,0.0,0.0,-0.482803364193296,0.0,4
39090,1,1,0.053371506768188005,1.127039942295555,0.0,-0.2582201692163416,0,25.0,0,2.0,0.5996366733365414,1.5790673868825051,-0.13107973067417975,0.0,0.0,-0.482803364193296,0.0,4
39091,1,0,0.03523758943203916,0.0,0.0,-0.2582201692163416,0,26.0,0,2.0,3.1968986790881693,-0.3062660293261461,-0.13107973067417975,0.0,0.0,-0.482803364193296,0.0,4
39092,0,0,0.047850769080154364,0.0,0.0,-1.446214154747805,0,22.0,0,2.0,2.8581253739901307,-0.5419327063522275,-0.13107973067417975,0.0,0.0,-0.482803364193296,0.0,4
39093,0,0,0.07366268980656171,1.1647545279832274,0.0,0.3357768235493901,0,42.0,0,2.0,1.1642588484999385,-0.07059935230006469,-0.13107973067417975,0.0,0.0,-0.482803364193296,0.0,4
39096,1,1,0.06448788792125747,0.612088752869166,0.0,-0.2582201692163416,0,26.0,0,2.0,-0.3037588069248943,-0.3062660293261461,-0.13107973067417975,0.0,0.0,-0.482803364193296,0.0,4
39101,0,0,0.0909189818886293,0.0,0.0,0.3357768235493901,0,26.0,0,2.0,0.48671223830386184,1.5790673868825051,-0.13107973067417975,0.0,0.0,-0.482803364193296,0.0,4
39103,1,1,0.10983333273187591,0.0847152481027816,1300.0,-0.2582201692163416,0,26.0,0,2.0,0.5996366733365414,1.5790673868825051,-0.13107973067417975,0.0,0.0,-0.482803364193296,0.0,4
39104,0,0,0.07872626558321884,0.0,0.0,-1.446214154747805,0,23.0,0,2.0,0.1479389332058235,0.8720673558042609,-0.13107973067417975,0.0,0.0,-0.482803364193296,0.0,4
39106,0,1,0.1243529663536318,0.08380543729677181,1000.0,-0.8522171619820733,0,26.0,0,2.0,-0.9813054171209711,0.1650673247260167,-0.13107973067417975,0.0,0.0,-0.482803364193296,0.0,4
39107,1,1,0.07293376114081297,0.0,1100.0,-0.5552186655992074,0,26.0,0,2.0,0.1479389332058235,-1.2489327374304717,-0.13107973067417975,0.0,0.0,-0.482803364193296,0.0,4
39108,1,1,0.10263295777504393,0.0,100.0,-0.8522171619820733,0,26.0,0,2.0,-1.0942298521536507,-1.2489327374304717,-0.13107973067417975,0.0,0.0,-0.482803364193296,0.0,4
39110,0,0,0.0689152290050447,0.0,50.0,-1.446214154747805,0,26.0,0,2.0,0.2608633682385029,-1.2489327374304717,-0.13107973067417975,0.0,0.0,-0.482803364193296,0.0,4
39111,1,1,0.09837895580875826,0.0599061690228622,1000.0,-0.2582201692163416,0,26.0,0,2.0,-0.6425321120229327,0.4007340017520981,-0.13107973067417975,0.0,0.0,-0.482803364193296,0.0,4
39114,0,0,0.08901307335509519,0.0,100.0,-0.8522171619820733,0,34.0,0,2.0,-0.6425321120229327,-1.2489327374304717,-0.13107973067417975,0.0,0.0,-0.482803364193296,0.0,4
39115,1,1,0.08406540277589507,0.0,950.0,-0.5552186655992074,0,16.0,0,2.0,-0.4166832419575738,-1.2489327374304717,-0.13107973067417975,0.0,0.0,-0.482803364193296,0.0,4
39116,0,0,0.0800540461543567,0.05296610958249354,1214.058,-0.5552186655992074,0,22.0,0,2.0,0.2608633682385029,0.1650673247260167,-0.13107973067417975,1.0,0.0,-0.482803364193296,0.0,4
39118,1,1,0.15101468976617385,0.01789136238996074,0.0,-1.149215658364939,0,21.0,0,2.0,-0.5296076769902532,-1.2489327374304717,-0.13107973067417975,0.0,0.0,-0.482803364193296,0.0,4
39120,0,0,0.09442487022318864,0.0,4046.86,-1.446214154747805,0,0.0,0,1.0,-1.0942298521536507,3.935734157143319,4.354559241556337,0.0,0.0,-0.482803364193296,0.0,4
39121,1,1,0.1327356274931551,0.0,500.0,0.03877832716652424,0,24.0,0,2.0,-0.8683809820882916,-0.7775993833783089,-0.13107973067417975,0.0,0.0,-0.482803364193296,0.0,4
39125,0,1,0.11666710074107083,0.0,900.0,-1.149215658364939,0,42.0,0,2.0,-0.1908343718922149,-0.3062660293261461,-0.13107973067417975,0.0,0.0,-0.482803364193296,0.0,4
39126,1,1,0.07710647678007058,0.0,100.0,-1.149215658364939,0,42.0,0,2.0,1.1642588484999385,-1.2489327374304717,-0.13107973067417975,0.0,0.0,-0.482803364193296,0.0,4
39127,0,0,0.09630835107341024,0.2115974344031265,4291.860000000001,0.03877832716652424,0,26.0,0,2.0,1.3901077185652975,0.4007340017520981,-0.13107973067417975,2.0,0.0,-0.482803364193296,0.0,4
39128,0,0,0.08948308596365594,0.6045638430219098,150.0,0.03877832716652424,0,26.0,0,2.0,0.2608633682385029,1.5790673868825051,-0.13107973067417975,0.0,0.0,-0.482803364193296,0.0,4
39130,0,0,0.11695235631412122,0.0,0.0,-0.2582201692163416,0,42.0,0,2.0,0.7125611083692208,2.286067417960749,-0.13107973067417975,0.0,0.0,-0.482803364193296,0.0,4
39132,1,1,0.06919395319947141,0.0,1300.0,0.3357768235493901,0,26.0,0,2.0,0.2608633682385029,-1.2489327374304717,-0.13107973067417975,0.0,0.0,-0.482803364193296,0.0,4
39133,1,1,0.11759331232117735,0.0,7689.034000000001,0.3357768235493901,0,25.0,0,2.0,0.3737878032711824,0.1650673247260167,-0.13107973067417975,0.0,0.0,-0.482803364193296,0.0,4
39135,1,1,0.09950627819840685,0.6250642743371781,100.0,-0.8522171619820733,0,23.0,0,2.0,-1.20715428718633,0.4007340017520981,-0.13107973067417975,0.0,0.0,-0.482803364193296,0.0,4
39136,0,0,0.05561391622923215,0.0,1650.0,-1.149215658364939,0,13.0,0,1.0,0.03501449817314403,0.1650673247260167,-0.13107973067417975,0.0,0.0,-0.482803364193296,0.0,4
39137,1,1,0.08050698246528089,1.5695635957918281,0.0,-0.2582201692163416,0,26.0,0,2.0,-0.1908343718922149,0.4007340017520981,-0.13107973067417975,0.0,0.0,-0.482803364193296,0.0,4
39138,1,1,0.14742833812918268,0.0,175.0,0.03877832716652424,0,26.0,0,2.0,-0.6425321120229327,0.1650673247260167,-0.13107973067417975,1.0,0.0,-0.482803364193296,0.0,4
39139,0,0,0.07893359614837918,0.019295334388144948,1450.0,0.3357768235493901,0,26.0,0,2.0,0.2608633682385029,0.1650673247260167,-0.13107973067417975,0.0,0.0,-0.482803364193296,0.0,4
39140,1,0,0.10389585111908779,0.042535668209934444,22140.58,0.3357768235493901,0,26.0,0,2.0,0.1479389332058235,0.4007340017520981,-0.13107973067417975,0.0,0.0,-0.482803364193296,0.0,4
39141,0,0,0.10169231382662258,0.04518752824220515,1000.0,-0.8522171619820733,1,25.0,0,2.0,0.2608633682385029,-0.07059935230006469,-0.13107973067417975,0.0,0.0,0.20908376212367072,0.0,4
39142,0,1,0.06163026575504519,0.0,150.0,-0.2582201692163416,0,24.0,0,2.0,0.1479389332058235,-1.2489327374304717,-0.13107973067417975,0.0,0.0,-0.482803364193296,0.0,4
39143,0,0,0.06162248946778367,0.0,0.0,-1.149215658364939,0,26.0,0,2.0,1.6159565886306564,-1.2489327374304717,-0.13107973067417975,2.0,0.0,-0.482803364193296,0.0,4
39144,1,1,0.1536675791683186,0.34080076557475636,250.0,-0.8522171619820733,0,23.0,0,2.0,-1.3200787222190096,0.1650673247260167,-0.13107973067417975,0.0,0.0,-0.482803364193296,0.0,4
39146,0,0,0.06643667127984933,0.20287620063711082,12140.58,-1.149215658364939,0,26.0,0,2.0,0.48671223830386184,0.1650673247260167,-0.13107973067417975,1.0,0.0,-0.482803364193296,0.0,4
39149,1,1,0.0734208544206014,0.0,100.0,-0.2582201692163416,0,26.0,0,2.0,-0.07790993685953543,-1.2489327374304717,-0.13107973067417975,0.0,0.0,-0.482803364193296,0.0,4
39150,0,0,0.05837334271437125,1.5118681650960035,1500.0,0.3357768235493901,0,26.0,0,2.0,-0.9813054171209711,0.1650673247260167,-0.13107973067417975,0.0,0.0,-0.482803364193296,0.0,4
39151,1,1,0.06069775004251728,0.2868507611106862,7284.348,-0.2582201692163416,0,26.0,0,1.0,0.5996366733365414,0.6364006787781795,-0.13107973067417975,0.0,0.0,-0.482803364193296,0.0,4
39152,1,1,0.05478619074006052,0.0,930.0,0.3357768235493901,0,26.0,0,2.0,0.5996366733365414,-1.2489327374304717,-0.13107973067417975,0.0,0.0,-0.482803364193296,0.0,4
39155,1,1,0.10923412677660815,0.25767882910740053,60000.0,-0.2582201692163416,0,25.0,0,2.0,-0.7554565470556122,0.1650673247260167,-0.13107973067417975,0.0,0.0,-0.482803364193296,0.0,4
39156,0,0,0.09133062154754333,0.0,225.0,-0.5552186655992074,0,26.0,0,2.0,0.3737878032711824,-0.07059935230006469,-0.13107973067417975,0.0,0.0,-0.482803364193296,0.0,4
39157,1,1,0.07346446135000013,0.0,0.0,-0.2582201692163416,0,26.0,0,2.0,-0.4166832419575738,-1.2489327374304717,-0.13107973067417975,0.0,0.0,-0.482803364193296,0.0,4
39159,1,1,0.11053445569245109,0.27212118463422375,850.0,-0.8522171619820733,0,16.0,0,2.0,-0.1908343718922149,1.3434007098564238,-0.13107973067417975,0.0,0.0,-0.482803364193296,0.0,4
39160,0,0,0.03963509152996236,0.0,0.0,0.9297738163151218,0,34.0,0,0.0,0.5996366733365414,0.8720673558042609,-0.13107973067417975,0.0,0.0,-0.482803364193296,0.0,4
39162,1,1,0.058153908672499595,0.0,4856.232,-0.5552186655992074,0,25.0,0,2.0,0.1479389332058235,-1.2489327374304717,-0.13107973067417975,0.0,0.0,-0.482803364193296,0.0,4
39166,0,0,0.061988815855955066,0.11192150571732358,100.0,-0.8522171619820733,0,22.0,0,1.0,0.03501449817314403,0.8720673558042609,-0.13107973067417975,0.0,0.0,-0.482803364193296,0.0,4
39167,0,0,0.02806389961614257,0.0,0.0,-0.2582201692163416,0,25.0,0,0.0,0.48671223830386184,-0.07059935230006469,-0.13107973067417975,0.0,0.0,-0.482803364193296,0.0,4
39170,0,0,0.08286300517222152,0.12803308203675465,0.0,-0.8522171619820733,0,26.0,1,2.0,2.0676543287613747,0.8720673558042609,-0.13107973067417975,0.0,0.0,-0.482803364193296,0.0,4
39171,0,0,0.09102407447592319,0.12896086570751975,1650.0,0.3357768235493901,0,26.0,0,2.0,0.7125611083692208,1.1077340328303422,-0.13107973067417975,0.0,0.0,-0.482803364193296,0.0,4
39174,0,0,0.10588872786321533,0.10515509423658592,0.0,-0.2582201692163416,0,24.0,0,2.0,1.503032153597977,2.5217340949868303,-0.13107973067417975,0.0,0.0,-0.482803364193296,0.0,4
39175,0,0,0.10595625970532248,0.44566038056763474,1000.0,-0.5552186655992074,0,24.0,0,2.0,-0.7554565470556122,0.1650673247260167,-0.13107973067417975,0.0,0.0,-0.482803364193296,0.0,4
39176,1,0,0.07740661506726092,0.07175612462298807,0.0,-0.2582201692163416,0,22.0,0,2.0,0.2608633682385029,-0.5419327063522275,-0.13107973067417975,1.0,0.0,-0.482803364193296,0.0,4
39177,0,0,0.0507215503255782,0.7596090545399301,0.0,0.3357768235493901,0,21.0,0,2.0,0.7125611083692208,-0.5419327063522275,-0.13107973067417975,0.0,0.0,-0.482803364193296,0.0,4
39186,0,0,0.07077731903155032,1.205254911413764,2700.0,-0.2582201692163416,1,42.0,0,2.0,1.1642588484999385,0.6364006787781795,-0.13107973067417975,0.0,0.0,0.555027325282154,0.0,4
39187,0,0,0.0806202614878656,0.0,7000.0,-0.5552186655992074,0,26.0,0,2.0,0.48671223830386184,0.4007340017520981,-0.13107973067417975,0.0,0.0,-0.482803364193296,0.0,4
39188,0,0,0.06681490410512701,0.0,7100.0,-1.446214154747805,0,0.0,0,1.0,-0.8683809820882916,-1.2489327374304717,-0.13107973067417975,0.0,0.0,-0.482803364193296,0.0,4
39190,0,0,0.10173981719612736,0.043802014892685065,0.0,-1.446214154747805,0,16.0,0,2.0,-1.0942298521536507,-0.3062660293261461,-0.13107973067417975,0.0,0.0,-0.482803364193296,0.0,4
39193,0,0,0.07029575598739317,0.6994572211963516,0.0,-1.446214154747805,0,12.0,0,2.0,-0.1908343718922149,-0.3062660293261461,-0.13107973067417975,0.0,0.0,-0.482803364193296,0.0,4
40171,1,0,0.16017048999143163,0.055717756134524954,897.48,-0.2582201692163416,0,26.0,0,1.0,0.03501449817314403,-1.2489327374304717,-0.13107973067417975,0.0,0.0,-0.482803364193296,0.0,3
40174,0,0,0.15411204185655977,0.022964270185074354,1381.34,0.03877832716652424,1,26.0,0,2.0,2.0676543287613747,-0.3062660293261461,-0.13107973067417975,0.0,0.0,0.20908376212367072,0.0,3
40176,0,1,0.1727142730410285,0.038109756097560975,3280.0,-0.2582201692163416,1,26.0,0,0.0,0.7125611083692208,-1.2489327374304717,-0.13107973067417975,0.0,0.0,5.070594060833525,0.0,3
40178,0,2,0.43052090189275133,0.09562780264285957,0.0,0.3357768235493901,0,26.0,0,2.0,-0.7554565470556122,0.1650673247260167,-0.13107973067417975,0.0,0.0,-0.482803364193296,0.0,3
40180,0,0,0.23734170436636148,0.17335157696322726,1389.16,0.3357768235493901,1,34.0,0,2.0,-0.5296076769902532,-1.2489327374304717,-0.13107973067417975,0.0,3.0,0.20908376212367072,0.0,3
40202,1,2,0.3748436123208958,0.009282637754344274,0.0,0.03877832716652424,0,26.0,0,2.0,0.5996366733365414,-1.2489327374304717,-0.13107973067417975,0.0,0.0,-0.482803364193296,0.0,3
40203,0,0,0.23471165215920062,0.30572064470369553,850.0,-0.8522171619820733,0,26.0,0,2.0,-0.6425321120229327,-1.2489327374304717,-0.13107973067417975,0.0,0.0,-0.482803364193296,0.0,3
40206,0,0,0.15136639268367058,0.015184409356744512,4007.8,-0.8522171619820733,0,26.0,0,2.0,0.2608633682385029,-1.2489327374304717,-0.13107973067417975,0.0,0.0,-0.482803364193296,0.0,3
40207,0,0,0.12669566290254977,0.8192090515213348,1911.6,-0.8522171619820733,0,26.0,0,2.0,-0.3037588069248943,-1.2489327374304717,-0.13107973067417975,0.0,0.0,-0.482803364193296,0.0,3
40208,0,0,0.16442671580000978,0.10421154535479928,2346.2200000000003,-0.2582201692163416,0,24.0,0,2.0,1.1642588484999385,0.4007340017520981,-0.13107973067417975,0.0,0.0,-0.482803364193296,0.0,3
40209,0,0,0.35675901417488176,0.13816658416086383,4710.27,-0.8522171619820733,1,26.0,0,2.0,-0.4166832419575738,0.4007340017520981,-0.13107973067417975,0.0,0.0,2.2847451410745707,0.0,3
49003,0,1,0.24011466459030126,0.0,4382.4,-1.446214154747805,0,34.0,0,2.0,-1.0942298521536507,-1.2489327374304717,-0.13107973067417975,0.0,0.0,1.2469144515991206,0.0,3
49004,0,2,0.4713714146744336,0.0700807613507017,0.0,-0.8522171619820733,0,16.0,0,2.0,-0.07790993685953543,-0.3062660293261461,-0.13107973067417975,0.0,0.0,0.9009708884406373,0.0,3
49005,0,0,0.11562220920702926,1.3714325266758554,444.18,1.8207693054637193,0,43.0,0,2.0,3.1968986790881693,-0.07059935230006469,-0.13107973067417975,0.0,0.0,-0.482803364193296,0.0,3
49006,0,0,0.26319115203006965,0.2947820237346931,500.0,-1.446214154747805,0,26.0,0,2.0,-0.6425321120229327,-0.3062660293261461,-0.13107973067417975,1.0,0.0,-0.482803364193296,0.0,3
49007,0,0,0.18544707369241317,0.06850009761654227,6118.240000000001,-1.149215658364939,1,26.0,0,2.0,-0.7554565470556122,-1.2489327374304717,-0.13107973067417975,0.0,0.0,-0.13685980103481263,0.0,3
49008,0,0,0.2078418005206589,0.1517480910114707,7834.82,-0.2582201692163416,1,24.0,0,2.0,0.2608633682385029,-1.2489327374304717,-0.13107973067417975,0.0,0.0,0.001517624228580711,0.0,3
49010,0,0,0.10565109359956397,0.043980258308616,11332.369999999999,0.6327753199322559,0,26.0,0,2.0,2.180578763794054,-1.2489327374304717,-0.13107973067417975,0.0,0.0,-0.482803364193296,0.0,3
49013,0,0,0.15209991493982122,0.12206900314898624,4863.360000000001,-1.149215658364939,1,16.0,0,2.0,0.9384099784345797,-1.2489327374304717,-0.13107973067417975,0.0,0.0,0.555027325282154,0.0,3
49018,0,2,0.44931174753466013,0.0,0.0,-0.5552186655992074,1,23.0,0,2.0,0.8254855434019003,-0.5419327063522275,-0.13107973067417975,0.0,3.0,0.20908376212367072,0.0,3
49019,0,0,0.21924818942794708,0.0072998903213971926,1124.3,0.03877832716652424,0,26.0,0,2.0,1.503032153597977,-0.07059935230006469,-0.13107973067417975,0.0,0.0,1.2469144515991206,0.0,3
49020,1,1,0.1683188378986006,0.0,4046.86,0.03877832716652424,0,26.0,0,2.0,-0.07790993685953543,-1.2489327374304717,-0.13107973067417975,0.0,0.0,-0.482803364193296,0.0,3
49023,0,0,0.15196022519716487,0.18883626668057807,1826.6499999999999,-0.2582201692163416,1,26.0,0,2.0,0.5996366733365414,-0.3062660293261461,-0.13107973067417975,0.0,0.0,0.07070633686027739,0.0,3
49024,1,1,0.178011723274852,0.0,352.87,-1.446214154747805,0,16.0,0,2.0,-0.4166832419575738,-1.2489327374304717,-0.13107973067417975,0.0,0.0,-0.482803364193296,0.0,3
49025,0,0,0.4125459003785967,0.017541631894991278,308.0,-0.8522171619820733,1,26.0,0,2.0,-0.8683809820882916,-0.07059935230006469,-0.13107973067417975,0.0,0.0,0.555027325282154,0.0,3
49026,1,1,0.2568811480401085,0.12431607748894408,464.93,-1.446214154747805,1,16.0,0,2.0,-0.3037588069248943,0.1650673247260167,-0.13107973067417975,0.0,0.0,0.07070633686027739,0.0,3
49027,0,0,0.13718920558706893,0.17396018132712396,0.0,-0.2582201692163416,1,26.0,0,0.0,0.48671223830386184,-1.2489327374304717,-0.13107973067417975,0.0,3.0,2.2847451410745707,0.0,3
49030,0,0,0.3081665885639976,0.08621144644718212,0.0,-1.149215658364939,1,26.0,0,2.0,0.1479389332058235,-1.2489327374304717,-0.13107973067417975,0.0,3.0,0.20908376212367072,0.0,3
49034,0,2,0.5327535254025586,0.029785544082605243,0.0,-0.8522171619820733,0,23.0,0,2.0,0.1479389332058235,-1.2489327374304717,-0.13107973067417975,0.0,0.0,-0.482803364193296,0.0,3
49035,0,2,0.48302494548999114,0.17340230346596805,0.0,0.3357768235493901,1,26.0,0,2.0,1.6159565886306564,0.8720673558042609,-0.13107973067417975,0.0,0.0,1.2469144515991206,0.0,3
49037,0,0,0.13604554983216696,0.9643821525009645,155.0,0.6327753199322559,1,26.0,0,2.0,0.1479389332058235,-1.2489327374304717,-0.13107973067417975,0.0,3.0,0.20908376212367072,0.0,3
49038,0,2,0.38882924931208374,0.11448983330280271,1091.8,0.03877832716652424,1,26.0,0,2.0,-0.3037588069248943,0.6364006787781795,-0.13107973067417975,0.0,0.0,-0.13685980103481263,0.0,3
49039,0,0,0.3293909913541802,0.6111745643085715,586.21,-1.149215658364939,1,23.0,0,2.0,-0.7554565470556122,0.6364006787781795,-0.13107973067417975,0.0,0.0,0.001517624228580711,0.0,3
49040,0,0,0.12511984071984517,0.0,200.0,-1.149215658364939,1,26.0,0,2.0,3.561644604243726,-1.2489327374304717,-0.13107973067417975,0.0,0.0,-0.482803364193296,0.0,3
49043,0,0,0.24409870199984174,0.34618846500034617,150.0,0.3357768235493901,0,26.0,0,2.0,-0.1908343718922149,-0.3062660293261461,-0.13107973067417975,0.0,0.0,-0.482803364193296,0.0,3
49045,0,0,0.22197601303560133,0.349770847851709,2100.05,-1.149215658364939,1,26.0,0,2.0,0.8254855434019003,-0.07059935230006469,-0.13107973067417975,0.0,0.0,1.2469144515991206,0.0,3
49046,0,0,0.2861549033084955,0.32817452974946637,3000.0,-1.446214154747805,0,26.0,0,1.0,-0.7554565470556122,0.4007340017520981,-0.13107973067417975,0.0,0.0,0.34746118738706405,0.0,3
49070,0,0,0.20841972737897996,0.0,0.0,0.03877832716652424,0,26.0,0,2.0,0.1479389332058235,-1.2489327374304717,-0.13107973067417975,0.0,0.0,-0.482803364193296,0.0,3
49073,0,0,0.22243204258233937,0.0,0.0,-0.2582201692163416,1,26.0,1,2.0,2.2935031988267336,0.1650673247260167,-0.13107973067417975,0.0,0.0,0.20908376212367072,0.0,3
49085,1,1,0.26485154933195476,0.0,28.96,-0.8522171619820733,0,25.0,0,2.0,-0.8683809820882916,-1.2489327374304717,-0.13107973067417975,0.0,0.0,-0.482803364193296,0.0,3
49086,0,0,0.2213422998478601,0.6364553202965914,124.92,-1.446214154747805,0,16.0,0,2.0,0.03501449817314403,-0.07059935230006469,-0.13107973067417975,0.0,0.0,-0.482803364193296,0.0,3
49088,0,0,0.1971937547446534,0.4891410682840931,500.0,-0.8522171619820733,0,42.0,0,2.0,-0.1908343718922149,-1.2489327374304717,-0.13107973067417975,0.0,0.0,-0.482803364193296,0.0,3
49090,0,0,0.11653354838131975,0.42666970076231653,175.78,0.03877832716652424,0,34.0,0,2.0,2.8581253739901307,-1.2489327374304717,-0.13107973067417975,0.0,0.0,-0.482803364193296,0.0,3
49091,0,0,0.2082670046303351,0.0,0.0,-0.2582201692163416,0,26.0,0,2.0,0.5996366733365414,-1.2489327374304717,-0.13107973067417975,0.0,0.0,-0.482803364193296,0.0,3
49095,0,0,0.11581406841600546,0.0,1746.24,-0.8522171619820733,0,26.0,0,2.0,2.406427633859413,-1.2489327374304717,-0.13107973067417975,0.0,0.0,-0.482803364193296,0.0,3
49100,0,0,0.15957720589560634,0.0,500.0,-1.149215658364939,0,16.0,0,2.0,-0.5296076769902532,-1.2489327374304717,-0.13107973067417975,0.0,0.0,-0.482803364193296,0.0,3
49102,0,2,0.5516999418612928,0.08227176284081364,0.0,-0.5552186655992074,1,26.0,0,2.0,-0.4166832419575738,-0.07059935230006469,-0.13107973067417975,0.0,0.0,1.5928580147576041,0.0,3
49104,0,0,0.19525706006896218,0.1939906879803007,0.0,0.03877832716652424,1,26.0,0,2.0,1.051334413467259,-1.2489327374304717,-0.13107973067417975,0.0,3.0,0.20908376212367072,0.0,3
49108,0,0,0.26852609851742376,0.05334702909465076,374.81,-0.2582201692163416,0,41.0,0,2.0,0.48671223830386184,-1.2489327374304717,-0.13107973067417975,0.0,0.0,-0.482803364193296,0.0,3
49111,0,0,0.32269107254435686,0.3459541622171327,1147.04,-0.5552186655992074,1,41.0,0,2.0,-0.4166832419575738,0.6364006787781795,-0.13107973067417975,0.0,0.0,1.2469144515991206,0.0,3
49112,0,2,0.47667790298046503,0.28028805521680994,0.0,-0.8522171619820733,0,43.0,0,2.0,1.503032153597977,-1.2489327374304717,-0.13107973067417975,0.0,0.0,-0.482803364193296,0.0,3
49113,0,0,0.09353148270099422,0.06643670171067341,3538.41,0.6327753199322559,1,26.0,0,2.0,3.3098231141208485,-1.2489327374304717,-0.13107973067417975,1.0,0.0,0.20908376212367072,0.0,3
49114,0,0,0.14866599296983088,0.03644349926979807,1000.0,0.03877832716652424,1,27.0,0,2.0,1.6159565886306564,-0.07059935230006469,-0.13107973067417975,0.0,0.0,0.9009708884406373,0.0,3
49126,0,2,0.48185853635144466,0.06737598506333922,0.0,-0.8522171619820733,0,26.0,0,2.0,-0.1908343718922149,-1.2489327374304717,-0.13107973067417975,0.0,0.0,-0.482803364193296,0.0,3
49129,0,0,0.235408254753989,0.01717557251908397,1048.0,0.6327753199322559,0,42.0,0,2.0,0.03501449817314403,-1.2489327374304717,-0.13107973067417975,0.0,0.0,-0.482803364193296,0.0,3
49130,0,0,0.16556644491975595,1.1718419700571368,13255.7,1.5237708090808535,1,41.0,0,2.0,1.277183283532618,-0.5419327063522275,-0.13107973067417975,0.0,0.2,1.5928580147576041,0.0,3
49131,0,0,0.28792023957116936,0.6374060789668388,0.0,0.3357768235493901,1,23.0,0,2.0,0.03501449817314403,-1.2489327374304717,-0.13107973067417975,1.0,0.2,2.9766322673915373,0.0,3
49132,0,0,0.09212129749891991,0.12041744715012041,200.0,-1.149215658364939,0,16.0,0,2.0,3.561644604243726,-1.2489327374304717,-0.13107973067417975,0.0,0.0,-0.482803364193296,0.0,3
49133,0,0,0.24807353970061605,0.2298025536750408,1600.0,0.9297738163151218,1,26.0,0,2.0,3.561644604243726,-1.2489327374304717,-0.13107973067417975,0.0,2.0,2.2847451410745707,0.0,3
49136,0,0,0.21083487398145814,0.40972354912181896,6658.2,-0.5552186655992074,1,26.0,1,2.0,0.03501449817314403,-1.2489327374304717,-0.13107973067417975,1.0,2.1666666666666665,2.9766322673915373,0.0,3
49137,0,0,0.35966898294124877,0.37076179862772185,5035.030000000001,0.6327753199322559,1,43.0,0,2.0,-0.8683809820882916,-1.2489327374304717,-0.13107973067417975,1.0,2.0,2.9766322673915373,0.0,3
50001,1,1,0.07559651631313173,0.04128413805948877,100.0,-0.5552186655992074,1,34.0,0,2.0,0.7125611083692208,0.4007340017520981,-0.13107973067417975,0.0,3.0,-0.482803364193296,0.0,1
50002,0,1,0.11132313793447195,0.6172377694283779,40.0,0.9297738163151218,1,23.0,0,2.0,-0.4166832419575738,0.8720673558042609,-0.13107973067417975,0.0,2.1666666666666665,-0.482803364193296,0.0,1
50003,0,1,0.11347457746942309,0.31213194956733387,80.0,0.9297738163151218,1,26.0,0,2.0,-0.1908343718922149,0.4007340017520981,-0.13107973067417975,0.0,3.0,-0.482803364193296,0.0,1
50004,0,0,0.15569001318319722,0.07234327504774193,4046.86,0.3357768235493901,1,26.0,0,2.0,0.3737878032711824,0.6364006787781795,-0.13107973067417975,1.0,0.2,0.34746118738706405,0.0,1
50005,0,0,0.14526244050307446,0.8292469626953392,110.0,1.5237708090808535,1,52.0,0,2.0,0.48671223830386184,0.4007340017520981,-0.13107973067417975,0.0,2.0,0.555027325282154,0.0,1
50006,0,0,0.26606457054238747,0.17765270420428025,100.0,1.5237708090808535,1,26.0,0,2.0,1.8418054586960155,0.4007340017520981,-0.13107973067417975,0.0,0.0,2.9766322673915373,0.0,1
50007,0,0,0.13784645324033817,0.059956551418246545,0.0,0.3357768235493901,1,26.0,0,2.0,-0.07790993685953543,-0.3062660293261461,-0.13107973067417975,0.0,0.0,0.20908376212367072,0.0,1
50008,0,0,0.1188748131742859,0.036629515399476724,100.0,0.6327753199322559,1,26.0,0,2.0,0.03501449817314403,0.4007340017520981,-0.13107973067417975,0.0,0.75,-0.482803364193296,0.0,1
50009,1,1,0.10471954768026653,0.06473594644840276,50000.0,2.711764794612317,1,31.0,0,2.0,0.7125611083692208,-0.3062660293261461,-0.13107973067417975,0.0,3.0,-0.482803364193296,0.0,1
50031,0,1,0.18818823604620136,0.2005984440344066,5050.0,0.6327753199322559,0,51.0,1,2.0,-0.6425321120229327,0.8720673558042609,-0.13107973067417975,0.0,0.0,-0.482803364193296,0.0,1
50032,1,1,0.10262932275465271,0.054708015505814674,50.0,-0.8522171619820733,1,51.0,0,2.0,-0.5296076769902532,-0.3062660293261461,-0.13107973067417975,0.0,3.0,-0.482803364193296,0.0,1
50033,0,0,0.13599796513955295,0.6454163466695274,22140.58,-0.5552186655992074,1,51.0,1,2.0,-0.07790993685953543,1.1077340328303422,-0.13107973067417975,0.0,1.0,-0.482803364193296,0.0,1
50034,1,1,0.06544920992000182,0.21930786438001665,10000.0,2.711764794612317,1,51.0,0,1.0,0.03501449817314403,-0.3062660293261461,-0.13107973067417975,0.0,3.0,-0.482803364193296,0.0,1
50035,0,0,0.06730335906992181,0.32156171709302556,24096.86,1.5237708090808535,0,0.0,0,1.0,0.3737878032711824,-1.2489327374304717,-0.13107973067417975,0.0,3.0,-0.482803364193296,0.0,1
50036,0,0,0.18344407068743615,0.26417024558736957,24046.86,0.03877832716652424,1,61.0,0,2.0,0.3737878032711824,1.3434007098564238,-0.13107973067417975,0.0,0.0,0.20908376212367072,0.0,1
50037,1,1,0.20695949622809687,0.09386969575618301,0.0,0.03877832716652424,1,51.0,0,2.0,-0.7554565470556122,0.4007340017520981,-0.13107973067417975,0.0,2.0,-0.482803364193296,0.0,1
50038,0,0,0.06803669183806699,0.1643996015129097,28133.72,0.3357768235493901,0,51.0,0,0.0,-0.5296076769902532,-1.2489327374304717,-0.13107973067417975,0.0,3.0,-0.482803364193296,0.0,1
50039,1,1,0.16604733097788224,0.051401385696049795,48193.72,0.03877832716652424,0,51.0,0,2.0,-0.07790993685953543,0.6364006787781795,-0.13107973067417975,0.0,0.0,-0.2060485136665093,0.0,1
50040,0,0,0.0681552559942036,0.20384355313381974,50.0,2.1177678018465853,1,51.0,0,1.0,2.7452009389574514,0.8720673558042609,-0.13107973067417975,0.0,0.0,0.20908376212367072,0.0,1
50051,0,0,0.12445865264114792,0.06292226304616362,10000.0,-0.5552186655992074,1,52.0,0,2.0,-0.1908343718922149,-0.07059935230006469,-0.13107973067417975,0.0,3.0,-0.482803364193296,0.0,1
50052,0,1,0.1571961340538923,0.09806805923310778,400.0,-0.5552186655992074,0,51.0,0,2.0,-0.7554565470556122,0.4007340017520981,-0.13107973067417975,0.0,0.0,-0.482803364193296,0.0,1
50053,1,1,0.1861250483504874,0.04366262301457898,0.0,1.2267723126979877,1,51.0,0,2.0,-0.4166832419575738,0.6364006787781795,-0.13107973067417975,0.0,0.0,0.20908376212367072,0.0,1
50054,0,0,0.2099391354344902,0.17462360752401634,8093.72,1.8207693054637193,0,51.0,0,2.0,-0.1908343718922149,0.4007340017520981,-0.13107973067417975,0.0,0.0,-0.06767108840311596,0.0,1
50055,1,1,0.16650760311148952,0.17773414089826156,0.0,0.9297738163151218,1,51.0,0,2.0,0.03501449817314403,0.6364006787781795,-0.13107973067417975,0.0,0.0,0.20908376212367072,0.0,1
50056,0,0,0.19237641919928647,0.23507823121823682,100.0,-0.2582201692163416,1,52.0,0,2.0,-0.6425321120229327,0.4007340017520981,-0.13107973067417975,0.0,0.0,-0.482803364193296,0.0,1
50057,1,1,0.23703427535295765,0.03498933655316169,0.0,0.3357768235493901,1,51.0,0,2.0,-0.8683809820882916,0.4007340017520981,-0.13107973067417975,0.0,0.0,0.555027325282154,0.0,1
50058,0,0,0.08891129131359599,0.1828291911134668,100.0,-0.2582201692163416,1,52.0,0,2.0,0.3737878032711824,-1.2489327374304717,-0.13107973067417975,0.0,3.0,-0.482803364193296,0.0,1
50059,0,0,0.12356920608017978,0.7265241872010656,0.0,3.3057617873780485,1,51.0,0,2.0,0.48671223830386184,0.6364006787781795,-0.13107973067417975,0.0,0.0,0.20908376212367072,0.0,1
50060,0,0,0.12321113750771569,0.0881896430083251,0.0,-0.5552186655992074,1,52.0,0,2.0,-0.8683809820882916,-1.2489327374304717,-0.13107973067417975,0.0,3.0,-0.482803364193296,0.0,1
50091,1,1,0.0847761126947727,0.047567348247406736,200.0,1.5237708090808535,1,51.0,1,2.0,2.406427633859413,0.1650673247260167,-0.13107973067417975,0.0,3.0,-0.13685980103481263,0.0,1
50092,0,0,0.10245057310133003,0.02436770902889024,0.0,-0.5552186655992074,1,52.0,0,2.0,0.3737878032711824,0.1650673247260167,-0.13107973067417975,0.0,3.0,-0.482803364193296,0.0,1
50093,0,0,0.15414822850481777,0.1988466892026248,0.0,0.3357768235493901,1,51.0,0,2.0,0.3737878032711824,0.4007340017520981,-0.13107973067417975,0.0,0.0,0.20908376212367072,0.0,1
50094,1,1,0.09670888594030445,0.14022219825261567,0.0,0.03877832716652424,1,51.0,0,2.0,-0.1908343718922149,-0.07059935230006469,-0.13107973067417975,0.0,3.0,-0.482803364193296,0.0,1
50095,0,0,0.1476565082799075,0.10332017108116404,0.0,0.6327753199322559,1,51.0,1,2.0,0.9384099784345797,0.4007340017520981,-0.13107973067417975,0.0,0.0,0.20908376212367072,0.0,1
50096,0,1,0.17223451138577098,0.13990797164531774,10000.0,-1.149215658364939,0,51.0,0,2.0,-0.9813054171209711,0.4007340017520981,-0.13107973067417975,0.0,0.0,-0.482803364193296,0.0,1
50097,0,0,0.15543393865403793,0.016579249098612567,0.0,-0.2582201692163416,1,52.0,0,2.0,-0.7554565470556122,-0.07059935230006469,-0.13107973067417975,0.0,3.0,-0.482803364193296,0.0,1
50098,0,0,0.16440507233911397,0.016240093542938806,100.0,-1.149215658364939,1,51.0,0,1.0,-0.8683809820882916,-0.5419327063522275,-0.13107973067417975,0.0,0.0,-0.2060485136665093,0.0,1
50099,0,0,0.17664947811628284,0.06344705753211628,10000.0,0.3357768235493901,1,51.0,0,2.0,0.03501449817314403,0.4007340017520981,-0.13107973067417975,0.0,0.0,0.20908376212367072,0.0,1
50100,0,0,0.09039451932458835,0.024942669498426922,0.0,-0.2582201692163416,1,52.0,0,2.0,0.7125611083692208,-0.07059935230006469,-0.13107973067417975,0.0,3.0,-0.482803364193296,0.0,1
50131,1,1,0.1201567387833991,0.0952192456586183,0.0,1.8207693054637193,1,51.0,0,2.0,-0.3037588069248943,0.6364006787781795,-0.13107973067417975,0.0,3.0,-0.482803364193296,0.0,1
50132,0,1,0.12717736350130318,0.1101594558122883,0.0,-0.5552186655992074,0,51.0,0,2.0,-0.07790993685953543,0.4007340017520981,-0.13107973067417975,0.0,0.0,-0.482803364193296,0.0,1
50133,0,0,0.10383868694577292,0.29927468700250054,70.0,0.3357768235493901,1,52.0,0,2.0,0.8254855434019003,-0.07059935230006469,-0.13107973067417975,0.0,2.0,-0.482803364193296,0.0,1
50134,1,1,0.1608850145811683,0.019759762882845405,0.0,-0.2582201692163416,0,51.0,0,2.0,0.2608633682385029,0.6364006787781795,-0.13107973067417975,0.0,0.0,-0.482803364193296,0.0,1
50135,1,1,0.12957167696905267,0.024929683053810287,0.0,0.03877832716652424,0,16.0,0,2.0,-0.6425321120229327,0.6364006787781795,-0.13107973067417975,0.0,0.0,-0.482803364193296,0.0,1
50136,0,0,0.18923393048774673,0.3488066763836502,200.0,3.0087632909951827,1,51.0,0,2.0,1.954729893728695,0.4007340017520981,-0.13107973067417975,0.0,0.0,2.2847451410745707,0.0,1
50137,0,0,0.17356155879694382,0.05818102062554581,0.0,0.3357768235493901,1,52.0,0,2.0,-0.1908343718922149,-0.3062660293261461,-0.13107973067417975,0.0,0.0,-0.482803364193296,0.0,1
50138,0,0,0.21637462139180785,0.13984909973471063,0.0,1.2267723126979877,1,51.0,0,2.0,0.2608633682385029,0.4007340017520981,-0.13107973067417975,0.0,0.0,1.5928580147576041,0.0,1
50139,0,0,0.10974950365424123,0.12471230183266539,60.0,-0.5552186655992074,1,52.0,0,2.0,1.1642588484999385,-1.2489327374304717,-0.13107973067417975,0.0,0.0,0.20908376212367072,0.0,1
50140,0,2,0.45342103770519926,0.0,60000.0,0.6327753199322559,1,32.0,1,0.0,-0.8683809820882916,0.1650673247260167,-0.13107973067417975,0.0,0.0,0.555027325282154,0.0,0
50151,0,0,0.17823691883852866,0.3571428571428571,0.0,-0.2582201692163416,1,52.0,0,2.0,-0.8683809820882916,-0.07059935230006469,-0.13107973067417975,0.0,0.0,-0.482803364193296,0.0,1
50152,0,0,0.1025561724034763,0.08884158263574238,60.0,1.2267723126979877,1,52.0,0,2.0,0.9384099784345797,-0.07059935230006469,-0.13107973067417975,0.0,2.0,-0.482803364193296,0.0,1
50153,0,0,0.1252590358056929,0.05601918022960948,0.0,-0.5552186655992074,1,52.0,0,2.0,-0.5296076769902532,-0.07059935230006469,-0.13107973067417975,0.0,3.0,-0.482803364193296,0.0,1
50154,0,0,0.12706612856166485,0.0471669944901214,0.0,0.03877832716652424,1,26.0,0,2.0,-0.5296076769902532,-0.3062660293261461,-0.13107973067417975,0.0,0.0,-0.482803364193296,0.0,1
50155,0,0,0.14879769513620736,0.29024475798116606,0.0,2.711764794612317,1,51.0,0,2.0,0.2608633682385029,0.4007340017520981,-0.13107973067417975,0.0,0.0,0.20908376212367072,0.0,1
50156,1,1,0.12194120801217502,0.04834773016259571,0.0,-0.5552186655992074,1,51.0,0,2.0,0.03501449817314403,0.1650673247260167,-0.13107973067417975,0.0,1.5,-0.482803364193296,0.0,1
50157,0,0,0.10757132808862944,0.14655613222503222,50.0,1.5237708090808535,1,51.0,0,2.0,2.0676543287613747,0.4007340017520981,-0.13107973067417975,0.0,0.0,-0.27523722629820596,0.0,1
50158,1,1,0.07984280052203253,0.03757703291748084,0.0,-0.5552186655992074,1,0.0,0,2.0,-0.9813054171209711,0.4007340017520981,-0.13107973067417975,0.0,3.0,-0.482803364193296,0.0,1
50159,0,0,0.07729280322559452,0.27367119744505536,100.0,3.3057617873780485,1,51.0,0,2.0,3.561644604243726,0.4007340017520981,-0.13107973067417975,0.0,0.0,-0.2060485136665093,0.0,1
50160,1,1,0.1120511243556938,0.12173284738536483,0.0,-0.8522171619820733,1,22.0,0,2.0,-0.8683809820882916,0.6364006787781795,-0.13107973067417975,0.0,2.0,-0.482803364193296,0.0,1
50161,1,1,0.16200134127294122,0.01905168206379589,100.0,3.3057617873780485,1,51.0,0,2.0,0.48671223830386184,3.935734157143319,-0.13107973067417975,0.0,0.0,0.555027325282154,1.0,1
50162,0,0,0.20116681014564075,0.06055454828875029,100.0,3.3057617873780485,1,16.0,0,2.0,0.1479389332058235,3.2287341260650746,-0.13107973067417975,1.0,0.6,0.555027325282154,0.0,1
50163,1,1,0.0859111492883648,0.05755185763369943,100.0,-1.149215658364939,1,0.0,0,2.0,-0.9813054171209711,0.4007340017520981,-0.13107973067417975,0.0,3.0,-0.482803364193296,0.0,1
50164,0,0,0.06482216464625334,0.03862748918073801,200.0,1.5237708090808535,1,52.0,0,0.0,1.1642588484999385,1.8147340639085865,-0.13107973067417975,0.0,0.0,-0.482803364193296,0.0,1
50165,1,1,0.14853625769348341,0.030404181659504585,150.0,-0.5552186655992074,1,0.0,0,2.0,-0.5296076769902532,2.0504007409346676,-0.13107973067417975,0.0,0.0,0.34746118738706405,0.0,1
50166,1,1,0.1242628644722701,0.012424609271484992,100.0,2.1177678018465853,1,51.0,0,2.0,1.277183283532618,0.6364006787781795,-0.13107973067417975,0.0,0.0,-0.482803364193296,0.0,1
50167,1,1,0.14981760259053684,0.059197411091313525,100.0,0.9297738163151218,1,51.0,0,2.0,-0.07790993685953543,0.6364006787781795,-0.13107973067417975,0.0,0.0,-0.482803364193296,0.0,1
50168,0,0,0.07483866562449291,0.019640535620763653,50.0,1.5237708090808535,1,51.0,0,0.0,0.2608633682385029,0.8720673558042609,-0.13107973067417975,0.0,0.0,-0.482803364193296,0.0,1
50169,0,0,0.2935526484078485,0.026841085090959567,70.0,1.2267723126979877,1,52.0,0,2.0,0.48671223830386184,-1.2489327374304717,-0.13107973067417975,0.0,0.0,5.070594060833525,0.0,1
50170,0,1,0.1918742279042165,0.03329198872343524,50.0,0.3357768235493901,1,51.0,1,2.0,-0.3037588069248943,0.8720673558042609,-0.13107973067417975,0.0,1.5,-0.482803364193296,0.0,1
59009,0,0,0.08283780304317173,0.15710623314637592,350.0,0.03877832716652424,1,42.0,0,2.0,3.561644604243726,-0.07059935230006469,-0.13107973067417975,0.0,0.0,-0.482803364193296,0.0,1
59010,1,1,0.16339231838386511,0.11368013555932083,100.0,-0.8522171619820733,1,42.0,0,2.0,0.7125611083692208,0.1650673247260167,-0.13107973067417975,0.0,0.0,-0.482803364193296,0.0,1
59012,1,1,0.09198124227301484,0.038081094650547216,0.0,-0.2582201692163416,0,26.0,0,2.0,0.1479389332058235,0.8720673558042609,-0.13107973067417975,0.0,3.0,-0.482803364193296,0.0,1
59013,0,0,0.4251600514103724,0.0725088046405635,8093.72,0.3357768235493901,1,23.0,1,2.0,-0.5296076769902532,1.1077340328303422,-0.13107973067417975,0.0,0.0,-0.06767108840311596,0.0,2
59014,0,1,0.19364281625362093,0.026950026950026948,0.0,-0.8522171619820733,0,61.0,0,2.0,-0.7554565470556122,0.4007340017520981,-0.13107973067417975,0.0,0.0,-0.482803364193296,0.0,1
59015,0,0,0.13902273964904016,0.14629932700193027,100.0,-0.2582201692163416,0,61.0,0,2.0,0.1479389332058235,0.4007340017520981,-0.13107973067417975,0.0,0.0,-0.482803364193296,0.0,1
59016,0,0,0.10047606325549159,0.8042793640648631,10000.0,0.03877832716652424,1,41.0,0,2.0,0.7125611083692208,0.1650673247260167,-0.13107973067417975,0.0,1.5,-0.482803364193296,0.0,1
59017,1,1,0.13089442649145,0.040191736019576055,50.0,-0.8522171619820733,1,0.0,0,2.0,-0.7554565470556122,-0.3062660293261461,-0.13107973067417975,0.0,0.0,0.20908376212367072,0.0,1
59018,0,0,0.08908843633096326,0.0578979284545084,0.0,0.3357768235493901,1,26.0,0,2.0,0.2608633682385029,-0.3062660293261461,-0.13107973067417975,0.0,3.0,-0.482803364193296,0.0,1
59021,1,1,0.10337333269908251,0.06386282037757993,30234.300000000003,-0.2582201692163416,1,26.0,0,2.0,0.3737878032711824,0.4007340017520981,-0.13107973067417975,0.0,0.0,-0.482803364193296,0.0,1
59022,1,1,0.13704040716240004,0.08107067436301435,100.0,0.9297738163151218,0,16.0,0,2.0,-0.3037588069248943,-0.07059935230006469,-0.13107973067417975,0.0,0.0,-0.482803364193296,0.0,1
59023,0,0,0.14775064379291772,0.05925506292839261,4046.86,-0.2582201692163416,0,26.0,0,2.0,-0.3037588069248943,0.4007340017520981,-0.13107973067417975,0.0,0.0,-0.482803364193296,0.0,1
59024,0,1,0.12210353670331404,0.3253334339818523,100.0,-0.5552186655992074,1,26.0,0,2.0,-0.07790993685953543,-0.07059935230006469,-0.13107973067417975,0.0,3.0,0.20908376212367072,0.0,1
59025,1,0,0.08515367328101466,0.01713205844028977,100.0,1.5237708090808535,1,61.0,0,0.0,0.2608633682385029,1.3434007098564238,-0.13107973067417975,0.0,0.0,-0.482803364193296,0.0,1
59026,1,1,0.07651241800644425,0.01694743710849115,80.0,1.2267723126979877,1,42.0,0,0.0,-0.1908343718922149,1.1077340328303422,-0.13107973067417975,0.0,0.0,-0.482803364193296,0.0,1
59027,1,1,0.11966271857636578,0.015829021143446698,100.0,0.3357768235493901,1,51.0,0,2.0,-0.1908343718922149,1.1077340328303422,-0.13107973067417975,0.0,3.0,-0.482803364193296,0.0,1
59028,1,1,0.12850893466093802,0.06557030251071155,50.0,1.8207693054637193,1,51.0,0,2.0,0.48671223830386184,0.8720673558042609,-0.13107973067417975,0.0,1.5,-0.482803364193296,0.0,1
59030,1,1,0.07613932187808564,0.04746109862180197,100.0,0.9297738163151218,1,61.0,0,0.0,0.8254855434019003,1.1077340328303422,-0.13107973067417975,0.0,0.0,-0.482803364193296,0.0,1
59031,1,1,0.10481337981258954,0.03513513327424213,100.0,0.6327753199322559,1,26.0,0,2.0,0.1479389332058235,1.3434007098564238,-0.13107973067417975,0.0,1.5,-0.482803364193296,0.0,1
59032,1,1,0.14544123888223326,0.02414973904682598,100.0,3.3057617873780485,1,13.0,0,2.0,0.8254855434019003,0.6364006787781795,-0.13107973067417975,0.0,0.75,0.9009708884406373,0.0,1
59034,1,1,0.12924521604391906,0.023432189169842993,80.0,3.0087632909951827,1,26.0,0,2.0,0.2608633682385029,0.6364006787781795,-0.13107973067417975,0.0,0.0,0.07070633686027739,0.0,1
59035,1,1,0.13455567964862816,0.02569306212764665,100.0,1.8207693054637193,1,51.0,0,1.0,-0.07790993685953543,0.8720673558042609,-0.13107973067417975,0.0,0.0,-0.482803364193296,0.0,1
59036,1,1,0.11442302035660047,0.027133879841104432,60.0,0.6327753199322559,1,13.0,0,2.0,-0.4166832419575738,0.6364006787781795,-0.13107973067417975,0.0,0.0,-0.482803364193296,0.0,1
59037,1,1,0.07639418990551039,0.08005276065357911,50.0,1.5237708090808535,1,0.0,0,2.0,-0.07790993685953543,1.1077340328303422,-0.13107973067417975,0.0,1.5,-0.482803364193296,0.0,1
59039,0,0,0.0775157885236738,0.03464501340606149,60.0,-0.8522171619820733,1,51.0,0,0.0,-0.6425321120229327,0.6364006787781795,-0.13107973067417975,0.0,0.0,-0.482803364193296,0.0,1
59040,1,1,0.12702744451232242,0.012827563541058642,50.0,-0.8522171619820733,1,0.0,0,2.0,-0.7554565470556122,1.3434007098564238,-0.13107973067417975,0.0,0.0,-0.482803364193296,0.0,1
59041,1,1,0.09143877558368323,0.007424322855417905,50.0,1.5237708090808535,1,51.0,0,1.0,0.9384099784345797,0.6364006787781795,-0.13107973067417975,0.0,0.0,-0.482803364193296,0.0,1
59042,1,1,0.1488021663380152,0.0193130210264642,650.0,1.2267723126979877,1,0.0,0,2.0,-0.8683809820882916,0.6364006787781795,-0.13107973067417975,0.0,1.5,0.07070633686027739,0.0,1
59043,1,1,0.09486671621172817,0.022826242962699146,50.0,-0.5552186655992074,1,51.0,0,0.0,-0.7554565470556122,0.6364006787781795,-0.13107973067417975,0.0,0.0,-0.482803364193296,0.0,1
59044,1,1,0.2390492172718591,0.03880009853542009,100.0,0.03877832716652424,1,51.0,0,2.0,-0.5296076769902532,1.1077340328303422,-0.13107973067417975,0.0,0.0,-0.482803364193296,0.0,1
59046,1,1,0.1299810723682408,0.010219454026496084,100.0,0.03877832716652424,1,26.0,0,2.0,-0.07790993685953543,0.6364006787781795,-0.13107973067417975,0.0,0.0,-0.2060485136665093,0.0,1
59047,1,1,0.17434014381783855,0.06373428061127406,75.0,1.2267723126979877,1,0.0,0,2.0,0.03501449817314403,1.1077340328303422,-0.13107973067417975,0.0,0.0,1.9388015779160874,0.0,1
59048,1,1,0.1119774804501451,0.019209193860865385,100.0,0.03877832716652424,1,22.0,0,2.0,0.03501449817314403,0.6364006787781795,-0.13107973067417975,0.0,0.0,-0.13685980103481263,0.0,1
59049,0,0,0.034374146876508575,0.016559570441441837,100.0,1.2267723126979877,1,51.0,0,0.0,2.180578763794054,0.6364006787781795,-0.13107973067417975,0.0,0.0,-0.482803364193296,0.0,1
59050,1,1,0.30490015697631206,0.042527286713048125,45.0,1.8207693054637193,1,12.0,0,2.0,0.9384099784345797,0.8720673558042609,-0.13107973067417975,0.0,0.0,2.9766322673915373,0.0,1
59052,0,0,0.14514406739394445,0.1922942451576813,50.0,0.6327753199322559,1,0.0,0,2.0,-0.3037588069248943,1.1077340328303422,-0.13107973067417975,0.0,0.0,0.555027325282154,0.0,1
59053,1,1,0.16327229449931027,0.08237011340384992,100.0,1.5237708090808535,1,51.0,0,0.0,0.3737878032711824,0.6364006787781795,-0.13107973067417975,0.0,0.0,1.2469144515991206,0.0,1
59054,1,1,0.20879377250781972,0.0847767672101774,50.0,0.6327753199322559,1,0.0,0,2.0,-0.6425321120229327,0.6364006787781795,-0.13107973067417975,0.0,0.0,1.2469144515991206,0.0,1
59056,1,1,0.11398725603673192,0.014827755454183722,50.0,-0.8522171619820733,1,0.0,0,2.0,-0.7554565470556122,0.6364006787781795,-0.13107973067417975,0.0,1.5,0.20908376212367072,0.0,1
59057,1,1,0.3253551469134413,0.2713968996938925,50.0,-0.2582201692163416,1,0.0,0,2.0,-0.4166832419575738,1.1077340328303422,-0.13107973067417975,0.0,0.0,1.9388015779160874,0.0,1
59058,0,0,0.31306568218156133,0.12266031826981467,60.0,2.1177678018465853,1,51.0,0,2.0,-0.07790993685953543,1.1077340328303422,-0.13107973067417975,0.0,0.0,3.6685193937085043,0.0,1
59059,1,1,0.16648638534702465,0.05102653943415588,0.0,1.2267723126979877,1,0.0,0,2.0,0.3737878032711824,0.8720673558042609,-0.13107973067417975,0.0,0.0,1.5928580147576041,0.0,1
59060,0,0,0.07948595025413556,0.0298190255750677,50.0,0.6327753199322559,1,51.0,0,0.0,-0.4166832419575738,0.1650673247260167,-0.13107973067417975,0.0,0.0,-0.482803364193296,0.0,1
59062,1,1,0.18095792634243849,0.007478066829322972,100.0,-0.5552186655992074,1,51.0,0,2.0,-0.6425321120229327,-0.07059935230006469,-0.13107973067417975,0.0,0.0,-0.482803364193296,0.0,1
59063,0,0,0.28931434011550844,0.11503009799794982,100.0,1.8207693054637193,1,51.0,0,2.0,0.7125611083692208,1.5790673868825051,-0.13107973067417975,0.0,1.0,3.6685193937085043,0.0,1
59064,0,0,0.07403190462675058,0.009645742463381467,100.0,0.9297738163151218,1,51.0,0,0.0,0.2608633682385029,0.8720673558042609,-0.13107973067417975,0.0,1.5,-0.482803364193296,0.0,1
59066,1,1,0.21882686904239337,0.01950664308111076,50.0,1.2267723126979877,1,51.0,0,2.0,0.3737878032711824,1.1077340328303422,-0.13107973067417975,0.0,1.5,1.5928580147576041,0.0,1
59067,0,0,0.07417949124459043,0.004904557314656779,50.0,-0.8522171619820733,1,51.0,0,0.0,-0.3037588069248943,0.1650673247260167,-0.13107973067417975,0.0,0.0,-0.482803364193296,0.0,1
59068,0,0,0.11244967290346208,0.027857195436142804,50.0,3.3057617873780485,1,51.0,0,2.0,2.406427633859413,0.6364006787781795,-0.13107973067417975,0.0,0.0,0.20908376212367072,0.0,1
59069,1,1,0.1299558882395179,0.0340223721967862,70.0,1.2267723126979877,1,16.0,0,2.0,0.1479389332058235,0.6364006787781795,-0.13107973067417975,0.0,0.0,0.555027325282154,0.0,1
59070,1,1,0.13000269299124728,0.043352793484318176,65.0,1.2267723126979877,1,51.0,0,1.0,-0.5296076769902532,0.4007340017520981,-0.13107973067417975,0.0,0.0,-0.482803364193296,0.0,1
59071,0,0,0.10286639714179137,0.025633817664364348,60.0,0.03877832716652424,1,0.0,0,2.0,-0.07790993685953543,0.6364006787781795,-0.13107973067417975,0.0,0.0,-0.482803364193296,0.0,1
59072,1,0,0.11026824514854466,0.032185081466588356,50.0,1.8207693054637193,1,16.0,0,2.0,1.503032153597977,1.1077340328303422,-0.13107973067417975,0.0,0.0,0.555027325282154,0.0,1
59073,0,0,0.20132692099955996,0.10213410466096297,0.0,1.8207693054637193,1,51.0,0,2.0,0.2608633682385029,0.6364006787781795,-0.13107973067417975,0.0,0.0,0.9009708884406373,0.0,1
59075,0,0,0.2261843805851381,0.25342074202838194,20000.0,2.414766298229451,1,51.0,1,2.0,-0.1908343718922149,0.8720673558042609,-0.13107973067417975,0.0,2.0,0.9009708884406373,0.0,1
59076,0,0,0.20782006365032343,0.11809809850702048,0.0,1.2267723126979877,1,51.0,0,2.0,-0.07790993685953543,0.4007340017520981,-0.13107973067417975,0.0,0.0,0.9009708884406373,0.0,1
59077,0,0,0.2828205850787789,0.46594175076076055,50.0,0.3357768235493901,1,51.0,0,2.0,-0.6425321120229327,0.4007340017520981,-0.13107973067417975,0.0,0.0,0.9009708884406373,0.0,1
59078,0,0,0.13296376715160996,0.47133097723398926,10000.0,0.6327753199322559,1,51.0,1,2.0,-0.7554565470556122,0.8720673558042609,-0.13107973067417975,0.0,2.0,-0.482803364193296,0.0,1
59079,0,0,0.11377502885922826,0.047220587260042614,0.0,0.3357768235493901,1,23.0,0,2.0,-0.07790993685953543,-0.07059935230006469,-0.13107973067417975,1.0,3.0,-0.482803364193296,0.0,1
59080,0,0,0.1291571316812194,0.12175133654889395,100.0,0.6327753199322559,1,52.0,0,2.0,-0.4166832419575738,-0.3062660293261461,-0.13107973067417975,0.0,2.0,-0.482803364193296,0.0,1
59081,1,1,0.12414076327778169,0.37196845707484005,0.0,0.3357768235493901,0,51.0,0,2.0,-0.5296076769902532,1.1077340328303422,-0.13107973067417975,0.0,0.0,-0.482803364193296,0.0,1
59083,1,1,0.11248871862907821,0.07603616556529433,0.0,-0.5552186655992074,1,51.0,0,2.0,-0.5296076769902532,-0.07059935230006469,-0.13107973067417975,0.0,3.0,-0.482803364193296,0.0,1
59084,0,0,0.14278024879575593,0.11066069492064987,0.0,-0.8522171619820733,1,52.0,0,2.0,-0.1908343718922149,-0.07059935230006469,-0.13107973067417975,0.0,3.0,-0.482803364193296,0.0,1
59085,1,1,0.14137199919466054,0.007028782331261254,100.0,-0.2582201692163416,1,0.0,0,2.0,-1.20715428718633,2.5217340949868303,-0.13107973067417975,0.0,0.0,-0.482803364193296,0.0,1
59086,0,0,0.12702817828874172,0.05495734620213765,100.0,3.3057617873780485,1,51.0,0,2.0,1.503032153597977,1.8147340639085865,-0.13107973067417975,0.0,0.0,-0.482803364193296,0.0,1
59087,0,0,0.09650977236714013,0.010822660112615876,100.0,0.3357768235493901,0,51.0,0,0.0,-0.4166832419575738,1.3434007098564238,-0.13107973067417975,0.0,0.0,-0.482803364193296,0.0,1
59088,1,1,0.06316408875919739,0.021395075945673143,100.0,1.2267723126979877,1,0.0,0,2.0,-0.3037588069248943,1.3434007098564238,-0.13107973067417975,0.0,3.0,-0.482803364193296,0.0,1
59089,0,0,0.12914291833371852,0.004653707859568971,100.0,0.6327753199322559,1,51.0,0,2.0,-0.1908343718922149,0.8720673558042609,-0.13107973067417975,0.0,3.0,-0.482803364193296,0.0,1
59090,1,1,0.11806710051228496,0.011516225688824988,850.0,0.6327753199322559,1,0.0,0,2.0,-0.7554565470556122,1.1077340328303422,-0.13107973067417975,0.0,0.0,-0.482803364193296,0.0,1
59092,1,1,0.0688885011740103,0.03559803709971627,50.0,-0.5552186655992074,1,0.0,0,2.0,-0.1908343718922149,3.935734157143319,-0.13107973067417975,0.0,3.0,-0.482803364193296,0.0,1
59093,1,1,0.10578395744961784,0.01556807425513651,100.0,1.8207693054637193,1,0.0,0,2.0,-0.07790993685953543,1.8147340639085865,-0.13107973067417975,0.0,0.0,-0.482803364193296,0.0,1
59094,1,1,0.14024131134431592,0.013992743418666496,50.0,-1.149215658364939,0,0.0,0,2.0,-0.8683809820882916,0.8720673558042609,-0.13107973067417975,0.0,0.0,-0.482803364193296,0.0,1
59095,0,0,0.11523417633263323,0.013226062596651347,80.0,2.414766298229451,1,51.0,0,0.0,-0.8683809820882916,1.1077340328303422,-0.13107973067417975,0.0,0.0,-0.482803364193296,0.0,1
59097,0,0,0.07037630515179312,0.08846281932590086,70.0,-0.2582201692163416,1,16.0,0,1.0,-0.3037588069248943,0.1650673247260167,-0.13107973067417975,0.0,1.5,-0.482803364193296,0.0,1
59098,1,1,0.13115973094116143,0.057303220535477574,60.0,-0.5552186655992074,1,41.0,0,2.0,-0.9813054171209711,1.3434007098564238,-0.13107973067417975,0.0,3.0,0.20908376212367072,0.0,1
59099,1,1,0.09173367229963152,0.011206885748818623,50.0,2.414766298229451,1,51.0,0,1.0,0.8254855434019003,-0.07059935230006469,-0.13107973067417975,0.0,0.0,-0.482803364193296,0.0,1
59101,1,1,0.07620769447302513,0.05465328447538927,50.0,-0.5552186655992074,1,51.0,0,0.0,-0.1908343718922149,0.1650673247260167,-0.13107973067417975,0.0,0.0,-0.482803364193296,0.0,1
59102,1,1,0.15105009446655435,0.04394138344724552,100.0,0.9297738163151218,1,51.0,0,2.0,0.1479389332058235,2.757400772012912,-0.13107973067417975,0.0,3.0,-0.27523722629820596,0.0,1
59103,0,1,0.13054816559210086,0.030600171638351215,70.0,0.6327753199322559,1,26.0,0,2.0,-0.7554565470556122,2.757400772012912,-0.13107973067417975,0.0,3.0,-0.2060485136665093,0.0,1
59104,1,1,0.07994731007037027,0.038335064400747805,50.0,0.6327753199322559,1,23.0,0,2.0,0.3737878032711824,1.5790673868825051,-0.13107973067417975,0.0,3.0,-0.2060485136665093,0.0,1
59105,1,1,0.1094173570414619,0.04049275984705828,50.0,0.3357768235493901,0,26.0,0,2.0,0.3737878032711824,0.8720673558042609,-0.13107973067417975,0.0,0.0,-0.482803364193296,0.0,1
59106,1,1,0.14435691121888292,0.13915560379616487,80.0,0.6327753199322559,0,51.0,0,2.0,-0.7554565470556122,1.3434007098564238,-0.13107973067417975,0.0,0.0,-0.482803364193296,0.0,1
59108,1,1,0.13760917007334086,0.03133211157852382,100.0,0.03877832716652424,1,16.0,0,2.0,-0.4166832419575738,0.6364006787781795,-0.13107973067417975,0.0,3.0,0.07070633686027739,0.0,1
59110,1,1,0.10373313296551291,0.051301443002386406,100.0,0.3357768235493901,0,51.0,0,0.0,-0.6425321120229327,0.8720673558042609,-0.13107973067417975,0.0,0.0,-0.482803364193296,0.0,1
59111,1,1,0.09216635921844459,0.08166633998057025,45.0,0.3357768235493901,0,51.0,0,0.0,-0.4166832419575738,1.1077340328303422,-0.13107973067417975,0.0,0.0,-0.482803364193296,0.0,1
59112,1,1,0.09756205461232548,0.08871311934099677,50.0,0.9297738163151218,0,0.0,0,2.0,-0.4166832419575738,0.8720673558042609,-0.13107973067417975,0.0,0.0,-0.482803364193296,0.0,1
59113,1,1,0.09163823959431983,0.0495344452238987,100.0,0.03877832716652424,0,51.0,0,0.0,-0.07790993685953543,0.6364006787781795,-0.13107973067417975,0.0,0.0,-0.482803364193296,0.0,1
59115,1,1,0.18981627226137077,0.027968987337346218,55.0,1.8207693054637193,0,52.0,0,2.0,-0.4166832419575738,0.8720673558042609,-0.13107973067417975,0.0,0.0,-0.482803364193296,0.0,1
59116,1,1,0.07081696809916317,0.10365801021880672,50.0,-0.5552186655992074,0,51.0,0,0.0,-0.5296076769902532,0.4007340017520981,-0.13107973067417975,0.0,0.0,-0.482803364193296,0.0,1
59117,1,1,0.2119778631770015,0.05739621764722487,100.0,0.03877832716652424,0,52.0,0,2.0,-0.6425321120229327,0.6364006787781795,-0.13107973067417975,0.0,0.0,-0.482803364193296,0.0,1
59118,0,1,0.12270685034138913,0.0921328685615609,100.0,1.5237708090808535,0,51.0,0,2.0,1.051334413467259,1.3434007098564238,-0.13107973067417975,0.0,0.0,-0.482803364193296,0.0,1
59119,0,1,0.14266627381090313,0.02300644180370504,50.0,0.6327753199322559,0,51.0,0,2.0,0.03501449817314403,1.1077340328303422,-0.13107973067417975,0.0,0.0,-0.482803364193296,0.0,1
59120,0,1,0.12220721853627962,0.1345998538630158,50.0,0.6327753199322559,0,51.0,0,2.0,0.3737878032711824,1.1077340328303422,-0.13107973067417975,0.0,0.0,-0.482803364193296,0.0,1
59121,0,1,0.10701873546499326,0.008034698010908082,100.0,1.5237708090808535,0,0.0,0,2.0,-0.6425321120229327,0.6364006787781795,-0.13107973067417975,0.0,0.0,-0.482803364193296,0.0,1
59122,1,1,0.11834620744691515,0.02565138101635576,100.0,1.5237708090808535,0,23.0,0,2.0,0.7125611083692208,1.1077340328303422,-0.13107973067417975,1.0,0.0,-0.482803364193296,0.0,1
59124,1,1,0.09641381190443632,0.028256502111333036,91.0,0.6327753199322559,0,51.0,0,0.0,-0.8683809820882916,1.5790673868825051,-0.13107973067417975,0.0,0.0,-0.482803364193296,0.0,1
59125,0,0,0.18303470228160346,0.03442728274212443,100.0,2.1177678018465853,0,51.0,0,2.0,0.1479389332058235,0.8720673558042609,-0.13107973067417975,1.0,0.0,-0.482803364193296,0.0,1
59127,1,1,0.07433177637218835,0.02100289117698579,50.0,1.2267723126979877,0,51.0,0,0.0,-0.4166832419575738,1.8147340639085865,-0.13107973067417975,0.0,0.0,-0.482803364193296,0.0,1
59128,0,1,0.10765141726883216,0.06761183029875809,100.0,1.8207693054637193,0,16.0,0,2.0,0.2608633682385029,3.935734157143319,-0.13107973067417975,0.0,0.0,-0.482803364193296,0.0,1
59129,1,1,0.11314158230961446,0.02017945901957202,100.0,0.03877832716652424,0,23.0,0,2.0,0.2608633682385029,0.4007340017520981,-0.13107973067417975,0.0,0.0,-0.482803364193296,0.0,1
59130,1,1,0.15988092799619646,0.00975000766776566,600.0,-1.149215658364939,0,51.0,0,2.0,-0.6425321120229327,-1.2489327374304717,-0.13107973067417975,0.0,0.0,-0.482803364193296,0.0,1
59132,1,1,0.05763523882409266,0.03383895909456825,100.0,2.414766298229451,0,51.0,0,1.0,2.6322765039247717,0.4007340017520981,-0.13107973067417975,0.0,0.0,-0.482803364193296,0.0,1
59133,1,1,0.06889735175661398,0.060306356289952956,70.0,1.2267723126979877,1,51.0,0,0.0,-0.07790993685953543,0.1650673247260167,-0.13107973067417975,0.0,0.0,-0.482803364193296,0.0,1
59137,1,1,0.16918066969730847,0.024214247663325097,50.0,0.9297738163151218,1,26.0,0,2.0,-0.6425321120229327,1.1077340328303422,-0.13107973067417975,0.0,0.0,0.555027325282154,0.0,1
59138,1,1,0.1869766210101701,0.09522114737526761,8093.72,0.6327753199322559,0,51.0,0,2.0,-0.5296076769902532,1.3434007098564238,-0.13107973067417975,0.0,0.0,-0.482803364193296,0.0,1
59140,0,0,0.08501192637293238,0.2872531418312388,50.0,0.3357768235493901,1,42.0,0,0.0,-0.07790993685953543,-0.7775993833783089,-0.13107973067417975,0.0,0.0,0.07070633686027739,0.0,1
59143,0,0,0.08632088438817782,0.033381551129409145,50.0,0.9297738163151218,1,51.0,0,0.0,-0.5296076769902532,0.4007340017520981,-0.13107973067417975,0.0,0.0,-0.482803364193296,0.0,1
59144,1,1,0.04684598081758672,0.08167984619824067,50.0,0.6327753199322559,1,26.0,0,2.0,0.8254855434019003,0.4007340017520981,-0.13107973067417975,0.0,1.5,-0.482803364193296,1.0,1
59145,1,1,0.08102537385931448,0.04883096742784291,100.0,2.414766298229451,0,34.0,0,1.0,0.5996366733365414,0.6364006787781795,-0.13107973067417975,0.0,0.0,-0.482803364193296,0.0,1
59147,1,1,0.05604281381042461,0.04678279135109971,80.0,0.3357768235493901,0,16.0,0,0.0,-0.6425321120229327,0.8720673558042609,-0.13107973067417975,0.0,0.0,-0.482803364193296,0.0,1
59148,1,1,0.10364666320394463,0.033131598710076426,50.0,-0.5552186655992074,0,26.0,0,2.0,-0.07790993685953543,1.3434007098564238,-0.13107973067417975,0.0,0.0,-0.482803364193296,0.0,1
59149,0,0,0.08723976671809215,0.2449129409044611,100.0,1.5237708090808535,0,26.0,0,2.0,1.051334413467259,1.1077340328303422,-0.13107973067417975,0.0,0.0,-0.482803364193296,0.0,1
59150,1,1,0.09324421648092208,0.20407054722432882,50.0,0.6327753199322559,0,26.0,0,2.0,-0.1908343718922149,1.3434007098564238,-0.13107973067417975,0.0,0.0,-0.482803364193296,0.0,1
59151,1,1,0.12632893013171087,0.037429819089207735,50.0,1.5237708090808535,0,52.0,0,2.0,0.3737878032711824,0.1650673247260167,-0.13107973067417975,0.0,0.0,-0.482803364193296,0.0,1
59153,1,1,0.0997314059899125,0.296759390153148,70.0,2.1177678018465853,0,41.0,0,2.0,0.5996366733365414,1.1077340328303422,-0.13107973067417975,0.0,0.0,-0.482803364193296,0.0,1
59154,1,1,0.07297644765170294,0.11792125634693822,170.0,-0.2582201692163416,0,26.0,0,2.0,-0.6425321120229327,2.0504007409346676,-0.13107973067417975,0.0,0.0,-0.482803364193296,1.0,1
59155,1,1,0.09707713494849401,0.2870541915890312,100.0,0.3357768235493901,0,42.0,0,1.0,0.48671223830386184,0.8720673558042609,-0.13107973067417975,0.0,0.0,-0.482803364193296,0.0,1
59156,1,1,0.10213508307959125,0.0349320571488455,100.0,-0.5552186655992074,0,25.0,0,2.0,-0.6425321120229327,1.1077340328303422,-0.13107973067417975,0.0,0.0,-0.482803364193296,0.0,1
59157,0,0,0.18136124271790152,0.37947679277774415,0.0,0.3357768235493901,1,52.0,0,2.0,0.1479389332058235,0.1650673247260167,-0.13107973067417975,0.0,0.0,0.555027325282154,0.0,1
59158,1,1,0.15289989347444788,0.38818611878010656,0.0,0.03877832716652424,1,34.0,0,2.0,0.1479389332058235,0.4007340017520981,-0.13107973067417975,0.0,3.0,0.555027325282154,0.0,1
59159,0,0,0.11095357938663945,0.04785245038726304,40050.0,0.9297738163151218,1,51.0,0,2.0,1.954729893728695,0.4007340017520981,-0.13107973067417975,0.0,0.0,-0.2060485136665093,0.0,1
59160,1,1,0.08958907107440621,0.4167131597498776,0.0,3.3057617873780485,1,42.0,1,2.0,1.954729893728695,0.4007340017520981,-0.13107973067417975,0.0,3.0,-0.482803364193296,0.0,1
59161,0,0,0.07741746472264771,0.2398405823631792,10000.0,3.0087632909951827,1,51.0,0,2.0,2.8581253739901307,0.4007340017520981,-0.13107973067417975,0.0,0.0,-0.13685980103481263,0.0,1
59162,1,1,0.12197828442636417,0.18325767089627296,0.0,0.03877832716652424,1,51.0,0,2.0,0.1479389332058235,0.6364006787781795,-0.13107973067417975,0.0,3.0,-0.482803364193296,0.0,1
59163,0,0,0.07325649611680507,0.007213476471337039,50050.0,1.2267723126979877,1,26.0,1,2.0,3.3098231141208485,0.1650673247260167,-0.13107973067417975,0.0,0.0,-0.482803364193296,0.0,1
59164,0,0,0.13234781553712652,0.04952085056669166,0.0,0.9297738163151218,1,52.0,0,2.0,0.7125611083692208,-0.07059935230006469,-0.13107973067417975,0.0,0.0,-0.482803364193296,0.0,1
59165,0,1,0.1475443495378529,0.08010083378360185,0.0,0.9297738163151218,1,51.0,0,2.0,0.3737878032711824,0.6364006787781795,-0.13107973067417975,0.0,0.0,-0.13685980103481263,0.0,1
59168,0,0,0.13127823362353105,0.15756895349402947,70.0,1.8207693054637193,1,51.0,1,2.0,1.3901077185652975,0.4007340017520981,-0.13107973067417975,0.0,0.0,-0.13685980103481263,0.0,1
59169,0,1,0.11554016407987104,0.3895793374177003,0.0,0.03877832716652424,0,26.0,0,2.0,-0.4166832419575738,0.1650673247260167,-0.13107973067417975,0.0,0.0,-0.482803364193296,0.0,1
59170,1,1,0.14064460859612604,0.052059231837112446,0.0,0.3357768235493901,0,16.0,0,2.0,-0.8683809820882916,0.4007340017520981,-0.13107973067417975,0.0,0.0,-0.482803364193296,0.0,1
59171,0,0,0.13734116674321398,0.030406118426465487,0.0,-0.5552186655992074,0,34.0,0,2.0,0.03501449817314403,0.1650673247260167,-0.13107973067417975,0.0,0.0,-0.482803364193296,0.0,1
59172,1,1,0.0979425068442669,0.264956594014533,8093.72,-0.5552186655992074,0,13.0,0,2.0,-0.8683809820882916,0.4007340017520981,-0.13107973067417975,0.0,0.0,-0.482803364193296,0.0,1
59173,0,0,0.09757407766444826,0.44525762712131095,250.0,0.3357768235493901,0,34.0,1,2.0,0.7125611083692208,0.4007340017520981,-0.13107973067417975,0.0,0.0,-0.482803364193296,0.0,1
59174,1,1,0.1411873095551512,0.19905550190705953,4046.86,2.414766298229451,0,51.0,0,2.0,-0.07790993685953543,1.3434007098564238,-0.13107973067417975,0.0,0.0,-0.482803364193296,0.0,1
59175,1,1,0.10433236485734149,0.20564085354460276,15100.0,0.03877832716652424,0,52.0,0,2.0,1.3901077185652975,0.6364006787781795,-0.13107973067417975,0.0,0.0,-0.482803364193296,0.0,1
59176,1,1,0.10948782819294273,0.4763416957764369,0.0,0.6327753199322559,0,16.0,0,2.0,-0.3037588069248943,0.4007340017520981,-0.13107973067417975,0.0,0.0,-0.482803364193296,0.0,1
59179,0,1,0.16867893806828368,0.25820821398227006,4046.86,0.9297738163151218,0,51.0,0,2.0,-0.4166832419575738,0.4007340017520981,-0.13107973067417975,0.0,0.0,-0.482803364193296,0.0,1
59180,0,0,0.08928986155170936,0.44713430121119774,70.0,0.03877832716652424,0,31.0,0,2.0,0.7125611083692208,0.4007340017520981,-0.13107973067417975,0.0,0.0,-0.482803364193296,0.0,1
59182,0,1,0.18539340102044907,0.10006581279671148,4046.86,-0.2582201692163416,0,51.0,0,2.0,-0.8683809820882916,0.6364006787781795,-0.13107973067417975,0.0,0.0,-0.482803364193296,0.0,1
59184,0,1,0.14127099474097496,0.3873568996592347,0.0,1.8207693054637193,0,52.0,0,2.0,-0.07790993685953543,0.8720673558042609,-0.13107973067417975,0.0,0.0,-0.482803364193296,0.0,1
59185,0,0,0.09401252298904927,0.247092015242249,0.0,1.2267723126979877,0,51.0,0,1.0,0.48671223830386184,0.1650673247260167,-0.13107973067417975,1.0,0.0,-0.482803364193296,0.0,1
59186,0,1,0.11388417773340742,0.1614046924227987,5050.0,0.03877832716652424,0,41.0,0,2.0,0.03501449817314403,0.6364006787781795,-0.13107973067417975,0.0,0.0,-0.482803364193296,0.0,1
59187,0,0,0.04726876486126851,0.0,50.0,-0.8522171619820733,0,32.0,0,0.0,-0.07790993685953543,-1.2489327374304717,-0.13107973067417975,0.0,0.0,-0.482803364193296,0.0,1
59188,0,1,0.1225690288323234,0.4389104250131402,50.0,-0.5552186655992074,0,51.0,0,2.0,0.48671223830386184,0.6364006787781795,-0.13107973067417975,0.0,0.0,-0.482803364193296,0.0,1
59189,1,1,0.08655594051693377,0.09676293285682425,25050.0,0.6327753199322559,0,22.0,1,2.0,1.3901077185652975,1.5790673868825051,-0.13107973067417975,0.0,0.0,-0.482803364193296,0.0,1
59190,0,1,0.1674363191328784,0.12916803317897052,0.0,0.3357768235493901,0,51.0,0,2.0,0.1479389332058235,0.8720673558042609,-0.13107973067417975,1.0,0.0,-0.482803364193296,0.0,1
59191,0,1,0.14146154783607442,0.10532714755482524,0.0,1.5237708090808535,0,43.0,0,2.0,0.8254855434019003,0.6364006787781795,-0.13107973067417975,0.0,0.0,-0.482803364193296,0.0,1
59192,1,1,0.13942544319771336,0.19413348149010543,4046.86,-0.5552186655992074,0,26.0,0,2.0,-0.3037588069248943,1.3434007098564238,-0.13107973067417975,0.0,0.0,-0.482803364193296,0.0,1
59212,1,1,0.07727885641723645,0.020389595742718907,50.0,0.9297738163151218,0,16.0,0,2.0,-0.07790993685953543,2.757400772012912,-0.13107973067417975,0.0,0.0,-0.482803364193296,1.0,1
60001,1,1,0.09589717113190038,0.4715868898844612,0.0,-1.446214154747805,0,34.0,0,2.0,-0.7554565470556122,-0.5419327063522275,-0.13107973067417975,0.0,0.0,-0.482803364193296,0.0,4
60002,1,1,0.08204187755796863,1.1049588095910425,560.0,0.3357768235493901,0,26.0,0,2.0,-0.5296076769902532,1.1077340328303422,-0.13107973067417975,0.0,0.0,-0.482803364193296,0.0,4
60004,0,1,0.06144150779954949,0.03548971955406396,4896.860000000001,-1.149215658364939,0,24.0,0,0.0,-1.3200787222190096,0.1650673247260167,-0.13107973067417975,0.0,0.0,-0.482803364193296,0.0,4
60006,0,1,0.06267022196107393,0.34225171869884824,0.0,-1.446214154747805,0,15.0,1,0.0,-0.9813054171209711,-0.07059935230006469,-0.13107973067417975,0.0,0.0,-0.482803364193296,0.0,4
60008,1,1,0.10067272841846653,0.0,0.0,-1.149215658364939,0,16.0,0,2.0,-0.9813054171209711,2.0504007409346676,-0.13107973067417975,0.0,3.0,-0.482803364193296,0.0,4
60009,1,1,0.08182592996882009,0.0,0.0,-0.8522171619820733,0,26.0,0,2.0,-0.9813054171209711,-0.07059935230006469,-0.13107973067417975,0.0,3.0,-0.482803364193296,0.0,4
60010,1,1,0.08201286795824506,0.0,8093.72,-1.149215658364939,0,26.0,1,2.0,-1.0942298521536507,-0.07059935230006469,-0.13107973067417975,0.0,3.0,-0.482803364193296,0.0,4
60031,0,0,0.11186280915100193,0.16480980947986024,4046.86,0.6327753199322559,0,25.0,0,2.0,-0.4166832419575738,0.6364006787781795,-0.13107973067417975,0.0,3.0,-0.482803364193296,0.0,4
60034,0,0,0.16771858186414113,0.0,0.0,1.5237708090808535,0,42.0,1,2.0,2.0676543287613747,0.1650673247260167,-0.13107973067417975,0.0,0.0,3.045820980023234,0.0,4
60037,0,0,0.07176215158757958,0.0,8093.72,0.3357768235493901,0,43.0,0,2.0,3.561644604243726,-1.2489327374304717,-0.13107973067417975,1.0,0.0,-0.482803364193296,0.0,4
60038,1,1,0.05603611363301561,0.0,11200.0,0.03877832716652424,0,26.0,0,0.0,1.051334413467259,1.1077340328303422,-0.13107973067417975,0.0,0.0,-0.482803364193296,0.0,4
60039,1,1,0.07445532046547,0.0,8093.72,-0.8522171619820733,0,41.0,0,2.0,0.3737878032711824,-1.2489327374304717,-0.13107973067417975,0.0,0.0,-0.482803364193296,0.0,4
60041,0,0,0.05182911428397804,0.0,0.0,-0.5552186655992074,0,26.0,0,2.0,2.5193520688920925,-1.2489327374304717,0.3174841665488719,0.0,0.0,-0.482803364193296,0.0,4
60051,0,0,0.046421509734128764,2.7165410036456583,0.0,-0.5552186655992074,0,42.0,0,1.0,1.1642588484999385,1.1077340328303422,-0.13107973067417975,0.0,0.0,-0.482803364193296,0.0,4
60052,1,1,0.07981408047803791,0.39401103230890466,150.0,0.6327753199322559,0,35.0,1,2.0,1.954729893728695,-0.3062660293261461,-0.13107973067417975,0.0,0.0,-0.482803364193296,0.0,4
60053,0,0,0.09638950333317593,0.12434550175247888,1350.0,0.03877832716652424,0,26.0,0,2.0,0.2608633682385029,-0.07059935230006469,-0.13107973067417975,0.0,0.0,-0.482803364193296,0.0,4
60054,0,0,0.11530476437514599,0.8050456265647183,0.0,-1.446214154747805,0,2.0,0,2.0,-0.6425321120229327,0.1650673247260167,-0.13107973067417975,0.0,0.0,-0.482803364193296,0.0,4
60056,0,0,0.14274108410144665,0.0,0.0,-1.446214154747805,0,35.0,0,2.0,0.03501449817314403,-1.2489327374304717,-0.13107973067417975,0.0,0.0,-0.482803364193296,0.0,4
60058,0,0,0.07370079867074297,0.6489292667099286,1500.0,0.03877832716652424,0,34.0,0,2.0,-0.1908343718922149,0.1650673247260167,0.7660480637719236,0.0,3.0,-0.2060485136665093,0.0,4
60059,1,1,0.10646705872597344,0.012741090058047005,0.0,-1.149215658364939,0,35.0,0,2.0,0.2608633682385029,-1.2489327374304717,-0.13107973067417975,0.0,0.0,-0.482803364193296,0.0,4
69004,1,1,0.09087201200579491,0.0,0.0,0.03877832716652424,0,26.0,0,2.0,0.8254855434019003,-0.07059935230006469,-0.13107973067417975,0.0,0.0,-0.482803364193296,0.0,4
69025,0,0,0.11573970629619894,0.4099200655872105,4046.86,-0.5552186655992074,0,42.0,0,2.0,1.051334413467259,-0.07059935230006469,-0.13107973067417975,0.0,0.0,-0.482803364193296,0.0,4
69026,0,0,0.1663879227575578,0.16839552741479188,0.0,1.5237708090808535,0,26.0,0,2.0,0.48671223830386184,-0.07059935230006469,-0.13107973067417975,0.0,0.0,2.9766322673915373,0.0,4
69027,1,0,0.06108087276784916,2.7165410036456583,4046.86,0.9297738163151218,0,42.0,0,2.0,0.2608633682385029,0.1650673247260167,-0.13107973067417975,0.0,0.0,-0.482803364193296,0.0,4
69028,0,0,0.10194042821636103,0.15882926269335756,6070.29,-0.5552186655992074,0,26.0,0,2.0,-0.1908343718922149,0.1650673247260167,-0.13107973067417975,0.0,3.0,-0.482803364193296,0.0,4
69029,0,1,0.09895601582426523,0.9883864591055103,8093.72,-0.2582201692163416,0,26.0,0,2.0,1.051334413467259,0.1650673247260167,-0.13107973067417975,0.0,0.0,3.6685193937085043,0.0,4
69030,1,1,0.09300809141686495,1.452608643021426,4406.860000000001,0.9297738163151218,0,26.0,0,2.0,-0.9813054171209711,0.6364006787781795,-0.13107973067417975,0.0,0.0,-0.482803364193296,0.0,4
69031,1,1,0.07587527782263684,2.7165410036456583,0.0,0.6327753199322559,0,26.0,0,2.0,-0.4166832419575738,0.4007340017520981,-0.13107973067417975,0.0,0.0,1.5928580147576041,0.0,4
69033,1,1,0.054224921423111715,1.2837366623168203,30234.3,0.03877832716652424,0,21.0,0,1.0,-1.0942298521536507,0.6364006787781795,-0.13107973067417975,0.0,0.0,-0.482803364193296,0.0,4
69036,1,1,0.060332931707424174,0.6507345165855959,12140.58,0.3357768235493901,0,26.0,1,1.0,-0.4166832419575738,0.6364006787781795,-0.13107973067417975,0.0,0.0,-0.482803364193296,0.0,4
69037,0,0,0.05099868217630089,1.3034444471652016,0.0,1.8207693054637193,0,42.0,0,2.0,1.3901077185652975,0.4007340017520981,8.840198213786854,0.0,0.0,0.07070633686027739,0.0,4
69038,1,1,0.1071804717258772,0.6963788300835655,300.0,1.2267723126979877,0,42.0,0,2.0,-0.07790993685953543,0.6364006787781795,-0.13107973067417975,1.0,0.0,-0.03307673208726762,0.0,4
69040,1,1,0.1467055459848404,0.0,0.0,0.03877832716652424,0,41.0,1,2.0,0.9384099784345797,0.8720673558042609,-0.13107973067417975,0.0,0.0,0.34746118738706405,0.0,4
69041,1,1,0.09426828073489331,0.0,0.0,-1.446214154747805,0,26.0,0,2.0,-0.4166832419575738,-1.2489327374304717,-0.13107973067417975,0.0,0.0,-0.482803364193296,0.0,4
69042,1,1,0.11492505730723218,0.12040529381569845,4046.86,0.3357768235493901,0,26.0,0,2.0,-0.07790993685953543,0.1650673247260167,-0.13107973067417975,0.0,0.0,-0.482803364193296,0.0,4
69045,0,0,0.1197267061121775,0.21369839195630747,12140.58,-0.8522171619820733,0,26.0,0,2.0,-0.4166832419575738,-1.2489327374304717,-0.13107973067417975,0.0,0.0,-0.482803364193296,0.0,4
69046,0,0,0.1531916900471205,1.0880998150230314,0.0,-0.2582201692163416,0,42.0,0,2.0,0.03501449817314403,1.3434007098564238,-0.13107973067417975,0.0,3.0,-0.13685980103481263,0.0,4
69047,1,1,0.13608402678153728,0.20248767610275126,20234.3,0.9297738163151218,0,42.0,0,2.0,-0.07790993685953543,0.1650673247260167,-0.13107973067417975,0.0,0.0,-0.482803364193296,0.0,4
69048,1,1,0.0979487858073496,0.0,4146.860000000001,-0.2582201692163416,0,26.0,0,2.0,-0.8683809820882916,-1.2489327374304717,-0.13107973067417975,0.0,0.0,-0.482803364193296,0.0,4
70011,0,0,0.3452916565092705,0.0,1557.0,-0.8522171619820733,0,34.0,0,2.0,-0.3037588069248943,-0.07059935230006469,-0.13107973067417975,0.0,0.0,-0.482803364193296,0.0,0
70012,0,0,0.28839378132519616,0.2954810960144714,26187.440000000002,-1.149215658364939,1,32.0,0,2.0,-0.8683809820882916,0.6364006787781795,-0.13107973067417975,0.0,0.0,0.34746118738706405,0.0,0
70013,0,0,0.4066232641914371,0.12324201437436515,2049.0,-0.2582201692163416,0,24.0,0,2.0,-0.4166832419575738,0.1650673247260167,-0.13107973067417975,0.0,0.0,0.20908376212367072,0.0,0
70015,0,0,0.3109348900174827,0.2296273015991633,5192.0,0.6327753199322559,1,16.0,0,2.0,0.48671223830386184,1.1077340328303422,-0.13107973067417975,0.0,0.0,0.555027325282154,0.0,0
70016,0,0,0.2886837916545986,0.092575520206206,0.0,-0.5552186655992074,0,0.0,0,2.0,-0.5296076769902532,-0.07059935230006469,-0.13107973067417975,0.0,0.0,-0.482803364193296,0.0,0
70017,0,0,0.38798130349143145,0.0,10000.0,-1.446214154747805,1,0.0,0,2.0,-1.0942298521536507,-0.07059935230006469,-0.13107973067417975,0.0,0.0,0.20908376212367072,0.0,0
70018,0,0,0.32689075513190063,0.25295563241689956,0.0,-0.5552186655992074,1,26.0,1,2.0,-0.07790993685953543,0.4007340017520981,-0.13107973067417975,0.0,0.0,0.20908376212367072,0.0,0
70020,0,0,0.29504687207809827,0.26144225195914916,16187.44,0.03877832716652424,0,26.0,0,2.0,-0.8683809820882916,1.3434007098564238,-0.13107973067417975,0.0,0.0,0.20908376212367072,1.0,0
70062,0,2,0.4257430717543616,0.44513687959047404,18093.72,0.9297738163151218,0,23.0,0,2.0,-0.6425321120229327,0.8720673558042609,-0.13107973067417975,0.0,0.0,-0.482803364193296,0.0,0
70063,0,0,0.24184992712700418,0.2360029743488369,16187.44,0.3357768235493901,0,16.0,0,2.0,0.3737878032711824,0.8720673558042609,-0.13107973067417975,0.0,0.0,0.20908376212367072,1.0,0
70064,0,2,0.4936220411039011,0.0987726107175294,4046.86,0.03877832716652424,0,23.0,0,2.0,-0.9813054171209711,-0.5419327063522275,-0.13107973067417975,0.0,0.0,-0.482803364193296,0.0,0
70066,0,0,0.33313938775636925,0.2270147566389507,0.0,-0.5552186655992074,0,41.0,0,2.0,-0.8683809820882916,0.4007340017520981,-0.13107973067417975,0.0,3.0,0.13989504949197404,0.0,0
70067,0,0,0.14241649445451424,0.1933562782783557,0.0,0.3357768235493901,0,26.0,0,2.0,0.1479389332058235,0.4007340017520981,-0.13107973067417975,0.0,3.0,-0.482803364193296,1.0,0
70068,0,0,0.29211758381635283,0.0,0.0,0.03877832716652424,0,34.0,0,2.0,1.051334413467259,-0.3062660293261461,-0.13107973067417975,0.0,0.0,-0.482803364193296,0.0,0
70069,0,0,0.34027510967551455,0.20026778401969297,900.0,-1.149215658364939,0,16.0,0,2.0,-0.9813054171209711,-0.07059935230006469,-0.13107973067417975,0.0,0.0,-0.482803364193296,0.0,0
70070,0,0,0.3138292267601946,0.29160191142486275,595.0,-0.2582201692163416,0,23.0,0,1.0,-0.5296076769902532,-0.3062660293261461,-0.13107973067417975,0.0,3.0,0.13989504949197404,0.0,0
70071,1,1,0.24727167538682004,0.0,1232.0,0.03877832716652424,0,26.0,0,2.0,-0.9813054171209711,-1.2489327374304717,-0.13107973067417975,0.0,0.0,-0.482803364193296,0.0,0
70072,0,0,0.22169299432233402,0.0,150.0,-0.8522171619820733,0,26.0,0,2.0,-1.0942298521536507,-1.2489327374304717,-0.13107973067417975,0.0,0.0,-0.482803364193296,0.0,0
70073,0,0,0.21126183551039104,0.0,4046.86,-0.8522171619820733,0,16.0,0,2.0,-0.9813054171209711,-1.2489327374304717,-0.13107973067417975,0.0,0.0,-0.482803364193296,0.0,0
70074,1,1,0.2520155955886702,0.0,8093.72,-1.149215658364939,0,26.0,0,2.0,-1.433003157251689,-1.2489327374304717,-0.13107973067417975,0.0,0.0,-0.482803364193296,0.0,0
70075,1,0,0.2579930299655114,0.0,2952.0,-1.149215658364939,0,32.0,0,2.0,-0.9813054171209711,-1.2489327374304717,-0.13107973067417975,0.0,0.0,-0.482803364193296,0.0,0
70076,1,1,0.18104731015175948,0.0,0.0,-1.446214154747805,0,0.0,0,2.0,-0.7554565470556122,-1.2489327374304717,-0.13107973067417975,0.0,0.0,-0.482803364193296,0.0,0
70077,1,1,0.19113934409149333,0.0,20234.3,-0.8522171619820733,0,26.0,0,1.0,-1.3200787222190096,-1.2489327374304717,-0.13107973067417975,0.0,0.0,-0.482803364193296,0.0,0
70078,1,1,0.21335296674880314,0.0,7196.0,0.3357768235493901,0,23.0,0,2.0,-0.7554565470556122,-1.2489327374304717,-0.13107973067417975,0.0,0.0,-0.482803364193296,0.0,0
70079,0,0,0.26944463703919175,0.0,12140.58,-0.5552186655992074,0,32.0,0,2.0,-1.20715428718633,-1.2489327374304717,-0.13107973067417975,0.0,0.0,-0.482803364193296,0.0,0
70080,1,0,0.19436689787466407,0.0,0.0,-1.149215658364939,0,16.0,0,2.0,-0.8683809820882916,-1.2489327374304717,-0.13107973067417975,0.0,0.0,-0.482803364193296,0.0,0
70121,0,0,0.16273728184917458,1.143811334606024,0.0,0.3357768235493901,0,25.0,0,2.0,0.03501449817314403,-0.07059935230006469,8.840198213786854,1.0,0.0,0.555027325282154,0.0,0
70122,0,0,0.3687924339088509,0.2265674980646112,0.0,-0.8522171619820733,0,16.0,0,2.0,-1.0942298521536507,-0.3062660293261461,-0.13107973067417975,0.0,0.0,-0.482803364193296,0.0,0
70123,0,0,0.11087586508751635,0.6417941996268016,10000.0,-1.446214154747805,0,26.0,0,0.0,-1.0942298521536507,-1.2489327374304717,-0.13107973067417975,0.0,0.0,0.20908376212367072,0.0,0
70124,0,0,0.1819898315590165,0.7988305121905975,0.0,0.03877832716652424,1,34.0,0,2.0,0.2608633682385029,-0.7775993833783089,-0.13107973067417975,0.0,0.0,0.20908376212367072,0.0,0
70125,0,0,0.08535797041718189,0.12659394047997338,0.0,0.3357768235493901,0,22.0,0,0.0,1.277183283532618,0.6364006787781795,-0.13107973067417975,1.0,0.0,-0.482803364193296,0.0,0
70126,0,0,0.09532333139631825,0.18814796219252905,0.0,-1.446214154747805,0,0.0,0,0.0,0.03501449817314403,-1.2489327374304717,-0.13107973067417975,0.0,0.0,0.20908376212367072,0.0,0
70127,0,0,0.3418427329321456,0.009720868771396479,0.0,-1.149215658364939,1,26.0,0,2.0,-0.7554565470556122,-1.2489327374304717,-0.13107973067417975,0.0,0.0,0.9009708884406373,0.0,0
70128,0,0,0.19448061878883358,0.0,0.0,-1.446214154747805,0,0.0,0,2.0,-0.1908343718922149,-1.2489327374304717,-0.13107973067417975,0.0,0.0,0.20908376212367072,0.0,0
70129,0,0,0.30072219185177657,0.15963989076284363,0.0,-1.149215658364939,0,26.0,1,2.0,-0.3037588069248943,-0.07059935230006469,-0.13107973067417975,0.0,0.0,0.07070633686027739,0.0,0
70130,0,0,0.24337146975810198,0.0,0.0,0.03877832716652424,0,23.0,0,2.0,0.2608633682385029,-1.2489327374304717,-0.13107973067417975,1.0,0.0,0.20908376212367072,0.0,0
70131,0,0,0.09389929018694983,2.7165410036456583,0.0,-0.5552186655992074,0,16.0,0,2.0,-0.07790993685953543,-0.07059935230006469,-0.13107973067417975,0.0,0.0,-0.482803364193296,0.0,0
70132,0,0,0.2222570469815739,0.10718834017263336,0.0,0.6327753199322559,0,25.0,0,1.0,-0.3037588069248943,0.4007340017520981,-0.13107973067417975,1.0,0.0,-0.482803364193296,0.0,0
70133,0,0,0.25942108887334786,0.2903933412831051,0.0,-1.149215658364939,0,41.0,0,2.0,-0.5296076769902532,-0.7775993833783089,-0.13107973067417975,1.0,0.0,-0.482803364193296,0.0,0
70134,0,0,0.08685997781113126,0.1593884103517648,0.0,-0.8522171619820733,0,13.0,0,0.0,0.2608633682385029,-0.3062660293261461,-0.13107973067417975,0.0,0.0,-0.482803364193296,0.0,0
70136,0,0,0.2036740085289268,0.29604669264350686,0.0,-0.5552186655992074,0,26.0,0,2.0,1.051334413467259,-0.3062660293261461,-0.13107973067417975,1.0,0.0,-0.482803364193296,0.0,0
70137,0,0,0.2600004982766328,0.01316992866288641,0.0,0.03877832716652424,0,26.0,0,1.0,-1.5459275922843685,-1.2489327374304717,-0.13107973067417975,0.0,0.0,-0.482803364193296,0.0,0
70139,0,0,0.3058708705887479,0.0296333884575293,0.0,0.03877832716652424,0,25.0,0,2.0,-0.07790993685953543,-0.5419327063522275,-0.13107973067417975,0.0,0.0,-0.482803364193296,0.0,0
70140,0,0,0.11522088151102665,0.0,10000.0,-1.149215658364939,0,16.0,0,0.0,-0.5296076769902532,-1.2489327374304717,-0.13107973067417975,0.0,0.0,-0.482803364193296,0.0,0
70152,0,0,0.20518128702828284,0.14851531100034343,0.0,0.3357768235493901,0,23.0,1,0.0,-1.0942298521536507,0.4007340017520981,-0.13107973067417975,0.0,0.0,-0.482803364193296,0.0,0
70153,0,0,0.1490992472309438,0.9316905396586166,50180.0,0.3357768235493901,1,26.0,0,2.0,0.9384099784345797,0.6364006787781795,-0.13107973067417975,0.0,0.0,-0.2060485136665093,0.0,0
70154,0,2,0.5117809436131715,0.0,10100.0,-0.8522171619820733,0,16.0,0,2.0,-1.3200787222190096,0.8720673558042609,-0.13107973067417975,0.0,0.0,-0.2060485136665093,0.0,0
70155,0,0,0.18501063218355185,0.0,4046.86,0.3357768235493901,1,16.0,0,2.0,0.9384099784345797,2.0504007409346676,-0.13107973067417975,0.0,3.0,-0.06767108840311596,1.0,0
70156,0,0,0.32328612925826966,0.0,8093.72,-0.8522171619820733,1,22.0,0,2.0,0.3737878032711824,-0.3062660293261461,-0.13107973067417975,0.0,0.0,0.07070633686027739,0.0,0
70157,0,0,0.1846000354885388,0.15983377287620876,30150.0,0.3357768235493901,1,26.0,0,2.0,1.954729893728695,0.1650673247260167,-0.13107973067417975,0.0,0.0,-0.2060485136665093,0.0,0
70158,0,0,0.33217263994639606,0.0,4046.86,-1.149215658364939,1,21.0,0,2.0,-1.3200787222190096,1.3434007098564238,-0.13107973067417975,0.0,0.0,-0.482803364193296,0.0,0
70159,0,2,0.43776693594274735,0.0,10000.0,0.03877832716652424,0,26.0,0,2.0,-0.7554565470556122,-0.07059935230006469,-0.13107973067417975,0.0,0.0,-0.482803364193296,0.0,0
70160,1,0,0.17895318570016364,0.10848493315808945,20120.0,-0.5552186655992074,1,41.0,0,2.0,3.561644604243726,-1.2489327374304717,-0.13107973067417975,0.0,0.0,0.07070633686027739,0.0,0
79002,0,0,0.26968465319733226,0.0,0.0,-0.5552186655992074,0,41.0,0,2.0,0.1479389332058235,-1.2489327374304717,-0.13107973067417975,0.0,3.0,-0.13685980103481263,0.0,0
79004,0,0,0.2790833649182578,0.07598821204047591,0.0,-0.5552186655992074,0,15.0,0,2.0,-0.5296076769902532,-0.5419327063522275,-0.13107973067417975,0.0,3.0,-0.13685980103481263,0.0,0
79005,0,0,0.2285874887279792,0.0,4046.86,-0.2582201692163416,1,43.0,0,1.0,0.3737878032711824,-1.2489327374304717,-0.13107973067417975,0.0,0.0,0.41664990001876073,0.0,0
79006,1,1,0.21291359944992172,0.0,0.0,0.3357768235493901,0,24.0,0,2.0,-0.5296076769902532,-1.2489327374304717,-0.13107973067417975,0.0,0.0,-0.482803364193296,0.0,0
79007,1,0,0.1681297554939043,0.0,0.0,-0.2582201692163416,0,23.0,0,1.0,-0.4166832419575738,-1.2489327374304717,-0.13107973067417975,0.0,0.0,-0.482803364193296,0.0,0
79009,1,1,0.2262456553500344,0.0,0.0,-1.446214154747805,0,0.0,1,2.0,-0.7554565470556122,-1.2489327374304717,-0.13107973067417975,0.0,0.0,-0.482803364193296,0.0,0
79010,0,0,0.18170434084212805,0.1053929851002937,0.0,0.6327753199322559,0,31.0,0,2.0,0.9384099784345797,-1.2489327374304717,-0.13107973067417975,0.0,0.0,-0.482803364193296,0.0,0
79011,0,0,0.3058794401134567,0.06207709975789931,4046.86,1.2267723126979877,0,25.0,0,2.0,-0.07790993685953543,0.1650673247260167,-0.13107973067417975,0.0,3.0,-0.482803364193296,0.0,0
79014,0,0,0.12246823373911597,0.0,0.0,-1.149215658364939,0,26.0,0,1.0,1.051334413467259,-1.2489327374304717,-0.13107973067417975,2.0,0.0,-0.482803364193296,0.0,0
79015,0,0,0.1180720660887542,0.7358091061512702,0.0,-1.149215658364939,0,26.0,0,0.0,-0.1908343718922149,-0.3062660293261461,-0.13107973067417975,0.0,0.0,1.5928580147576041,0.0,0
79016,1,0,0.11332625496986726,0.6193799115224466,4046.86,-0.2582201692163416,0,16.0,0,0.0,0.48671223830386184,-0.07059935230006469,-0.13107973067417975,0.0,0.0,1.5928580147576041,0.0,0
79018,0,0,0.0710255360784449,1.1948268392291586,0.0,-0.8522171619820733,0,16.0,0,0.0,0.7125611083692208,-0.07059935230006469,-0.13107973067417975,0.0,0.0,1.5928580147576041,0.0,0
79019,0,0,0.2306264255165943,0.1332077258175239,20000.0,-1.149215658364939,0,16.0,0,0.0,-0.5296076769902532,-0.3062660293261461,-0.13107973067417975,0.0,0.0,1.5928580147576041,0.0,0
79020,0,0,0.23451106774885644,2.3128248632904644,0.0,-0.2582201692163416,0,26.0,0,2.0,-0.8683809820882916,-0.5419327063522275,-0.13107973067417975,0.0,0.0,1.5928580147576041,0.0,0
79021,0,0,0.14734755245734774,0.3044079950173044,0.0,-0.2582201692163416,0,26.0,0,0.0,-0.4166832419575738,-1.2489327374304717,-0.13107973067417975,0.0,0.0,1.5928580147576041,0.0,0
79023,0,0,0.08279673918439819,2.5464081690645792,0.0,1.2267723126979877,1,26.0,0,0.0,-0.4166832419575738,-0.07059935230006469,-0.13107973067417975,1.0,3.0,-0.482803364193296,0.0,0
79025,0,0,0.32026475081922223,0.41016920094528636,8093.72,0.6327753199322559,0,41.0,0,2.0,-0.9813054171209711,1.8147340639085865,-0.13107973067417975,0.0,0.0,-0.482803364193296,0.0,0
79026,0,0,0.3487219459331838,0.19164496052801339,1225.0,-0.5552186655992074,0,23.0,0,2.0,-1.20715428718633,0.6364006787781795,-0.13107973067417975,0.0,0.0,-0.482803364193296,0.0,0
79028,0,0,0.37945886551813124,0.13979611484377935,20618.0,-0.2582201692163416,0,26.0,0,2.0,-0.5296076769902532,0.1650673247260167,-0.13107973067417975,0.0,0.0,-0.482803364193296,0.0,0
79029,1,1,0.2515077376547668,0.6225433212198389,20000.0,-0.5552186655992074,0,24.0,0,2.0,-0.4166832419575738,-1.2489327374304717,-0.13107973067417975,0.0,0.0,-0.482803364193296,0.0,0
79030,0,0,0.3418368558604597,0.42859591976684386,12140.58,-0.2582201692163416,0,11.0,0,2.0,0.1479389332058235,0.4007340017520981,-0.13107973067417975,0.0,0.0,-0.482803364193296,0.0,0
79032,0,0,0.34780507004241173,0.08454514710855597,30255.0,0.9297738163151218,0,22.0,0,2.0,-0.4166832419575738,-1.2489327374304717,-0.13107973067417975,0.0,0.0,-0.482803364193296,0.0,0
79033,0,0,0.2608814219603462,0.058320222541640106,18093.72,-1.149215658364939,0,26.0,0,1.0,-1.3200787222190096,0.8720673558042609,-0.13107973067417975,0.0,0.0,-0.482803364193296,0.0,0
79034,0,0,0.23401095881546427,0.8833139446210904,12140.58,-0.8522171619820733,0,22.0,0,2.0,-1.20715428718633,0.6364006787781795,-0.13107973067417975,0.0,0.0,-0.482803364193296,0.0,0
79035,0,0,0.1588348694698171,0.6972288231050404,12140.58,-0.2582201692163416,0,26.0,0,2.0,0.3737878032711824,0.8720673558042609,-0.13107973067417975,1.0,0.0,-0.482803364193296,0.0,0
79036,0,0,0.20633675041981903,1.4188562920079444,12140.58,-0.2582201692163416,0,23.0,0,1.0,-1.0942298521536507,2.9930674490389935,-0.13107973067417975,0.0,0.0,-0.482803364193296,0.0,0
79038,0,0,0.2696037299157444,0.11545675330607007,1365.0,0.6327753199322559,1,43.0,0,1.0,1.954729893728695,0.1650673247260167,-0.13107973067417975,0.0,1.5,0.34746118738706405,0.0,0
79039,0,0,0.25429792058909734,0.20431990848408865,0.0,0.6327753199322559,1,23.0,0,1.0,-0.07790993685953543,1.1077340328303422,-0.13107973067417975,0.0,0.0,1.2469144515991206,1.0,0
79041,0,0,0.3639528733072765,0.0,0.0,-1.446214154747805,1,16.0,0,2.0,-1.0942298521536507,-1.2489327374304717,-0.13107973067417975,0.0,1.5,0.555027325282154,0.0,0
79042,0,0,0.2719597440081287,0.3267315395394274,12140.58,-0.2582201692163416,0,26.0,0,2.0,0.7125611083692208,-0.07059935230006469,-0.13107973067417975,0.0,3.0,-0.482803364193296,0.0,0
79043,0,0,0.32715451863758127,0.44651976448624914,0.0,-0.2582201692163416,1,26.0,0,2.0,-0.1908343718922149,0.1650673247260167,-0.13107973067417975,1.0,0.0,0.20908376212367072,1.0,0
79045,0,0,0.2631558056956164,0.5009367038551452,430.0,0.03877832716652424,1,41.0,0,0.0,-0.9813054171209711,0.1650673247260167,-0.13107973067417975,0.0,0.0,0.555027325282154,0.0,0
79046,0,0,0.2754728192792911,0.0,8093.72,-1.446214154747805,1,23.0,0,2.0,-0.8683809820882916,-1.2489327374304717,-0.13107973067417975,0.0,0.0,0.34746118738706405,0.0,0
79047,0,0,0.3540001758488822,0.2876445274907353,12140.58,1.2267723126979877,1,41.0,0,2.0,0.3737878032711824,-0.3062660293261461,-0.13107973067417975,0.0,0.0,-0.2060485136665093,0.0,0
79056,0,0,0.22869987845412076,0.0,0.0,-0.5552186655992074,1,42.0,0,0.0,0.8254855434019003,-0.07059935230006469,-0.13107973067417975,0.0,0.0,0.9009708884406373,0.0,0
79061,0,0,0.24864727923519334,0.17772119465369254,0.0,-1.149215658364939,1,41.0,0,2.0,0.1479389332058235,-0.07059935230006469,-0.13107973067417975,0.0,0.0,0.20908376212367072,0.0,0
79062,0,0,0.2960814851804658,0.13768480798289928,0.0,-0.2582201692163416,1,26.0,0,2.0,-0.6425321120229327,-1.2489327374304717,-0.13107973067417975,0.0,0.0,0.6242160379138507,0.0,0
79064,0,0,0.13996561803150578,0.43639241608755197,4046.86,0.6327753199322559,0,26.0,0,2.0,1.277183283532618,0.6364006787781795,8.840198213786854,0.0,0.0,-0.482803364193296,0.0,0
79065,0,0,0.0891745716407115,1.1639401040961002,10000.0,-1.149215658364939,1,21.0,0,0.0,0.03501449817314403,-0.3062660293261461,-0.13107973067417975,1.0,0.0,0.20908376212367072,0.0,0
79067,0,0,0.08075530657094593,0.22737764879240188,30000.0,-1.149215658364939,1,0.0,0,0.0,-0.1908343718922149,-1.2489327374304717,-0.13107973067417975,0.0,0.0,0.20908376212367072,0.0,0
79068,0,0,0.28203683452691114,0.33708825594821673,0.0,-1.446214154747805,0,0.0,0,2.0,-0.4166832419575738,-1.2489327374304717,-0.13107973067417975,0.0,0.0,1.5928580147576041,0.0,0
79069,1,0,0.3030031495562662,0.07212948874284898,0.0,0.6327753199322559,0,26.0,1,1.0,0.3737878032711824,-0.07059935230006469,-0.13107973067417975,1.0,0.0,0.20908376212367072,0.0,0
79070,0,0,0.3627842262369685,0.005480951888822651,0.0,0.03877832716652424,0,41.0,0,2.0,0.48671223830386184,0.1650673247260167,-0.13107973067417975,0.0,0.0,-0.482803364193296,0.0,0
79072,0,0,0.3192845685243606,0.0,0.0,-1.446214154747805,0,16.0,1,2.0,-1.3200787222190096,-1.2489327374304717,-0.13107973067417975,0.0,0.0,0.555027325282154,0.0,0
79073,0,0,0.11040904314771886,0.38271704271228163,0.0,-0.8522171619820733,0,24.0,0,0.0,-0.5296076769902532,-0.3062660293261461,-0.13107973067417975,0.0,0.0,-0.482803364193296,0.0,0
79074,0,0,0.23735935562946578,0.0,0.0,1.5237708090808535,0,26.0,0,2.0,0.3737878032711824,-1.2489327374304717,-0.13107973067417975,2.0,0.0,-0.482803364193296,0.0,0
79075,0,0,0.0451971339362559,0.9381723015311678,0.0,-0.8522171619820733,0,26.0,0,0.0,1.277183283532618,0.6364006787781795,-0.13107973067417975,1.0,0.0,-0.482803364193296,0.0,0
79077,0,0,0.24863731634980676,0.15387149874057868,0.0,-0.2582201692163416,0,14.0,0,2.0,-0.1908343718922149,-0.7775993833783089,-0.13107973067417975,1.0,0.0,-0.482803364193296,0.0,0
79078,0,0,0.15578109067787257,0.014799355261806023,10000.0,-0.8522171619820733,0,26.0,0,0.0,-0.5296076769902532,-0.3062660293261461,-0.13107973067417975,0.0,0.0,-0.482803364193296,0.0,0
79080,0,0,0.27561876913189615,0.1762786508057742,0.0,-0.5552186655992074,0,25.0,0,2.0,-0.07790993685953543,-0.3062660293261461,-0.13107973067417975,0.0,0.0,-0.482803364193296,0.0,0
79081,0,0,0.23348685520705784,0.0,0.0,-0.2582201692163416,0,24.0,0,1.0,-0.7554565470556122,-0.5419327063522275,-0.13107973067417975,0.0,0.0,-0.482803364193296,0.0,0
79082,0,0,0.059789170973949916,0.5311881940870132,0.0,-0.8522171619820733,0,26.0,0,0.0,0.3737878032711824,-1.2489327374304717,-0.13107973067417975,0.0,0.0,-0.482803364193296,0.0,0
79083,0,0,0.18326865080271618,0.20767048138871824,10000.0,-0.2582201692163416,0,21.0,0,1.0,0.03501449817314403,-0.5419327063522275,-0.13107973067417975,1.0,0.0,-0.482803364193296,0.0,0
79085,0,0,0.1991182877410795,0.48651542565593975,50.0,-1.149215658364939,0,26.0,0,1.0,-0.9813054171209711,-0.7775993833783089,-0.13107973067417975,0.0,3.0,-0.482803364193296,0.0,0
79087,0,0,0.22528381103839443,0.0,0.0,-0.8522171619820733,1,26.0,0,2.0,-0.4166832419575738,-1.2489327374304717,-0.13107973067417975,0.0,3.0,-0.482803364193296,0.0,0
79088,0,0,0.3246148391196334,0.017724327757353973,0.0,-1.446214154747805,0,41.0,0,2.0,-0.1908343718922149,-1.2489327374304717,-0.13107973067417975,0.0,0.0,-0.482803364193296,0.0,0
79090,0,0,0.2675793931240837,0.0,0.0,-0.2582201692163416,1,26.0,1,1.0,-0.8683809820882916,-1.2489327374304717,-0.13107973067417975,0.0,3.0,-0.482803364193296,0.0,0
79091,0,0,0.16570423442881033,0.18710965275478134,0.0,0.03877832716652424,0,41.0,0,1.0,0.03501449817314403,-1.2489327374304717,-0.13107973067417975,0.0,3.0,-0.482803364193296,0.0,0
79092,0,0,0.19437785021195922,0.07588076082474572,0.0,-0.2582201692163416,0,26.0,0,0.0,-1.433003157251689,-0.3062660293261461,-0.13107973067417975,0.0,3.0,-0.2060485136665093,0.0,0
79093,0,0,0.16382539537987648,0.0,0.0,-1.149215658364939,1,41.0,0,1.0,0.2608633682385029,-1.2489327374304717,-0.13107973067417975,1.0,3.0,-0.482803364193296,0.0,0
79094,0,0,0.35325457614715966,0.08745432190424633,0.0,0.3357768235493901,0,24.0,0,2.0,-0.8683809820882916,-0.3062660293261461,-0.13107973067417975,0.0,0.0,-0.482803364193296,0.0,0
79095,0,0,0.17195548078797318,0.3490322600437099,0.0,0.3357768235493901,1,26.0,0,1.0,-0.5296076769902532,-1.2489327374304717,-0.13107973067417975,1.0,3.0,0.001517624228580711,0.0,0
79096,0,0,0.259564662248773,0.0629532634971797,0.0,2.414766298229451,0,41.0,0,2.0,0.9384099784345797,-0.07059935230006469,-0.13107973067417975,0.0,0.0,-0.13685980103481263,0.0,0
79097,1,0,0.15887601756350467,0.6229063278538748,0.0,0.6327753199322559,1,34.0,0,2.0,0.9384099784345797,-1.2489327374304717,-0.13107973067417975,1.0,0.0,-0.482803364193296,0.0,0
79098,1,1,0.24157296989181024,0.1412722118978971,0.0,-1.446214154747805,0,0.0,0,2.0,-0.8683809820882916,-1.2489327374304717,-0.13107973067417975,1.0,0.0,-0.482803364193296,0.0,0
79099,0,0,0.10107595479718072,0.4167307954889464,0.0,0.3357768235493901,0,26.0,0,0.0,-0.1908343718922149,-0.5419327063522275,-0.13107973067417975,0.0,3.0,-0.482803364193296,0.0,0
79101,0,0,0.36408369371327215,0.0,0.0,-0.5552186655992074,0,24.0,0,2.0,-0.07790993685953543,-0.3062660293261461,-0.13107973067417975,0.0,0.0,0.20908376212367072,0.0,0
79102,0,0,0.08519633816422977,0.05129274531682257,0.0,-1.446214154747805,0,0.0,0,0.0,0.3737878032711824,0.6364006787781795,-0.13107973067417975,0.0,0.0,-0.482803364193296,0.0,0
79104,0,2,0.4488613557827934,0.011931886640108311,100.0,-0.8522171619820733,0,26.0,0,2.0,-1.3200787222190096,-0.3062660293261461,-0.13107973067417975,0.0,0.0,-0.13685980103481263,0.0,0
79105,0,0,0.1951945401538068,1.067823573815084,0.0,-0.8522171619820733,0,41.0,0,2.0,0.2608633682385029,-0.3062660293261461,-0.13107973067417975,0.0,0.0,0.20908376212367072,0.0,0
79106,1,1,0.2467298547701371,0.05137470262342175,0.0,-1.446214154747805,0,0.0,0,2.0,-0.7554565470556122,0.6364006787781795,-0.13107973067417975,0.0,0.0,-0.482803364193296,0.0,0
79108,0,2,0.49796152830193385,0.12035996228175107,0.0,0.03877832716652424,1,26.0,0,2.0,-0.1908343718922149,-0.3062660293261461,8.840198213786854,1.0,0.0,0.34746118738706405,0.0,0
79109,0,0,0.13846116647949572,0.4637155131508209,4046.86,0.9297738163151218,1,26.0,0,2.0,1.8418054586960155,-0.5419327063522275,-0.13107973067417975,0.0,3.0,-0.482803364193296,0.0,0
79110,0,0,0.20964465773088695,0.19932994043976626,0.0,-0.8522171619820733,0,26.0,1,2.0,0.9384099784345797,-0.5419327063522275,-0.13107973067417975,0.0,0.0,-0.13685980103481263,0.0,0
79111,0,0,0.33327217434493706,0.0493226913909279,10000.0,0.9297738163151218,1,24.0,0,2.0,-0.6425321120229327,-0.3062660293261461,-0.13107973067417975,0.0,3.0,-0.482803364193296,0.0,0
79112,0,0,0.17384900300517617,0.5271429670713988,8093.72,0.9297738163151218,0,26.0,0,2.0,1.7288810236633358,0.1650673247260167,-0.13107973067417975,0.0,0.0,0.001517624228580711,0.0,0
79113,0,0,0.23918400834892928,0.089353044178742,0.0,-1.446214154747805,0,26.0,0,2.0,0.03501449817314403,-1.2489327374304717,-0.13107973067417975,0.0,0.0,-0.482803364193296,0.0,0
79114,0,0,0.2025982410644361,0.22652594801642703,0.0,-1.446214154747805,0,26.0,0,2.0,-0.9813054171209711,-1.2489327374304717,-0.13107973067417975,0.0,3.0,-0.482803364193296,0.0,0
79116,1,0,0.2090892379161776,0.516070423190311,50000.0,0.3357768235493901,0,26.0,0,2.0,0.1479389332058235,-1.2489327374304717,-0.13107973067417975,0.0,0.0,-0.482803364193296,0.0,0
79117,1,1,0.07221909428797456,2.026562955166511,0.0,0.03877832716652424,1,26.0,0,0.0,-0.5296076769902532,-1.2489327374304717,-0.13107973067417975,0.0,3.0,-0.482803364193296,0.0,0
79119,0,0,0.0834183730468157,0.633374526735191,10100.0,1.5237708090808535,1,26.0,0,2.0,2.7452009389574514,0.6364006787781795,8.840198213786854,0.0,0.0,0.34746118738706405,0.0,0
79120,0,0,0.2375335526213024,0.013350204651736575,0.0,1.5237708090808535,1,26.0,0,2.0,0.2608633682385029,0.4007340017520981,-0.13107973067417975,0.0,3.0,-0.482803364193296,0.0,0
79121,0,0,0.2070163614156535,1.798588389149225,0.0,0.03877832716652424,1,41.0,0,2.0,-0.3037588069248943,-0.07059935230006469,-0.13107973067417975,0.0,3.0,0.07070633686027739,0.0,0
79122,0,0,0.31444930976819735,0.9415586258414654,1072.0,0.9297738163151218,1,32.0,0,2.0,-0.6425321120229327,1.5790673868825051,-0.13107973067417975,0.0,0.0,0.762593463177244,0.0,0
79123,0,0,0.1614876334600814,0.6630985630133912,34046.86,0.03877832716652424,1,26.0,0,2.0,0.3737878032711824,-0.07059935230006469,-0.13107973067417975,0.0,0.0,0.20908376212367072,0.0,0
79124,0,0,0.16885957465602855,0.6662006806233772,450.0,0.6327753199322559,1,26.0,0,2.0,1.051334413467259,1.5790673868825051,-0.13107973067417975,0.0,3.0,0.07070633686027739,0.0,0
79125,0,0,0.2578124296040416,0.6825351415027597,22140.58,0.3357768235493901,1,23.0,0,2.0,-0.5296076769902532,-0.07059935230006469,-0.13107973067417975,0.0,0.0,0.20908376212367072,0.0,0
79127,0,0,0.328741591697763,0.9215021307439083,54046.86,0.03877832716652424,1,26.0,0,2.0,-0.4166832419575738,0.4007340017520981,-0.13107973067417975,0.0,0.0,3.6685193937085043,0.0,0
79128,0,0,0.22369529697474314,0.6407621421751752,0.0,-0.5552186655992074,1,32.0,0,2.0,-0.07790993685953543,0.4007340017520981,-0.13107973067417975,0.0,0.0,0.555027325282154,0.0,0
79129,0,0,0.387863877647913,0.22224413576795582,0.0,-0.8522171619820733,1,26.0,0,2.0,-1.20715428718633,0.4007340017520981,-0.13107973067417975,0.0,0.0,1.2469144515991206,0.0,0
79131,0,0,0.20628080555206055,1.5877956490483154,505.0,-1.446214154747805,1,16.0,0,2.0,-0.9813054171209711,0.1650673247260167,-0.13107973067417975,0.0,0.0,0.07070633686027739,0.0,0
79132,0,0,0.18222964444509102,0.1505854936379008,16187.44,0.03877832716652424,1,16.0,0,1.0,0.48671223830386184,0.4007340017520981,-0.13107973067417975,0.0,0.0,-0.482803364193296,0.0,0
79133,0,0,0.15566094364162134,0.7313062216883632,12140.58,-0.5552186655992074,0,26.0,0,2.0,0.2608633682385029,0.1650673247260167,-0.13107973067417975,0.0,0.0,-0.482803364193296,0.0,0
79134,0,0,0.2329574801500878,0.3773706503042043,776.0,0.3357768235493901,1,22.0,0,1.0,-0.6425321120229327,0.4007340017520981,-0.13107973067417975,0.0,3.0,0.07070633686027739,0.0,0
79136,0,0,0.2984832501029477,0.4334254384069359,16187.44,-0.5552186655992074,0,23.0,0,2.0,-0.8683809820882916,0.1650673247260167,-0.13107973067417975,0.0,0.0,-0.482803364193296,0.0,0
79137,0,0,0.18818400461955323,0.20229606028422598,4046.86,-1.446214154747805,0,32.0,0,1.0,-0.5296076769902532,-1.2489327374304717,-0.13107973067417975,0.0,0.0,0.555027325282154,0.0,0
79138,0,0,0.26149367503742543,0.12579433331455284,10000.0,0.03877832716652424,1,26.0,0,2.0,0.8254855434019003,0.1650673247260167,-0.13107973067417975,0.0,0.0,0.20908376212367072,0.0,0
79139,0,0,0.2773822505243643,0.08887622937233075,16187.44,-0.8522171619820733,0,34.0,0,1.0,-0.6425321120229327,0.4007340017520981,-0.13107973067417975,0.0,3.0,0.20908376212367072,0.0,0
79140,0,0,0.13437921368712988,0.08703301547460635,0.0,-1.446214154747805,0,0.0,0,1.0,-0.8683809820882916,0.8720673558042609,-0.13107973067417975,0.0,3.0,-0.482803364193296,0.0,0
79141,0,0,0.2878258530269679,0.2426121230440217,389.0,-0.5552186655992074,0,16.0,0,2.0,-0.07790993685953543,0.4007340017520981,-0.13107973067417975,0.0,0.0,0.20908376212367072,0.0,0
79142,0,0,0.206028824973762,0.23838975762466907,0.0,-1.149215658364939,0,0.0,0,1.0,-0.7554565470556122,0.8720673558042609,-0.13107973067417975,0.0,0.0,-0.482803364193296,0.0,0
79143,0,0,0.12639359594958646,0.6380349624699911,638.0,0.3357768235493901,1,26.0,0,2.0,1.3901077185652975,1.1077340328303422,-0.13107973067417975,0.0,0.0,0.555027325282154,1.0,0
80011,0,0,0.1683378632374054,0.007412132313938339,0.0,-0.5552186655992074,0,0.0,0,2.0,-0.8683809820882916,2.286067417960749,-0.13107973067417975,0.0,0.0,-0.482803364193296,0.0,1
80012,0,0,0.1336281734179223,0.0,0.0,-0.2582201692163416,0,0.0,0,2.0,-1.3200787222190096,-1.2489327374304717,-0.13107973067417975,0.0,0.0,-0.482803364193296,0.0,1
80015,0,1,0.11937858390645091,0.0005765883480599905,0.0,0.6327753199322559,0,0.0,0,0.0,-0.4166832419575738,0.4007340017520981,-0.13107973067417975,0.0,0.0,-0.482803364193296,0.0,1
80016,1,1,0.10209046729953668,0.0,0.0,3.0087632909951827,0,0.0,0,1.0,-0.07790993685953543,-0.3062660293261461,-0.13107973067417975,0.0,0.0,-0.482803364193296,0.0,1
80017,1,1,0.06616085378921589,0.008497636650433092,25.0,0.6327753199322559,0,0.0,0,0.0,0.03501449817314403,0.4007340017520981,-0.13107973067417975,0.0,0.0,-0.482803364193296,0.0,1
80018,1,1,0.08848620629177033,0.035958608979655096,0.0,0.9297738163151218,0,0.0,0,0.0,-1.20715428718633,0.6364006787781795,-0.13107973067417975,0.0,0.0,-0.482803364193296,0.0,1
80019,0,1,0.16971952302287197,0.0077635486271675795,0.0,0.03877832716652424,0,0.0,0,2.0,-0.6425321120229327,1.5790673868825051,-0.13107973067417975,0.0,0.0,-0.482803364193296,0.0,1
80020,1,1,0.14577513914615883,0.002630315706818935,2023.43,2.414766298229451,0,26.0,0,2.0,0.9384099784345797,-0.07059935230006469,-0.13107973067417975,0.0,0.0,-0.482803364193296,0.0,1
80091,0,0,0.18073311423331995,0.275321449340281,0.0,0.6327753199322559,1,42.0,0,2.0,1.051334413467259,-0.5419327063522275,-0.13107973067417975,0.0,0.2,0.9009708884406373,0.0,1
80092,1,1,0.08800434959850377,0.0,16187.44,0.6327753199322559,1,41.0,0,0.0,-0.7554565470556122,1.1077340328303422,-0.13107973067417975,0.0,0.0,-0.48141958994066203,0.0,1
80095,0,0,0.13590532006039271,0.07352305163913156,0.0,2.711764794612317,1,41.0,1,2.0,3.1968986790881693,0.8720673558042609,-0.13107973067417975,0.0,0.25,0.555027325282154,0.0,1
80097,0,0,0.323734772124634,0.0495889674520643,12140.58,-0.2582201692163416,1,43.0,0,2.0,0.2608633682385029,1.1077340328303422,-0.13107973067417975,0.0,0.0,5.070594060833525,0.0,1
80098,0,0,0.11849840715698767,0.18265015925711423,0.0,1.8207693054637193,1,34.0,0,2.0,1.954729893728695,-0.5419327063522275,-0.13107973067417975,0.0,0.2,0.9009708884406373,0.0,1
80099,0,0,0.06669245812685153,0.0,0.0,-0.5552186655992074,1,26.0,0,2.0,3.5356719841862074,-1.2489327374304717,-0.13107973067417975,0.0,0.0,-0.482803364193296,0.0,1
80100,0,0,0.0837014310997685,0.0,0.0,1.2267723126979877,1,43.0,0,1.0,3.0839742440554896,-0.07059935230006469,-0.13107973067417975,0.0,0.16666666666666666,0.9009708884406373,0.0,1
80102,1,1,0.09765931084948691,0.0344241945853653,36421.740000000005,1.5237708090808535,1,34.0,0,0.0,1.051334413467259,1.1077340328303422,-0.13107973067417975,0.0,0.0,1.5928580147576041,0.0,1
80103,0,0,0.10556963092125564,0.0806297645179505,12140.58,3.0087632909951827,1,16.0,0,0.0,1.277183283532618,1.1077340328303422,-0.13107973067417975,0.0,0.0,1.5928580147576041,0.0,1
80104,0,0,0.1363888076892019,0.34556066731924817,4046.86,2.414766298229451,1,26.0,0,0.0,1.277183283532618,-0.3062660293261461,-0.13107973067417975,0.0,0.2,5.070594060833525,0.0,1
80105,0,0,0.1463569380038019,0.07622387896210525,8093.72,0.6327753199322559,1,22.0,0,2.0,-0.4166832419575738,-0.5419327063522275,-0.13107973067417975,0.0,1.8,-0.482803364193296,0.0,1
80106,0,0,0.23585220206565474,0.059208480125011405,0.0,-1.149215658364939,1,16.0,0,1.0,-1.20715428718633,1.1077340328303422,-0.13107973067417975,0.0,0.0,1.5928580147576041,0.0,1
80107,0,0,0.0773818109037948,0.0907833943439762,0.0,1.2267723126979877,1,0.0,0,1.0,1.503032153597977,-0.07059935230006469,-0.13107973067417975,0.0,0.0,1.5928580147576041,0.0,1
80108,0,0,0.09726281360174648,0.041872323772488514,0.0,0.9297738163151218,1,21.0,0,1.0,0.9384099784345797,-0.3062660293261461,-0.13107973067417975,0.0,0.5,0.9009708884406373,0.0,1
80109,1,1,0.11336549634600324,0.03177124183594186,0.0,-0.2582201692163416,1,13.0,0,0.0,0.03501449817314403,2.757400772012912,-0.13107973067417975,0.0,0.0,-0.13685980103481263,0.0,1
80110,1,0,0.1720811845419579,0.014458615881155148,0.0,-0.5552186655992074,1,22.0,0,0.0,-0.8683809820882916,0.8720673558042609,-0.13107973067417975,0.0,0.0,-0.13685980103481263,0.0,1
89005,1,1,0.24223898398700117,0.061660372822179864,0.0,1.5237708090808535,1,14.0,0,2.0,-0.6425321120229327,-0.3062660293261461,-0.13107973067417975,0.0,0.16666666666666666,0.9009708884406373,0.0,1
89006,0,0,0.1693257595692151,0.009828195009841341,0.0,0.9297738163151218,0,26.0,0,2.0,0.3737878032711824,-0.3062660293261461,-0.13107973067417975,0.0,0.0,-0.482803364193296,0.0,1
89007,1,1,0.18952397257213385,0.0,0.0,0.3357768235493901,0,26.0,0,2.0,-0.8683809820882916,-0.5419327063522275,-0.13107973067417975,0.0,0.0,-0.13685980103481263,0.0,1
89009,0,1,0.14853029561870404,0.0,0.0,0.3357768235493901,1,26.0,0,1.0,0.1479389332058235,1.1077340328303422,-0.13107973067417975,0.0,0.0,-0.27523722629820596,0.0,1
89010,1,1,0.3062957665434923,0.0,0.0,1.8207693054637193,1,26.0,0,2.0,-0.3037588069248943,1.1077340328303422,-0.13107973067417975,0.0,0.0,0.9009708884406373,0.0,1
89011,1,1,0.10737494424085696,0.0,20000.0,0.6327753199322559,0,0.0,0,2.0,-0.6425321120229327,-1.2489327374304717,-0.13107973067417975,0.0,0.0,-0.482803364193296,0.0,1
89016,0,0,0.1200634690264184,0.05127153404429861,225.0,0.6327753199322559,1,42.0,1,0.0,0.1479389332058235,-1.2489327374304717,-0.13107973067417975,0.0,0.25,0.20908376212367072,0.0,1
89017,1,1,0.18819602001694294,0.0429607240325074,12140.58,0.3357768235493901,0,0.0,0,2.0,-0.7554565470556122,0.8720673558042609,-0.13107973067417975,0.0,0.0,-0.13685980103481263,0.0,1
89019,1,0,0.15925352592752332,1.6753527344581103,0.0,0.03877832716652424,0,0.0,0,2.0,-0.1908343718922149,0.1650673247260167,-0.13107973067417975,0.0,0.25,-0.13685980103481263,0.0,1
89020,0,1,0.26195583483753965,0.01423143928065889,0.0,0.9297738163151218,1,26.0,0,2.0,-0.6425321120229327,0.6364006787781795,-0.13107973067417975,0.0,0.0,-0.13685980103481263,0.0,1
89021,1,1,0.17785224912464193,0.025460100385538663,20000.0,0.3357768235493901,0,0.0,0,2.0,-0.6425321120229327,-0.5419327063522275,-0.13107973067417975,0.0,0.25,1.5928580147576041,0.0,1
89022,1,1,0.1703947579884377,0.06444722692789276,12140.58,1.8207693054637193,1,0.0,0,2.0,-0.3037588069248943,-0.5419327063522275,-0.13107973067417975,0.0,0.2,-0.13685980103481263,0.0,1
89023,1,1,0.11640370921469863,0.0,0.0,0.3357768235493901,0,21.0,0,2.0,-0.3037588069248943,-1.2489327374304717,-0.13107973067417975,0.0,0.0,-0.482803364193296,0.0,1
89028,1,1,0.17198099760513239,0.01141986283889749,0.0,0.9297738163151218,0,25.0,0,2.0,-0.7554565470556122,-0.5419327063522275,-0.13107973067417975,0.0,0.0,-0.482803364193296,0.0,1
90002,1,0,0.10639526386369798,0.31457594691021995,4046.86,-1.149215658364939,1,22.0,0,1.0,-0.6425321120229327,0.1650673247260167,-0.13107973067417975,0.0,0.0,-0.482803364193296,0.0,4
90003,1,0,0.05986949825353536,0.0,100.0,-0.8522171619820733,0,26.0,0,0.0,-1.3200787222190096,-1.2489327374304717,-0.13107973067417975,0.0,0.0,-0.482803364193296,0.0,4
90004,0,0,0.11062444601182321,0.39658933174697597,0.0,0.3357768235493901,0,26.0,0,2.0,-0.1908343718922149,-0.07059935230006469,-0.13107973067417975,0.0,0.0,-0.482803364193296,0.0,4
90005,1,1,0.11881069954802909,0.0,10000.0,-0.8522171619820733,0,26.0,0,2.0,-0.1908343718922149,-0.3062660293261461,-0.13107973067417975,0.0,0.0,-0.482803364193296,0.0,4
90006,0,0,0.08966745916108802,0.004971277065841803,250.0,-0.8522171619820733,0,26.0,0,0.0,-1.0942298521536507,-0.07059935230006469,-0.13107973067417975,0.0,0.0,-0.482803364193296,0.0,4
90007,0,0,0.08306046011756522,0.07396436291695907,8903.092,0.6327753199322559,0,26.0,0,1.0,0.2608633682385029,1.5790673868825051,-0.13107973067417975,0.0,0.0,-0.482803364193296,0.0,4
90009,0,0,0.047141988057996305,1.685952849208642,0.0,-0.8522171619820733,1,41.0,0,0.0,1.3901077185652975,-1.2489327374304717,-0.13107973067417975,0.0,3.0,0.9009708884406373,0.0,4
90022,1,1,0.08997041992518556,0.0,500.0,-1.149215658364939,0,13.0,0,1.0,-1.20715428718633,-1.2489327374304717,-0.13107973067417975,0.0,0.0,-0.482803364193296,0.0,4
90028,1,1,0.22818751233825588,0.0,0.0,-0.5552186655992074,1,25.0,0,2.0,-1.0942298521536507,0.4007340017520981,-0.13107973067417975,0.0,0.0,1.9388015779160874,0.0,4
90029,0,1,0.14339596383461814,0.0,12140.58,-0.8522171619820733,0,13.0,0,2.0,-0.9813054171209711,-1.2489327374304717,-0.13107973067417975,0.0,0.0,-0.482803364193296,0.0,4
90041,1,1,0.11074374641210129,0.1524714999661489,10200.0,0.03877832716652424,0,26.0,0,1.0,-0.8683809820882916,0.1650673247260167,-0.13107973067417975,0.0,0.0,1.5928580147576041,0.0,4
90043,0,0,0.04618163448627085,0.03323583965956778,0.0,-0.5552186655992074,0,42.0,0,0.0,0.03501449817314403,-0.5419327063522275,-0.13107973067417975,0.0,0.0,-0.482803364193296,0.0,4
90044,0,0,0.08888618635394596,0.09886216057040727,0.0,0.03877832716652424,0,26.0,0,2.0,0.03501449817314403,-0.3062660293261461,-0.13107973067417975,1.0,3.0,-0.482803364193296,0.0,4
90046,1,1,0.12490619670724734,0.0,200.0,-1.149215658364939,0,28.0,0,1.0,-1.3200787222190096,-0.3062660293261461,-0.13107973067417975,0.0,0.0,0.9009708884406373,0.0,4
90091,1,1,0.09957093606473612,0.0,10000.0,-1.446214154747805,0,26.0,0,2.0,-1.20715428718633,-1.2489327374304717,-0.13107973067417975,0.0,0.0,-0.482803364193296,0.0,4
90092,1,1,0.19094838143703777,0.0,0.0,0.9297738163151218,1,28.0,0,2.0,0.03501449817314403,-1.2489327374304717,-0.13107973067417975,0.0,0.0,2.2847451410745707,0.0,4
90093,1,1,0.11655220934283396,0.0,20000.0,-0.8522171619820733,0,34.0,0,2.0,-0.6425321120229327,-1.2489327374304717,-0.13107973067417975,0.0,0.0,-0.482803364193296,0.0,4
90094,1,1,0.04658732368667217,0.0,10000.0,-0.8522171619820733,0,23.0,0,0.0,-1.3200787222190096,-1.2489327374304717,-0.13107973067417975,0.0,0.0,-0.482803364193296,0.0,4
90095,1,1,0.0716289182396967,0.0,0.0,-1.149215658364939,0,13.0,0,2.0,-0.6425321120229327,-1.2489327374304717,-0.13107973067417975,0.0,0.0,-0.482803364193296,0.0,4
90096,0,0,0.0823307362555746,0.0264847022315553,0.0,-0.2582201692163416,1,23.0,0,1.0,-0.7554565470556122,0.1650673247260167,-0.13107973067417975,0.0,3.0,-0.2060485136665093,0.0,4
90097,1,1,0.1685036656610633,0.0,0.0,-0.5552186655992074,1,28.0,0,2.0,-0.1908343718922149,-1.2489327374304717,-0.13107973067417975,0.0,0.75,2.9766322673915373,0.0,4
90098,1,1,0.16352973378507538,0.0,0.0,-1.149215658364939,1,26.0,0,1.0,-0.6425321120229327,0.1650673247260167,-0.13107973067417975,0.0,0.0,1.7312354400209973,0.0,4
90099,0,0,0.0914348434718316,0.0,0.0,-1.446214154747805,0,16.0,0,2.0,-1.0942298521536507,-1.2489327374304717,-0.13107973067417975,0.0,0.0,-0.482803364193296,0.0,4
90100,1,1,0.14723798456021656,0.0,0.0,0.03877832716652424,1,26.0,0,2.0,0.03501449817314403,-1.2489327374304717,-0.13107973067417975,0.0,0.0,2.5614999916013574,0.0,4
99001,0,1,0.17896269150195052,0.3556994021366811,0.0,0.03877832716652424,0,28.0,0,2.0,-0.3037588069248943,0.4007340017520981,-0.13107973067417975,0.0,0.0,1.9388015779160874,0.0,4
99002,1,1,0.01953481568854831,2.7165410036456583,0.0,-1.446214154747805,0,0.0,0,0.0,-1.433003157251689,-1.2489327374304717,-0.13107973067417975,0.0,0.0,-0.482803364193296,0.0,4
99003,1,1,0.10108815975555703,0.0,0.0,-1.446214154747805,0,27.0,0,2.0,-0.8683809820882916,-1.2489327374304717,-0.13107973067417975,0.0,0.0,-0.482803364193296,0.0,4
99004,1,1,0.18700414209405866,0.13207026640605574,20000.0,0.03877832716652424,1,26.0,0,2.0,-0.7554565470556122,0.6364006787781795,-0.13107973067417975,0.0,0.0,2.1463677158111776,0.0,4
99006,0,0,0.09852810850831496,0.4604786007710347,0.0,0.03877832716652424,0,41.0,0,0.0,0.8254855434019003,-0.07059935230006469,-0.13107973067417975,0.0,0.0,-0.482803364193296,0.0,0
99008,0,0,0.09933242347373201,0.09211105835915873,0.0,-0.8522171619820733,0,23.0,0,2.0,-0.07790993685953543,-1.2489327374304717,-0.13107973067417975,0.0,0.0,-0.482803364193296,0.0,4
99010,1,1,0.048529608540807824,0.015572851948245228,10000.0,-1.446214154747805,0,13.0,0,0.0,-1.3200787222190096,-0.5419327063522275,-0.13107973067417975,0.0,0.0,-0.482803364193296,0.0,4
99011,1,1,0.18862333555531943,0.14584808547966052,0.0,-1.149215658364939,1,28.0,0,1.0,-0.9813054171209711,0.6364006787781795,-0.13107973067417975,0.0,0.0,2.2847451410745707,0.0,4
99013,0,0,0.22521566983456495,0.04542451208568645,4046.86,-0.8522171619820733,1,26.0,0,2.0,-0.7554565470556122,0.6364006787781795,-0.13107973067417975,0.0,0.0,1.2469144515991206,0.0,4
99014,0,0,0.22437815054061272,0.46334235431463194,16187.44,-0.8522171619820733,1,28.0,0,2.0,-0.7554565470556122,0.1650673247260167,0.7660480637719236,0.0,0.0,0.34746118738706405,0.0,4
99015,1,1,0.12605559490701132,0.0,10000.0,-1.446214154747805,0,16.0,0,2.0,-0.9813054171209711,-1.2489327374304717,-0.13107973067417975,0.0,0.0,-0.482803364193296,0.0,4
99016,1,1,0.04133761136235899,0.0,8093.72,0.03877832716652424,0,26.0,0,0.0,0.48671223830386184,-1.2489327374304717,-0.13107973067417975,1.0,0.0,-0.482803364193296,0.0,4
99017,0,1,0.12561731071673773,0.0,20000.0,-1.149215658364939,0,26.0,0,2.0,-0.7554565470556122,-0.07059935230006469,-0.13107973067417975,0.0,0.0,-0.482803364193296,0.0,4
99019,1,1,0.20617798068608797,0.0,4046.86,-1.149215658364939,1,26.0,0,2.0,-0.4166832419575738,0.6364006787781795,-0.13107973067417975,0.0,0.0,-0.482803364193296,0.0,4
99020,1,0,0.04599363285354787,0.0,0.0,-0.5552186655992074,0,24.0,0,0.0,0.3737878032711824,-1.2489327374304717,-0.13107973067417975,0.0,0.0,-0.482803364193296,0.0,4
99021,0,0,0.04174517678758388,0.0,0.0,-1.446214154747805,0,26.0,0,0.0,0.5996366733365414,-1.2489327374304717,-0.13107973067417975,0.0,0.0,-0.482803364193296,0.0,4
99029,1,1,0.09939958648665183,0.0,10000.0,-1.149215658364939,0,16.0,0,2.0,-0.1908343718922149,-1.2489327374304717,-0.13107973067417975,0.0,0.0,-0.482803364193296,0.0,4
99036,0,0,0.03917879604307123,0.14088555781705736,300.0,0.03877832716652424,0,26.0,0,0.0,0.5996366733365414,-0.5419327063522275,-0.13107973067417975,0.0,0.0,-0.482803364193296,0.0,4
99037,0,0,0.03541585277989451,0.0,10000.0,-1.149215658364939,0,15.0,0,0.0,-0.8683809820882916,-1.2489327374304717,-0.13107973067417975,0.0,0.0,-0.482803364193296,0.0,4
99038,0,1,0.23686826957497162,0.04222604704532416,20000.0,-0.5552186655992074,1,26.0,0,2.0,-1.20715428718633,0.6364006787781795,-0.13107973067417975,0.0,0.0,1.4544805894942108,0.0,4
99040,0,0,0.03689848662827352,0.0,8093.72,-0.5552186655992074,0,26.0,0,0.0,-0.1908343718922149,-1.2489327374304717,-0.13107973067417975,0.0,0.0,-0.482803364193296,0.0,4
99041,0,0,0.17309856294115392,0.08324971386647836,0.0,-1.149215658364939,1,28.0,0,1.0,-1.0942298521536507,0.6364006787781795,-0.13107973067417975,0.0,0.0,1.2469144515991206,0.0,4
99044,1,1,0.14049206601035144,0.04061362452294044,0.0,-0.5552186655992074,1,28.0,0,1.0,-0.5296076769902532,0.6364006787781795,-0.13107973067417975,0.0,0.0,2.2847451410745707,0.0,4
99045,1,1,0.1546168958726053,0.0,8093.72,0.6327753199322559,0,16.0,0,2.0,-0.4166832419575738,0.6364006787781795,-0.13107973067417975,0.0,0.0,-0.482803364193296,0.0,4
99046,0,0,0.0259218720607159,0.0027227183620126333,20000.0,-1.149215658364939,0,26.0,0,0.0,0.5996366733365414,-1.2489327374304717,-0.13107973067417975,0.0,3.0,-0.2060485136665093,0.0,4
99048,1,1,0.1403367687731062,0.026875858135596196,0.0,-0.2582201692163416,0,26.0,0,2.0,-0.5296076769902532,-0.3062660293261461,-0.13107973067417975,1.0,0.0,-0.482803364193296,0.0,4
99051,1,1,0.11341258762605351,0.0,0.0,-1.149215658364939,0,26.0,0,2.0,-0.7554565470556122,0.8720673558042609,-0.13107973067417975,0.0,3.0,-0.482803364193296,0.0,4
99052,1,1,0.06373334540251584,0.0,20000.0,-1.446214154747805,1,14.0,0,2.0,0.1479389332058235,-0.07059935230006469,-0.13107973067417975,0.0,1.0,-0.482803364193296,0.0,4
99053,0,0,0.12421349990452003,0.0,8093.72,0.03877832716652424,1,28.0,0,1.0,0.03501449817314403,0.6364006787781795,-0.13107973067417975,0.0,0.0,2.1463677158111776,0.0,4
99054,0,0,0.06042104281188829,0.0,0.0,-0.5552186655992074,0,41.0,0,0.0,-0.9813054171209711,-0.3062660293261461,-0.13107973067417975,0.0,0.0,-0.482803364193296,0.0,4
99055,0,0,0.13195625051936682,0.0,20000.0,0.03877832716652424,1,42.0,0,1.0,0.1479389332058235,0.4007340017520981,-0.13107973067417975,0.0,0.0,2.2847451410745707,0.0,4
99056,0,0,0.12115087131705247,0.14368713687761603,0.0,0.03877832716652424,1,26.0,0,1.0,0.03501449817314403,0.8720673558042609,-0.13107973067417975,0.0,0.0,2.2847451410745707,0.0,4
99058,0,0,0.08541694625582473,0.0,0.0,-1.149215658364939,0,34.0,0,0.0,-0.9813054171209711,-1.2489327374304717,-0.13107973067417975,0.0,0.0,-0.482803364193296,0.0,4
99059,1,0,0.05223853256713578,0.0,20000.0,-1.446214154747805,0,26.0,0,0.0,-1.0942298521536507,-1.2489327374304717,-0.13107973067417975,0.0,0.0,-0.482803364193296,0.0,4
99061,0,0,0.0686904610841005,0.7040797581300217,0.0,-0.8522171619820733,0,28.0,0,1.0,-0.5296076769902532,-0.07059935230006469,-0.13107973067417975,1.0,0.0,-0.482803364193296,0.0,4
99062,0,0,0.0696960365250104,0.0,0.0,-0.2582201692163416,0,26.0,0,1.0,-0.1908343718922149,-0.07059935230006469,-0.13107973067417975,0.0,0.0,-0.482803364193296,0.0,4
99064,0,0,0.05632488494204022,0.0,0.0,-1.446214154747805,0,16.0,0,0.0,-1.0942298521536507,-0.5419327063522275,-0.13107973067417975,0.0,0.0,-0.482803364193296,0.0,4
99065,0,0,0.04246064980752231,0.061603702956145485,10000.0,-1.446214154747805,0,16.0,0,0.0,-0.9813054171209711,-1.2489327374304717,-0.13107973067417975,0.0,0.0,-0.482803364193296,0.0,4
99066,0,0,0.04110981772120844,0.0,10000.0,-1.149215658364939,0,23.0,0,0.0,-1.0942298521536507,-1.2489327374304717,-0.13107973067417975,0.0,0.0,-0.482803364193296,0.0,4
99068,0,0,0.04192931426916705,0.0,50000.0,-1.149215658364939,0,24.0,0,0.0,-0.8683809820882916,-0.07059935230006469,-0.13107973067417975,0.0,0.0,-0.482803364193296,0.0,4
99070,0,0,0.021331166866306817,2.7165410036456583,0.0,-0.2582201692163416,0,26.0,0,0.0,-0.7554565470556122,-1.2489327374304717,-0.13107973067417975,0.0,0.0,-0.482803364193296,0.0,4
99072,1,1,0.06558758850787454,0.0,0.0,-1.446214154747805,0,0.0,0,2.0,-1.0942298521536507,-1.2489327374304717,-0.13107973067417975,0.0,0.0,-0.482803364193296,0.0,4
99074,0,1,0.0759650918043706,0.0,60000.0,0.3357768235493901,0,34.0,0,2.0,0.48671223830386184,-1.2489327374304717,-0.13107973067417975,0.0,0.0,-0.482803364193296,0.0,4
99075,0,0,0.1066777623788125,0.0,0.0,0.3357768235493901,0,26.0,0,2.0,0.03501449817314403,0.1650673247260167,-0.13107973067417975,1.0,0.0,-0.482803364193296,0.0,4
99076,1,1,0.0584231655501505,0.0,60000.0,0.3357768235493901,0,26.0,0,1.0,-0.07790993685953543,0.1650673247260167,-0.13107973067417975,0.0,0.0,-0.482803364193296,0.0,4
99077,0,0,0.07785991521998659,0.0,0.0,-0.2582201692163416,0,34.0,0,1.0,1.051334413467259,-1.2489327374304717,-0.13107973067417975,0.0,0.0,-0.482803364193296,0.0,4
99079,0,0,0.03136921126963491,0.0,60000.0,-0.5552186655992074,0,26.0,0,0.0,-0.3037588069248943,-1.2489327374304717,-0.13107973067417975,0.0,0.0,-0.482803364193296,0.0,4
99080,0,0,0.03381989258965093,0.0,60000.0,-0.5552186655992074,0,42.0,0,0.0,0.3737878032711824,-1.2489327374304717,-0.13107973067417975,0.0,0.0,-0.482803364193296,0.0,4
99083,1,1,0.07790177948362109,0.0,0.0,-1.149215658364939,0,0.0,0,1.0,-1.20715428718633,-0.07059935230006469,-0.13107973067417975,0.0,0.0,-0.482803364193296,0.0,4
99088,1,1,0.1464375635163944,0.1432921368439907,0.0,-0.2582201692163416,0,25.0,0,2.0,-1.0942298521536507,-1.2489327374304717,-0.13107973067417975,0.0,0.0,-0.482803364193296,0.0,4
99094,1,1,0.12753344892538584,0.0,20000.0,0.03877832716652424,0,16.0,0,2.0,-1.0942298521536507,-0.07059935230006469,-0.13107973067417975,0.0,0.0,-0.482803364193296,0.0,4
99096,0,0,0.02763111705451916,2.7165410036456583,0.0,-0.5552186655992074,0,25.0,0,1.0,0.03501449817314403,-0.07059935230006469,-0.13107973067417975,0.0,0.0,-0.482803364193296,0.0,4
99098,0,0,0.05814823681097412,0.0,0.0,-1.149215658364939,0,16.0,1,0.0,-0.6425321120229327,-1.2489327374304717,-0.13107973067417975,0.0,0.0,-0.482803364193296,0.0,4
100031,0,0,0.05281142273506193,0.5502366017387477,10000.0,-0.5552186655992074,0,26.0,0,2.0,0.1479389332058235,-1.2489327374304717,-0.13107973067417975,0.0,0.0,-0.482803364193296,0.0,4
100032,0,0,0.10359354038802021,0.08269736735832879,8093.72,-0.5552186655992074,0,16.0,0,2.0,0.1479389332058235,0.4007340017520981,-0.13107973067417975,0.0,0.0,-0.482803364193296,0.0,4
100034,1,1,0.05198853507696314,0.0,0.0,-0.8522171619820733,0,26.0,0,1.0,0.03501449817314403,-1.2489327374304717,-0.13107973067417975,0.0,0.0,-0.482803364193296,0.0,4
100035,1,1,0.05929953183760389,0.0,10000.0,-0.2582201692163416,0,26.0,0,1.0,0.1479389332058235,-1.2489327374304717,-0.13107973067417975,0.0,0.0,-0.482803364193296,0.0,4
100036,0,0,0.07892479591718371,0.0,0.0,-1.149215658364939,0,16.0,0,2.0,-0.07790993685953543,-1.2489327374304717,-0.13107973067417975,0.0,0.0,-0.482803364193296,0.0,4
100037,1,1,0.08439001247485967,0.142055419151175,0.0,-1.149215658364939,1,16.0,0,1.0,-0.8683809820882916,-1.2489327374304717,-0.13107973067417975,0.0,1.0,-0.482803364193296,0.0,4
100038,0,0,0.04150898160334766,0.0,0.0,-0.8522171619820733,0,42.0,0,0.0,0.7125611083692208,-1.2489327374304717,-0.13107973067417975,0.0,0.0,-0.482803364193296,0.0,4
100039,0,0,0.08612837506014197,0.0,0.0,-1.446214154747805,0,15.0,0,2.0,-1.0942298521536507,-1.2489327374304717,-0.13107973067417975,0.0,0.0,-0.482803364193296,0.0,4
100040,0,0,0.05504679969961684,0.15110255372801967,0.0,0.03877832716652424,0,23.0,0,0.0,-0.4166832419575738,-1.2489327374304717,-0.13107973067417975,0.0,0.0,0.20908376212367072,0.0,4
100118,1,1,0.10277140163344689,0.0,8093.72,-0.5552186655992074,0,26.0,0,2.0,-0.5296076769902532,-1.2489327374304717,-0.13107973067417975,0.0,0.0,-0.482803364193296,0.0,4
109005,1,1,0.09235470090513774,0.4733111665936979,100.0,-0.5552186655992074,0,41.0,0,1.0,-0.4166832419575738,-1.2489327374304717,-0.13107973067417975,0.0,0.0,-0.482803364193296,0.0,4
109006,0,0,0.16733626470124738,0.10098586885426312,0.0,-0.2582201692163416,0,41.0,0,2.0,0.03501449817314403,-0.07059935230006469,-0.13107973067417975,0.0,0.0,-0.482803364193296,0.0,4
109007,0,0,0.08319526151798072,0.032257310488300876,14164.01,-0.2582201692163416,0,26.0,0,1.0,0.5996366733365414,-1.2489327374304717,-0.13107973067417975,0.0,0.0,-0.482803364193296,0.0,4
109008,1,1,0.08001622182543987,0.781332608066117,0.0,-1.149215658364939,0,41.0,0,1.0,-0.9813054171209711,-1.2489327374304717,8.840198213786854,0.0,0.0,-0.482803364193296,0.0,4
109009,0,0,0.17525041140616868,0.5200452137060224,0.0,0.03877832716652424,0,41.0,0,2.0,1.3901077185652975,0.6364006787781795,-0.13107973067417975,0.0,0.0,-0.482803364193296,0.0,4
109012,1,1,0.07954501777402391,0.0596063003859508,8093.72,0.3357768235493901,0,26.0,0,2.0,1.954729893728695,-1.2489327374304717,-0.13107973067417975,0.0,0.0,-0.482803364193296,0.0,4
109014,1,1,0.023411145755269105,2.7165410036456583,0.0,-0.2582201692163416,0,26.0,0,2.0,0.5996366733365414,-0.5419327063522275,-0.13107973067417975,0.0,0.0,-0.482803364193296,0.0,4
109016,1,1,0.0418800721717342,0.03464523281596452,0.0,0.03877832716652424,0,26.0,0,0.0,-0.5296076769902532,-1.2489327374304717,-0.13107973067417975,0.0,3.0,1.9388015779160874,0.0,4
109018,0,0,0.08132102462484285,0.06933676235139871,0.0,-1.446214154747805,0,0.0,0,2.0,-1.0942298521536507,-0.3062660293261461,-0.13107973067417975,0.0,0.0,-0.482803364193296,0.0,4
109019,0,0,0.07314865599886053,0.8049455856784081,0.0,0.3357768235493901,0,26.0,0,1.0,-0.8683809820882916,-1.2489327374304717,-0.13107973067417975,0.0,0.0,-0.482803364193296,0.0,4
109020,0,0,0.07940703071669385,0.37202380952380953,0.0,-0.5552186655992074,0,26.0,0,2.0,-0.4166832419575738,0.4007340017520981,-0.13107973067417975,0.0,0.0,-0.482803364193296,0.0,4
109021,0,0,0.034328594869216446,1.717622810030917,0.0,0.9297738163151218,0,26.0,1,1.0,0.48671223830386184,-1.2489327374304717,-0.13107973067417975,0.0,0.0,-0.482803364193296,0.0,4
109023,0,0,0.0757660826919291,0.4957956528637157,0.0,-0.8522171619820733,0,26.0,0,2.0,-0.7554565470556122,-0.5419327063522275,-0.13107973067417975,0.0,0.0,-0.482803364193296,0.0,4
109028,0,0,0.04007898150884436,2.7165410036456583,100.0,-1.446214154747805,0,16.0,0,2.0,-0.7554565470556122,-1.2489327374304717,-0.13107973067417975,0.0,0.0,-0.482803364193296,0.0,4
109029,0,0,0.050973404281455574,2.7165410036456583,0.0,-1.149215658364939,0,23.0,0,2.0,-0.9813054171209711,0.4007340017520981,-0.13107973067417975,0.0,0.0,-0.482803364193296,0.0,4
109038,1,1,0.095202728661553,0.05505194506401076,0.0,-0.2582201692163416,1,26.0,0,0.0,-0.4166832419575738,0.1650673247260167,-0.13107973067417975,0.0,0.0,1.177725738967424,0.0,4
109040,0,0,0.030588663251128443,0.38036874636800677,4046.86,-1.149215658364939,0,16.0,0,0.0,0.7125611083692208,-1.2489327374304717,-0.13107973067417975,0.0,0.0,-0.482803364193296,0.0,4
109041,1,1,0.06311231370153804,1.2057393191591979,0.0,-0.5552186655992074,0,26.0,0,2.0,-0.07790993685953543,-1.2489327374304717,-0.13107973067417975,0.0,0.0,-0.482803364193296,0.0,4
109042,1,1,0.08676506061731794,0.7968381462357366,0.0,-1.149215658364939,0,16.0,0,2.0,-1.0942298521536507,0.1650673247260167,-0.13107973067417975,0.0,0.0,-0.482803364193296,0.0,4
109046,0,0,0.20831290311013406,0.022917602893804116,0.0,-0.5552186655992074,0,26.0,0,2.0,-0.5296076769902532,0.1650673247260167,-0.13107973067417975,0.0,0.0,-0.482803364193296,0.0,4
109047,0,0,0.017991267998292964,2.695999137280276,0.0,-0.8522171619820733,0,14.0,0,0.0,-0.1908343718922149,-1.2489327374304717,-0.13107973067417975,0.0,0.0,-0.482803364193296,0.0,4
109048,0,0,0.09371418178608244,0.26504108136761195,0.0,-1.149215658364939,0,26.0,0,2.0,0.03501449817314403,-0.3062660293261461,-0.13107973067417975,0.0,0.0,-0.482803364193296,0.0,4
109049,0,0,0.10075611217665165,0.040215555376819756,8093.72,0.6327753199322559,0,26.0,1,2.0,1.277183283532618,-1.2489327374304717,-0.13107973067417975,0.0,0.0,-0.482803364193296,0.0,4
109052,0,0,0.10587555034312728,0.14940032370070136,0.0,0.3357768235493901,0,24.0,0,2.0,-0.7554565470556122,-1.2489327374304717,-0.13107973067417975,0.0,0.0,-0.482803364193296,0.0,4
109053,1,1,0.07013779824055026,0.7942811755361397,0.0,-0.5552186655992074,0,26.0,0,2.0,-0.6425321120229327,0.6364006787781795,-0.13107973067417975,0.0,0.0,-0.482803364193296,0.0,4
109055,0,0,0.08751116656328199,0.2066158391702308,0.0,-1.149215658364939,0,26.0,0,2.0,0.48671223830386184,-0.5419327063522275,-0.13107973067417975,0.0,0.0,-0.482803364193296,0.0,4
109056,0,0,0.038773555398948854,0.0,0.0,-0.2582201692163416,0,26.0,0,0.0,-1.0942298521536507,-1.2489327374304717,-0.13107973067417975,0.0,0.0,-0.482803364193296,0.0,4
109057,0,0,0.0729708519442981,0.0,0.0,0.03877832716652424,0,26.0,0,2.0,-0.1908343718922149,-1.2489327374304717,-0.13107973067417975,0.0,0.0,-0.482803364193296,0.0,4
109058,0,0,0.08562194310061429,0.0122737035900583,4046.86,-0.5552186655992074,0,42.0,0,2.0,0.5996366733365414,-1.2489327374304717,-0.13107973067417975,1.0,0.0,-0.482803364193296,0.0,4
109059,0,0,0.04035029259473564,0.0,0.0,-0.2582201692163416,0,26.0,0,0.0,-1.20715428718633,-1.2489327374304717,-0.13107973067417975,0.0,0.0,-0.482803364193296,0.0,4
109060,0,0,0.028982389203972485,0.0,0.0,-0.2582201692163416,0,26.0,0,0.0,0.9384099784345797,-1.2489327374304717,-0.13107973067417975,0.0,0.0,-0.482803364193296,0.0,4
109061,0,0,0.04311856473283187,2.6212319790301444,0.0,-0.2582201692163416,0,42.0,0,2.0,-0.3037588069248943,-1.2489327374304717,-0.13107973067417975,0.0,0.0,-0.482803364193296,0.0,4
109062,0,0,0.10715591432612265,0.09233276002534625,0.0,-1.446214154747805,0,34.0,0,2.0,-0.07790993685953543,-0.07059935230006469,-0.13107973067417975,0.0,0.0,-0.482803364193296,0.0,4
109064,0,0,0.03055719936936697,0.0,0.0,0.3357768235493901,0,26.0,0,0.0,-0.3037588069248943,-1.2489327374304717,-0.13107973067417975,0.0,0.0,-0.482803364193296,0.0,4
109066,0,0,0.027679709994209514,0.0,0.0,0.03877832716652424,0,26.0,1,0.0,1.8418054586960155,-1.2489327374304717,-0.13107973067417975,0.0,0.0,-0.482803364193296,0.0,4
109067,0,0,0.09164946543120718,0.0,0.0,-0.2582201692163416,0,16.0,0,2.0,-0.3037588069248943,-1.2489327374304717,-0.13107973067417975,0.0,0.0,-0.482803364193296,0.0,4
109068,0,0,0.1186848537174955,0.13890818169190167,0.0,0.03877832716652424,0,26.0,0,2.0,-0.07790993685953543,1.3434007098564238,-0.13107973067417975,0.0,0.0,-0.482803364193296,0.0,4
109071,0,0,0.11142034029834257,0.0,0.0,-0.2582201692163416,0,34.0,0,2.0,-0.9813054171209711,-1.2489327374304717,-0.13107973067417975,0.0,0.0,-0.482803364193296,0.0,4
109074,0,0,0.07739633012992884,0.5212398819579245,1350.0,0.3357768235493901,0,32.0,0,2.0,1.6159565886306564,1.1077340328303422,-0.13107973067417975,0.0,0.0,-0.482803364193296,0.0,4
109076,0,1,0.12176831754280754,0.12908581983674408,600.0,0.3357768235493901,0,26.0,0,2.0,-0.7554565470556122,-0.7775993833783089,-0.13107973067417975,0.0,0.0,-0.482803364193296,0.0,4
109077,0,1,0.05497807331150195,0.0,8093.72,-1.149215658364939,0,25.0,0,2.0,-0.4166832419575738,-1.2489327374304717,-0.13107973067417975,0.0,3.0,0.20908376212367072,0.0,4
109078,1,1,0.0440597669702481,1.968496412288275,5046.860000000001,-1.149215658364939,0,23.0,0,1.0,-0.9813054171209711,-1.2489327374304717,-0.13107973067417975,0.0,0.0,-0.482803364193296,0.0,4
109080,0,0,0.048072557040968605,0.778649413425118,1200.0,-0.8522171619820733,0,26.0,0,2.0,0.3737878032711824,-1.2489327374304717,-0.13107973067417975,0.0,0.0,-0.482803364193296,0.0,4
109081,1,1,0.08009739676694248,0.0,20234.3,0.6327753199322559,0,26.0,0,2.0,-0.07790993685953543,-1.2489327374304717,-0.13107973067417975,0.0,0.0,-0.482803364193296,0.0,4
109082,1,1,0.07795011265087887,0.16290086382422098,0.0,-0.5552186655992074,0,26.0,0,2.0,-0.7554565470556122,0.6364006787781795,-0.13107973067417975,0.0,3.0,-0.13685980103481263,0.0,4
109083,0,0,0.11236657444479509,0.06955390576495239,4046.86,0.03877832716652424,0,26.0,0,2.0,-0.5296076769902532,0.1650673247260167,-0.13107973067417975,0.0,0.0,-0.482803364193296,0.0,4
109085,0,0,0.07783779308601659,0.0231535077564251,4046.86,-0.5552186655992074,0,26.0,0,2.0,-0.3037588069248943,-1.2489327374304717,-0.13107973067417975,0.0,0.0,-0.482803364193296,0.0,4
109087,0,1,0.10621341136229245,0.34059945504087197,0.0,-0.5552186655992074,0,34.0,0,2.0,-0.5296076769902532,0.6364006787781795,-0.13107973067417975,0.0,0.0,-0.482803364193296,0.0,4
109088,0,0,0.0961163461077796,0.01304376182090915,0.0,0.03877832716652424,0,34.0,0,2.0,-0.07790993685953543,-1.2489327374304717,-0.13107973067417975,0.0,0.0,-0.482803364193296,0.0,4
109091,0,0,0.04365783659319212,0.022209718973022593,0.0,-0.5552186655992074,0,26.0,0,0.0,-0.4166832419575738,-1.2489327374304717,-0.13107973067417975,0.0,0.0,-0.482803364193296,0.0,4
109092,0,0,0.1050354077668445,0.01822644535711682,0.0,-0.5552186655992074,0,41.0,0,2.0,0.3737878032711824,-1.2489327374304717,-0.13107973067417975,0.0,0.0,-0.482803364193296,0.0,4
109093,0,0,0.08466604981368712,0.022807246187931708,0.0,-1.149215658364939,0,23.0,0,2.0,-0.6425321120229327,-0.3062660293261461,-0.13107973067417975,0.0,0.0,-0.482803364193296,0.0,4
109095,0,0,0.04005831948531708,0.2010589102607064,4046.86,0.03877832716652424,0,26.0,1,2.0,2.7452009389574514,-0.5419327063522275,-0.13107973067417975,1.0,0.0,-0.482803364193296,0.0,4
109110,1,0,0.08175354204923445,0.0,0.0,-0.5552186655992074,0,41.0,1,2.0,0.1479389332058235,-1.2489327374304717,-0.13107973067417975,0.0,0.0,-0.482803364193296,0.0,4
109114,0,1,0.09670237467656827,0.0,1800.0,-0.2582201692163416,0,26.0,0,2.0,0.03501449817314403,-0.3062660293261461,-0.13107973067417975,0.0,0.0,-0.482803364193296,0.0,4
109115,0,0,0.19684803299720796,0.0,6070.29,0.03877832716652424,0,26.0,0,2.0,0.5996366733365414,0.1650673247260167,8.840198213786854,0.0,0.0,5.070594060833525,0.0,4
109117,0,0,0.05426636769784257,0.01005397684785974,4046.86,-0.8522171619820733,0,23.0,0,2.0,2.406427633859413,-0.07059935230006469,-0.13107973067417975,0.0,0.0,-0.482803364193296,0.0,4
109119,0,0,0.07726490640002316,0.0,12140.58,0.3357768235493901,0,41.0,0,2.0,1.8418054586960155,0.1650673247260167,-0.13107973067417975,0.0,0.0,-0.482803364193296,0.0,4
109122,0,0,0.14063636782186936,0.11473894105983135,40468.6,0.3357768235493901,0,43.0,0,2.0,2.406427633859413,-0.07059935230006469,-0.13107973067417975,0.0,0.0,-0.482803364193296,0.0,4
109124,0,0,0.09704840673475944,0.0,4046.86,0.03877832716652424,0,26.0,0,2.0,0.5996366733365414,-1.2489327374304717,-0.13107973067417975,0.0,0.0,-0.482803364193296,0.0,4
109128,0,0,0.08467689317576986,0.0,4046.86,-0.8522171619820733,0,26.0,0,2.0,0.1479389332058235,-1.2489327374304717,-0.13107973067417975,0.0,0.0,-0.482803364193296,0.0,4
109129,1,0,0.10611079986055398,0.0,900.0,-1.446214154747805,0,0.0,0,2.0,-0.9813054171209711,-1.2489327374304717,-0.13107973067417975,0.0,0.0,-0.482803364193296,0.0,4
109133,0,0,0.09659073849632512,0.021854404063193368,0.0,0.3357768235493901,0,31.0,0,2.0,0.9384099784345797,-0.3062660293261461,-0.13107973067417975,0.0,0.0,-0.482803364193296,0.0,4
109137,1,1,0.09623265948109354,0.0,0.0,-0.2582201692163416,0,41.0,0,2.0,1.051334413467259,-1.2489327374304717,-0.13107973067417975,0.0,0.0,-0.482803364193296,0.0,4
109154,0,0,0.1312371392969003,0.0,0.0,0.6327753199322559,0,43.0,0,2.0,0.03501449817314403,-0.3062660293261461,0.3174841665488719,0.0,0.0,-0.482803364193296,0.0,4
109156,0,0,0.12801522537462592,0.4356645102587662,0.0,0.3357768235493901,0,26.0,0,2.0,0.03501449817314403,-1.2489327374304717,-0.13107973067417975,0.0,0.0,-0.482803364193296,0.0,4
109169,0,0,0.10120846242930061,0.007344516583918446,0.0,0.3357768235493901,0,34.0,1,2.0,0.48671223830386184,0.8720673558042609,-0.13107973067417975,0.0,0.0,-0.482803364193296,0.0,4
109173,0,0,0.06587431526687508,0.08271754714900187,0.0,-0.5552186655992074,0,26.0,0,2.0,1.8418054586960155,0.1650673247260167,-0.13107973067417975,0.0,0.0,0.555027325282154,0.0,4
109176,1,1,0.0731944888792842,0.0,20234.3,-0.8522171619820733,0,41.0,0,1.0,0.1479389332058235,-1.2489327374304717,-0.13107973067417975,0.0,0.0,-0.482803364193296,0.0,4
110007,0,0,0.09882264104885354,0.0,22000.0,1.2267723126979877,1,43.0,0,0.0,3.561644604243726,0.8720673558042609,-0.13107973067417975,0.0,2.0,0.9009708884406373,0.0,3
110021,0,0,0.14851999075462052,0.7369293319886594,0.0,0.03877832716652424,0,25.0,0,2.0,-0.5296076769902532,-0.07059935230006469,-0.13107973067417975,0.0,0.0,-0.482803364193296,0.0,3
110022,1,0,0.05523573382535773,0.34154863701701926,4046.86,0.3357768235493901,0,26.0,0,0.0,-0.1908343718922149,1.5790673868825051,8.840198213786854,0.0,0.0,-0.482803364193296,0.0,3
110023,0,0,0.1131294611356517,0.0,0.0,0.03877832716652424,0,26.0,0,0.0,-0.3037588069248943,-1.2489327374304717,-0.13107973067417975,0.0,0.0,-0.482803364193296,0.0,3
110024,0,0,0.09697491663771374,0.7290971990544242,3800.0,-0.5552186655992074,0,15.0,0,2.0,-0.1908343718922149,0.4007340017520981,-0.13107973067417975,0.0,0.0,-0.482803364193296,0.0,3
110025,0,0,0.06553081413785854,0.040941414683972104,12140.58,0.6327753199322559,0,26.0,0,0.0,0.3737878032711824,0.1650673247260167,-0.13107973067417975,1.0,0.0,-0.482803364193296,0.0,3
110026,1,0,0.1822101284455159,0.021934946272800626,5350.0,-0.5552186655992074,0,23.0,0,2.0,-0.8683809820882916,0.1650673247260167,-0.13107973067417975,0.0,0.0,-0.482803364193296,0.0,3
110027,0,0,0.19981613181181176,0.1699731769260789,8093.72,0.6327753199322559,0,23.0,0,2.0,-0.07790993685953543,-1.2489327374304717,-0.13107973067417975,0.0,0.0,-0.482803364193296,0.0,3
110028,1,0,0.25248256765441734,0.14881392743031413,1300.0,0.6327753199322559,1,24.0,0,2.0,-0.6425321120229327,0.8720673558042609,0.09320221793734608,0.0,0.0,-0.482803364193296,0.0,3
110029,1,0,0.18774174273981659,0.25390280740943383,0.0,0.9297738163151218,0,26.0,0,2.0,-0.1908343718922149,0.4007340017520981,-0.13107973067417975,0.0,0.0,-0.482803364193296,0.0,3
110030,1,1,0.1926731355253208,0.0,0.0,0.9297738163151218,0,26.0,0,2.0,0.8254855434019003,-1.2489327374304717,-0.13107973067417975,1.0,0.0,-0.482803364193296,0.0,3
110081,0,0,0.17418532637385928,0.6294883487959662,4600.0,0.03877832716652424,1,21.0,0,2.0,-1.0942298521536507,0.4007340017520981,-0.13107973067417975,0.0,0.0,0.20908376212367072,0.0,3
110082,0,0,0.13750175283592297,0.7093759574737067,3000.0,0.03877832716652424,0,23.0,0,2.0,-0.9813054171209711,0.4007340017520981,-0.13107973067417975,0.0,0.0,-0.482803364193296,0.0,3
110083,1,1,0.2449452271294167,0.15191990206409803,8093.72,-0.8522171619820733,0,23.0,0,2.0,-0.9813054171209711,0.4007340017520981,-0.13107973067417975,0.0,0.0,0.4858386126504574,0.0,3
110084,0,0,0.21329520034546298,0.47486722078603627,0.0,-0.5552186655992074,1,15.0,0,2.0,0.2608633682385029,0.4007340017520981,-0.13107973067417975,0.0,1.5,1.1085370263357273,0.0,3
110085,0,0,0.10601113538216604,0.4601332597674427,13100.0,3.3057617873780485,1,16.0,0,2.0,0.48671223830386184,0.1650673247260167,-0.13107973067417975,0.0,0.0,-0.482803364193296,0.0,3
110086,1,1,0.21539050585689323,0.19395064363089978,16187.44,2.711764794612317,1,16.0,0,2.0,-0.8683809820882916,-0.07059935230006469,-0.13107973067417975,0.0,0.0,0.4858386126504574,0.0,3
110087,1,0,0.20978632264040123,0.667504977114124,0.0,0.3357768235493901,1,16.0,0,2.0,-0.07790993685953543,0.4007340017520981,-0.13107973067417975,0.0,0.0,-0.482803364193296,0.0,3
110088,1,0,0.2003039943435129,0.5408751792913855,1100.0,-0.8522171619820733,1,26.0,0,1.0,-0.9813054171209711,0.4007340017520981,8.840198213786854,0.0,0.0,0.4858386126504574,0.0,3
110089,0,0,0.22736576758479435,1.0411529955749215,1600.0,0.03877832716652424,1,16.0,0,2.0,-0.8683809820882916,0.4007340017520981,-0.13107973067417975,0.0,0.0,2.9766322673915373,0.0,3
110090,0,0,0.10322733373783564,0.037223788567652336,32140.58,-0.5552186655992074,0,15.0,0,2.0,0.48671223830386184,-0.07059935230006469,1.663175858218027,0.0,3.0,-0.482803364193296,0.0,3
110111,0,0,0.06778994130294859,1.3472474342508705,2100.0,-1.149215658364939,0,15.0,0,2.0,-0.6425321120229327,-0.3062660293261461,-0.13107973067417975,0.0,0.0,-0.482803364193296,0.0,3
110112,0,0,0.2672854604255052,0.21636591804059024,0.0,-0.5552186655992074,1,26.0,0,2.0,-0.7554565470556122,-0.3062660293261461,-0.13107973067417975,0.0,0.0,-0.2060485136665093,0.0,3
110113,0,0,0.15470288995174053,0.9778598389818922,1400.0,0.3357768235493901,1,26.0,0,2.0,0.7125611083692208,-0.5419327063522275,-0.13107973067417975,0.0,3.0,0.07070633686027739,0.0,3
110114,0,0,0.19265304171390554,0.016456967040950267,0.0,-1.149215658364939,0,0.0,0,2.0,-1.0942298521536507,-0.5419327063522275,-0.13107973067417975,0.0,0.0,-0.482803364193296,0.0,3
110115,0,0,0.30225124399042086,0.0,0.0,-1.149215658364939,1,26.0,0,2.0,-0.7554565470556122,-1.2489327374304717,-0.13107973067417975,0.0,0.0,-0.2060485136665093,0.0,3
110116,0,0,0.09981350058742856,0.9811239294154387,2200.0,-1.149215658364939,0,26.0,0,1.0,-0.5296076769902532,-0.5419327063522275,-0.13107973067417975,0.0,0.0,-0.482803364193296,0.0,3
110117,0,0,0.13292196853390556,0.12889094878704532,0.0,1.5237708090808535,1,34.0,0,2.0,2.406427633859413,-0.3062660293261461,-0.13107973067417975,1.0,0.0,-0.482803364193296,0.0,3
110119,0,0,0.15250364156452248,0.47565233494335557,0.0,-0.5552186655992074,0,14.0,0,2.0,-0.5296076769902532,-0.07059935230006469,-0.13107973067417975,0.0,0.0,-0.482803364193296,0.0,3
110120,0,0,0.11301970754108971,0.020855894615751523,8093.72,0.3357768235493901,0,23.0,0,2.0,2.0676543287613747,-0.3062660293261461,-0.13107973067417975,0.0,1.0,-0.482803364193296,0.0,3
110121,0,0,0.1079768994838267,2.7165410036456583,0.0,-1.149215658364939,0,26.0,0,1.0,-0.6425321120229327,-0.3062660293261461,-0.13107973067417975,0.0,0.0,-0.482803364193296,0.0,3
110122,0,0,0.1549816591268496,0.8426433377443324,0.0,0.03877832716652424,0,26.0,0,2.0,-0.3037588069248943,-0.3062660293261461,-0.13107973067417975,0.0,0.0,-0.482803364193296,0.0,3
110123,0,0,0.14989053525287366,0.34654571744910767,16187.44,0.9297738163151218,0,26.0,0,2.0,-0.1908343718922149,-0.07059935230006469,-0.13107973067417975,0.0,0.0,-0.482803364193296,0.0,3
110124,0,0,0.07941817737922797,1.2257310079464103,8093.72,0.3357768235493901,0,26.0,0,2.0,0.5996366733365414,0.1650673247260167,-0.13107973067417975,0.0,0.0,-0.482803364193296,0.0,3
110126,0,0,0.138530409398218,0.17583748629458282,2700.0,0.03877832716652424,0,24.0,0,2.0,0.48671223830386184,-0.5419327063522275,-0.13107973067417975,0.0,0.0,-0.482803364193296,0.0,3
110127,0,0,0.11847595171014517,0.30239131292253874,16187.44,-0.8522171619820733,0,26.0,0,1.0,0.3737878032711824,0.1650673247260167,-0.13107973067417975,0.0,0.0,-0.482803364193296,0.0,3
110128,0,0,0.16820479796098287,0.16858544370788484,20000.0,-0.5552186655992074,0,41.0,0,2.0,0.03501449817314403,-0.07059935230006469,-0.13107973067417975,0.0,0.0,-0.482803364193296,0.0,3
110129,0,0,0.1064870518692874,0.18026374703218853,5500.0,-0.2582201692163416,0,26.0,0,2.0,1.6159565886306564,-0.07059935230006469,-0.13107973067417975,0.0,0.0,-0.482803364193296,0.0,3
110130,0,0,0.11137293596299828,0.21356880411468962,0.0,-0.2582201692163416,0,26.0,0,1.0,0.2608633682385029,0.4007340017520981,-0.13107973067417975,0.0,0.0,-0.482803364193296,0.0,3
110131,0,0,0.0784483541481506,0.20057282114791786,2600.0,-1.149215658364939,1,1.0,0,0.0,-1.3200787222190096,0.4007340017520981,-0.13107973067417975,0.0,3.0,-0.482803364193296,0.0,3
110132,0,0,0.09082289971939045,1.0552724075541497,60000.0,-0.8522171619820733,1,26.0,0,2.0,0.1479389332058235,0.1650673247260167,-0.13107973067417975,0.0,0.0,-0.482803364193296,0.0,3
110133,0,0,0.17517284842203132,0.3261401315431864,8093.72,-0.8522171619820733,1,26.0,0,2.0,-0.6425321120229327,-0.07059935230006469,-0.13107973067417975,0.0,3.0,0.34746118738706405,0.0,3
110134,0,0,0.21215041310614147,2.7165410036456583,1500.0,-0.5552186655992074,1,16.0,0,2.0,-1.3200787222190096,0.8720673558042609,-0.13107973067417975,0.0,0.0,2.9766322673915373,0.0,3
110135,1,1,0.21090622717833005,0.1699146431517571,20234.300000000003,-0.2582201692163416,1,25.0,0,2.0,0.9384099784345797,0.8720673558042609,-0.13107973067417975,0.0,0.0,0.07070633686027739,0.0,3
110136,1,1,0.27230542948137426,0.16385710194275285,0.0,-0.5552186655992074,1,26.0,0,2.0,-0.9813054171209711,0.6364006787781795,-0.13107973067417975,0.0,0.0,-0.2060485136665093,0.0,3
110137,1,1,0.19612061483320975,0.13313695007334295,2450.0,-0.5552186655992074,1,15.0,0,2.0,-1.20715428718633,-0.3062660293261461,0.5417661151603977,0.0,3.0,-0.482803364193296,0.0,3
110138,0,0,0.181900776405884,0.16868768227731457,8093.72,1.8207693054637193,1,42.0,1,2.0,0.8254855434019003,0.1650673247260167,0.3174841665488719,0.0,0.0,-0.482803364193296,0.0,3
110139,0,0,0.1973553020688824,0.18353446470068,34046.86,0.3357768235493901,1,26.0,0,2.0,-0.1908343718922149,-0.07059935230006469,-0.13107973067417975,0.0,3.0,1.5928580147576041,0.0,3
110140,0,0,0.11394274297863183,1.1565948607969745,7850.0,0.03877832716652424,1,26.0,0,2.0,-0.1908343718922149,0.1650673247260167,-0.13107973067417975,0.0,1.0,-0.482803364193296,0.0,3
119001,0,0,0.1417705129585222,0.45955085739823304,3900.0,-0.2582201692163416,0,16.0,0,2.0,-1.20715428718633,-0.07059935230006469,-0.13107973067417975,0.0,0.0,-0.482803364193296,0.0,3
119002,0,0,0.10830106676232014,1.4759902327168801,800.0,0.03877832716652424,0,26.0,0,2.0,-1.0942298521536507,-0.07059935230006469,-0.13107973067417975,0.0,0.0,-0.482803364193296,0.0,3
119003,0,0,0.20257936241583993,0.05958163948083327,0.0,-0.2582201692163416,0,23.0,0,2.0,-1.433003157251689,-0.07059935230006469,-0.13107973067417975,0.0,0.0,-0.482803364193296,0.0,3
119005,1,1,0.2282677744121208,0.08103177875632839,14046.86,0.3357768235493901,0,16.0,0,2.0,-0.1908343718922149,0.1650673247260167,-0.13107973067417975,0.0,0.0,-0.482803364193296,0.0,3
119006,0,0,0.16416392977289182,0.44519151264284984,14046.86,-0.5552186655992074,1,24.0,0,2.0,-0.4166832419575738,0.1650673247260167,-0.13107973067417975,0.0,0.0,-0.482803364193296,0.0,3
119010,0,0,0.20766829483568353,0.03797799054849635,16187.44,-0.5552186655992074,0,26.0,0,2.0,0.3737878032711824,0.1650673247260167,-0.13107973067417975,1.0,0.0,-0.482803364193296,0.0,3
119011,0,1,0.26173250499953404,0.32708014422700604,2000.0,-0.2582201692163416,0,25.0,0,2.0,-1.433003157251689,0.4007340017520981,-0.13107973067417975,0.0,0.0,-0.482803364193296,0.0,3
119012,0,0,0.214118763775472,0.6689298003699184,0.0,0.03877832716652424,0,26.0,0,2.0,-0.6425321120229327,-0.5419327063522275,-0.13107973067417975,0.0,0.0,-0.482803364193296,0.0,3
119013,0,0,0.038680468843148304,0.4271976584891342,0.0,1.8207693054637193,0,26.0,0,0.0,0.48671223830386184,0.1650673247260167,8.840198213786854,0.0,0.0,-0.482803364193296,0.0,3
119014,0,0,0.22625826226865123,0.191304585603836,0.0,0.3357768235493901,0,21.0,0,2.0,-0.8683809820882916,-0.07059935230006469,-0.13107973067417975,0.0,0.0,-0.482803364193296,0.0,3
119015,0,0,0.1310077003207766,0.6946324505191108,0.0,0.6327753199322559,0,42.0,1,2.0,0.9384099784345797,0.1650673247260167,-0.13107973067417975,0.0,0.0,-0.482803364193296,0.0,3
119016,0,0,0.1234283215480778,0.27996564779233546,1700.0,0.6327753199322559,0,25.0,0,0.0,-1.20715428718633,0.1650673247260167,-0.13107973067417975,0.0,0.0,-0.482803364193296,0.0,3
119017,0,0,0.2267702059630852,0.07096261519281724,2950.0,0.03877832716652424,0,16.0,0,2.0,-0.9813054171209711,-0.07059935230006469,1.438893909606501,0.0,0.0,-0.482803364193296,0.0,3
119019,0,0,0.15490438223723058,0.29441866196415223,12140.58,0.03877832716652424,0,25.0,0,2.0,-0.5296076769902532,0.6364006787781795,-0.13107973067417975,0.0,0.0,-0.482803364193296,0.0,3
119020,1,1,0.06795136388290006,1.4845176818033705,0.0,-1.446214154747805,0,14.0,0,2.0,-1.20715428718633,-0.07059935230006469,8.840198213786854,0.0,0.0,-0.482803364193296,0.0,3
119021,0,0,0.08553590170489755,2.7165410036456583,1150.0,-0.8522171619820733,0,11.0,0,2.0,-1.0942298521536507,-0.07059935230006469,-0.13107973067417975,0.0,0.0,-0.482803364193296,0.0,3
119022,1,0,0.19302408649486089,0.13825427332632648,8093.72,0.3357768235493901,0,24.0,0,2.0,-0.6425321120229327,0.4007340017520981,-0.13107973067417975,0.0,0.0,-0.482803364193296,0.0,3
119023,0,0,0.2085641840765605,0.037071631857643866,6650.0,1.5237708090808535,0,26.0,0,2.0,-0.6425321120229327,-0.07059935230006469,-0.13107973067417975,0.0,0.0,-0.482803364193296,0.0,3
119025,0,0,0.17895503274506805,0.08440946290816505,4046.86,0.03877832716652424,0,23.0,0,2.0,-0.5296076769902532,-0.07059935230006469,-0.13107973067417975,1.0,0.0,-0.482803364193296,0.0,3
119026,0,0,0.15385801030655474,0.21785386893200023,1850.0,0.3357768235493901,0,26.0,0,2.0,0.2608633682385029,-0.07059935230006469,-0.13107973067417975,0.0,0.0,-0.482803364193296,0.0,3
119027,0,0,0.21699044573207174,0.49123710104221796,0.0,-0.5552186655992074,0,23.0,0,2.0,-0.5296076769902532,-0.3062660293261461,-0.13107973067417975,0.0,3.0,-0.06767108840311596,0.0,3
119028,1,0,0.10045969109953612,0.32831600974101305,400.0,0.03877832716652424,0,16.0,0,1.0,-0.4166832419575738,0.6364006787781795,-0.13107973067417975,0.0,0.0,-0.482803364193296,0.0,3
119029,0,0,0.1697171830634001,0.0,0.0,-1.149215658364939,0,16.0,0,2.0,-1.0942298521536507,-1.2489327374304717,-0.13107973067417975,0.0,0.0,-0.482803364193296,0.0,3
119030,0,0,0.11698777231304597,0.6420397732682058,0.0,0.3357768235493901,0,23.0,0,2.0,0.1479389332058235,-0.07059935230006469,-0.13107973067417975,0.0,0.0,-0.482803364193296,0.0,3
119031,0,0,0.13605452374383845,0.1542998369407606,12140.58,-0.5552186655992074,0,26.0,0,1.0,-0.1908343718922149,-0.5419327063522275,-0.13107973067417975,0.0,0.0,-0.482803364193296,0.0,3
119032,0,0,0.05478130952589646,0.22747372270463195,4046.86,-0.2582201692163416,0,16.0,0,0.0,-0.5296076769902532,0.4007340017520981,-0.13107973067417975,0.0,0.0,-0.482803364193296,0.0,3
119033,0,0,0.15960710310990486,0.19323671497584538,4046.86,-0.8522171619820733,0,15.0,0,2.0,-0.9813054171209711,-1.2489327374304717,-0.13107973067417975,0.0,0.0,-0.482803364193296,0.0,3
119034,0,0,0.12250939696196872,0.2983366879026438,2850.0,-0.5552186655992074,1,16.0,0,2.0,-0.3037588069248943,0.1650673247260167,-0.13107973067417975,0.0,0.0,-0.482803364193296,0.0,3
119035,0,0,0.2116844885915703,0.054571314529704575,0.0,-1.149215658364939,0,23.0,0,2.0,0.48671223830386184,0.4007340017520981,-0.13107973067417975,0.0,0.0,-0.482803364193296,0.0,3
119036,0,0,0.15856888490336188,0.0,0.0,-1.446214154747805,0,13.0,0,2.0,-0.8683809820882916,-1.2489327374304717,-0.13107973067417975,0.0,0.0,-0.482803364193296,0.0,3
119037,0,0,0.14670524260999404,0.5073215436648608,16187.44,-0.8522171619820733,0,13.0,0,2.0,-0.3037588069248943,-0.7775993833783089,-0.13107973067417975,0.0,0.0,-0.482803364193296,0.0,3
119038,0,0,0.15065434894654375,0.19068703676471632,4046.86,-0.5552186655992074,0,26.0,0,2.0,0.03501449817314403,0.1650673247260167,-0.13107973067417975,0.0,0.0,-0.482803364193296,0.0,3
119040,0,0,0.15327397573050192,0.9963676233625025,0.0,-1.149215658364939,0,15.0,0,2.0,-0.8683809820882916,-0.7775993833783089,-0.13107973067417975,0.0,0.0,-0.482803364193296,0.0,3
119041,0,0,0.17763485317802089,0.5280675669517347,0.0,-0.5552186655992074,0,22.0,0,2.0,-0.6425321120229327,-0.5419327063522275,-0.13107973067417975,0.0,3.0,0.07070633686027739,0.0,3
119043,1,1,0.26237257842662604,0.02437108591590243,250.0,-0.5552186655992074,0,14.0,0,2.0,-1.5459275922843685,-0.3062660293261461,-0.13107973067417975,0.0,0.0,-0.482803364193296,0.0,3
119044,0,0,0.1496517114614905,0.04763789273338633,1800.0,-1.149215658364939,0,25.0,0,2.0,-0.5296076769902532,-0.07059935230006469,-0.13107973067417975,0.0,0.0,-0.482803364193296,0.0,3
119045,0,0,0.13387683611314977,0.41302417532705765,1200.0,0.9297738163151218,0,25.0,0,2.0,0.03501449817314403,0.1650673247260167,-0.13107973067417975,0.0,0.0,-0.482803364193296,0.0,3
119046,0,0,0.16767540986569726,0.7590031041348078,3500.0,-0.8522171619820733,0,34.0,0,2.0,0.9384099784345797,-0.07059935230006469,-0.13107973067417975,0.0,0.0,-0.482803364193296,0.0,3
119047,0,0,0.19196883521155717,0.1766352975606393,0.0,-0.2582201692163416,0,26.0,0,2.0,-0.4166832419575738,-0.07059935230006469,-0.13107973067417975,1.0,0.0,-0.482803364193296,0.0,3
119048,0,0,0.18396495272715066,0.15220066440335192,12140.58,-1.446214154747805,0,13.0,0,2.0,-0.9813054171209711,-0.07059935230006469,-0.13107973067417975,0.0,0.0,-0.482803364193296,0.0,3
119049,0,0,0.1256153430523823,0.960677049187218,0.0,0.6327753199322559,0,42.0,0,2.0,1.3901077185652975,-0.07059935230006469,-0.13107973067417975,1.0,1.0,-0.482803364193296,0.0,3
119050,0,0,0.11991010959204262,0.5397597690922772,22140.58,0.03877832716652424,0,26.0,0,2.0,0.8254855434019003,-0.07059935230006469,-0.13107973067417975,3.0,1.0,-0.482803364193296,0.0,3
119052,0,0,0.1705871196563888,0.2732047452326214,2510.0,0.3357768235493901,0,26.0,0,2.0,-0.6425321120229327,0.1650673247260167,-0.13107973067417975,0.0,0.0,-0.482803364193296,0.0,3
119053,0,0,0.22297807604764533,0.22590306032917865,0.0,0.6327753199322559,0,42.0,0,2.0,-0.1908343718922149,0.1650673247260167,-0.13107973067417975,0.0,3.0,-0.482803364193296,0.0,3
119054,0,0,0.11235900037919001,0.4054993449123872,9600.0,-0.2582201692163416,0,25.0,0,2.0,-0.1908343718922149,0.1650673247260167,-0.13107973067417975,0.0,0.0,-0.482803364193296,0.0,3
119057,0,0,0.09775376003744735,0.7896829130259886,3300.0,-0.8522171619820733,0,12.0,0,2.0,-0.7554565470556122,-0.5419327063522275,-0.13107973067417975,0.0,0.0,-0.482803364193296,0.0,3
119058,0,0,0.10410273662828227,1.5218889261785968,550.0,0.03877832716652424,0,26.0,0,2.0,-0.1908343718922149,0.4007340017520981,-0.13107973067417975,0.0,0.0,-0.482803364193296,0.0,3
120001,1,1,0.09308118839572227,0.0,0.0,0.03877832716652424,0,41.0,0,2.0,3.561644604243726,0.4007340017520981,-0.13107973067417975,0.0,0.0,-0.482803364193296,0.0,4
120005,1,1,0.12904309814461026,0.21396751089967558,0.0,-0.2582201692163416,0,26.0,0,2.0,1.503032153597977,0.1650673247260167,-0.13107973067417975,0.0,0.0,-0.482803364193296,0.0,4
120010,1,1,0.16414488896693663,0.0,10000.0,0.3357768235493901,0,26.0,0,2.0,1.277183283532618,-0.3062660293261461,-0.13107973067417975,0.0,0.0,-0.482803364193296,0.0,4
120042,1,0,0.054504500047771846,0.0,20234.3,0.9297738163151218,0,26.0,0,0.0,2.0676543287613747,-1.2489327374304717,-0.13107973067417975,0.0,0.0,-0.482803364193296,0.0,4
120043,0,0,0.10645844824886223,0.41806367732722727,0.0,0.9297738163151218,0,25.0,0,2.0,-0.6425321120229327,-0.07059935230006469,-0.13107973067417975,0.0,0.0,-0.482803364193296,0.0,4
120044,1,1,0.0706821252049976,0.2616217736831001,4046.86,-0.2582201692163416,0,23.0,0,0.0,-1.3200787222190096,1.1077340328303422,-0.13107973067417975,0.0,0.0,-0.482803364193296,0.0,4
120045,1,1,0.05105680293123636,2.172779419433339,9093.720000000001,-0.2582201692163416,0,26.0,0,2.0,0.03501449817314403,0.4007340017520981,-0.13107973067417975,0.0,0.0,0.34746118738706405,0.0,4
120046,1,1,0.09174588187045314,0.20693347380076413,0.0,1.5237708090808535,0,26.0,0,1.0,0.3737878032711824,0.8720673558042609,-0.13107973067417975,2.0,0.0,-0.482803364193296,0.0,4
120047,1,1,0.09024686510330686,0.3456141563558443,12140.58,-0.5552186655992074,0,26.0,0,2.0,0.2608633682385029,0.1650673247260167,-0.13107973067417975,0.0,0.0,-0.482803364193296,0.0,4
120048,0,0,0.11141663308159826,0.20388061721721176,8093.72,-1.149215658364939,0,21.0,0,2.0,0.2608633682385029,-0.5419327063522275,-0.13107973067417975,0.0,0.0,-0.482803364193296,0.0,4
120049,0,0,0.06606881014519526,0.1287616589429225,16187.44,-0.8522171619820733,0,23.0,0,1.0,0.1479389332058235,-0.07059935230006469,-0.13107973067417975,0.0,0.0,-0.482803364193296,0.0,4
120050,0,0,0.04934472275930651,0.4590899816364007,28328.02,-0.5552186655992074,0,23.0,0,1.0,0.3737878032711824,0.4007340017520981,-0.13107973067417975,0.0,0.0,-0.482803364193296,0.0,4
120052,0,0,0.08162087814225644,2.4431948928342804,24281.16,-0.8522171619820733,0,16.0,0,2.0,-0.3037588069248943,1.3434007098564238,-0.13107973067417975,0.0,0.0,0.555027325282154,0.0,4
120053,1,1,0.09600779043756963,0.16608352894282297,8093.72,-1.149215658364939,0,0.0,0,2.0,-0.5296076769902532,1.1077340328303422,-0.13107973067417975,0.0,0.0,-0.482803364193296,0.0,4
120054,1,0,0.039249308273725435,2.701729106628242,0.0,2.711764794612317,0,26.0,0,2.0,0.2608633682385029,-0.07059935230006469,-0.13107973067417975,0.0,0.0,0.555027325282154,0.0,4
120055,1,1,0.10600476942211501,0.34715066973131486,16187.44,0.03877832716652424,0,21.0,0,2.0,-0.5296076769902532,0.6364006787781795,-0.13107973067417975,0.0,0.0,-0.482803364193296,0.0,4
120056,1,1,0.09162116225378548,0.8387502621094569,0.0,0.9297738163151218,0,41.0,0,2.0,-0.07790993685953543,-0.07059935230006469,-0.13107973067417975,0.0,0.0,0.555027325282154,0.0,4
120057,0,0,0.042233699871873774,2.7165410036456583,32374.88,-0.5552186655992074,0,24.0,0,0.0,-0.5296076769902532,0.8720673558042609,-0.13107973067417975,0.0,0.0,0.555027325282154,0.0,4
120058,1,1,0.11146640228214034,0.8276342727708325,0.0,-1.446214154747805,1,26.0,0,2.0,-1.3200787222190096,0.1650673247260167,-0.13107973067417975,0.0,0.0,0.9009708884406373,0.0,4
120059,0,0,0.09393078709613624,0.25995099983002595,60000.0,-0.2582201692163416,0,41.0,0,2.0,1.503032153597977,0.4007340017520981,-0.13107973067417975,0.0,0.0,0.555027325282154,0.0,4
120060,1,1,0.035269965033499384,0.0,0.0,0.03877832716652424,0,26.0,0,0.0,-0.7554565470556122,-1.2489327374304717,-0.13107973067417975,0.0,0.0,-0.482803364193296,0.0,4
120091,0,0,0.082871610755315,0.9080607423158449,0.0,-1.149215658364939,0,16.0,0,2.0,-0.3037588069248943,-0.07059935230006469,-0.13107973067417975,0.0,0.0,-0.482803364193296,0.0,4
120093,0,0,0.07859029134221425,0.23105360443622922,8093.72,-1.149215658364939,0,22.0,0,2.0,0.2608633682385029,-1.2489327374304717,-0.13107973067417975,0.0,0.0,-0.482803364193296,0.0,4
120094,1,1,0.12724192392649983,0.0,0.0,-1.149215658364939,0,16.0,0,2.0,-0.7554565470556122,-0.07059935230006469,-0.13107973067417975,0.0,0.0,0.555027325282154,0.0,4
120099,0,0,0.04044401900864272,0.0,4046.86,-1.149215658364939,0,22.0,0,0.0,0.1479389332058235,0.1650673247260167,-0.13107973067417975,0.0,3.0,-0.482803364193296,0.0,4
120100,0,0,0.09426812491035262,0.0,32374.88,-1.446214154747805,0,22.0,1,2.0,-0.07790993685953543,-0.07059935230006469,-0.13107973067417975,0.0,0.0,-0.482803364193296,0.0,4
129001,0,0,0.029630596632007688,0.8344879707771761,8093.72,1.5237708090808535,0,42.0,0,0.0,1.051334413467259,-0.3062660293261461,-0.13107973067417975,0.0,0.0,-0.482803364193296,0.0,4
129002,1,1,0.1633031232383426,0.04945202187536188,0.0,-0.8522171619820733,0,14.0,0,2.0,0.2608633682385029,3.935734157143319,-0.13107973067417975,0.0,0.0,0.34746118738706405,0.0,4
129003,0,0,0.07654768250992146,0.009584052137243625,20234.3,0.03877832716652424,0,26.0,0,2.0,0.48671223830386184,-1.2489327374304717,-0.13107973067417975,0.0,0.0,-0.482803364193296,0.0,4
129005,0,0,0.04287878728405888,0.07541658368186949,4046.86,0.3357768235493901,0,26.0,0,0.0,-0.4166832419575738,0.1650673247260167,-0.13107973067417975,0.0,0.0,-0.482803364193296,0.0,4
129006,1,1,0.05081950763306418,0.34011482775836244,0.0,-0.5552186655992074,0,41.0,0,0.0,0.2608633682385029,0.4007340017520981,-0.13107973067417975,1.0,0.0,0.001517624228580711,0.0,4
129007,1,1,0.12226926086522562,2.7165410036456583,24281.16,-0.2582201692163416,0,42.0,1,2.0,-0.4166832419575738,3.935734157143319,-0.13107973067417975,0.0,3.0,-0.13685980103481263,0.0,4
129010,1,1,0.046399210898673826,0.31007751937984496,0.0,1.2267723126979877,0,26.0,0,0.0,-0.1908343718922149,0.1650673247260167,-0.13107973067417975,3.0,0.0,-0.482803364193296,0.0,4
129014,0,0,0.07959518611335185,0.0,70.0,-0.8522171619820733,0,27.0,0,2.0,0.7125611083692208,-1.2489327374304717,-0.13107973067417975,0.0,0.0,-0.482803364193296,0.0,4
129017,1,1,0.08768893144464057,0.0,4116.860000000001,-0.2582201692163416,0,42.0,0,2.0,3.1968986790881693,0.6364006787781795,-0.13107973067417975,0.0,0.0,-0.482803364193296,0.0,4
129020,1,0,0.14737631410346774,0.0,0.0,0.6327753199322559,0,26.0,0,2.0,1.3901077185652975,1.5790673868825051,2.5603036526641305,0.0,0.0,-0.13685980103481263,0.0,4
129025,1,1,0.1138489477623002,0.6921088051071947,12140.58,0.9297738163151218,0,26.0,0,2.0,0.3737878032711824,3.935734157143319,-0.13107973067417975,0.0,3.0,0.001517624228580711,0.0,4
129026,1,1,0.21701478885654504,0.5208856633328772,16187.44,-1.149215658364939,0,26.0,1,2.0,-0.9813054171209711,3.935734157143319,-0.13107973067417975,0.0,0.0,-0.482803364193296,0.0,4
129027,1,1,0.04990115027530653,0.48015678588926997,0.0,-0.5552186655992074,0,26.0,0,0.0,0.8254855434019003,-1.2489327374304717,-0.13107973067417975,0.0,0.0,-0.482803364193296,0.0,4
129028,1,1,0.05053548676203728,0.03395602775849694,8093.72,0.03877832716652424,0,26.0,0,0.0,0.48671223830386184,0.1650673247260167,-0.13107973067417975,0.0,0.0,-0.482803364193296,0.0,4
129029,1,1,0.10470704778326285,0.027837152656956802,17187.440000000002,-0.8522171619820733,0,41.0,0,2.0,1.3901077185652975,-1.2489327374304717,-0.13107973067417975,0.0,0.0,-0.482803364193296,0.0,4
129030,0,0,0.10389074249595642,0.0,12140.58,0.03877832716652424,0,42.0,0,2.0,0.7125611083692208,-1.2489327374304717,-0.13107973067417975,0.0,0.0,-0.482803364193296,0.0,4
129031,1,1,0.19551781548003314,0.08661028648922407,5046.860000000001,-0.5552186655992074,0,25.0,0,2.0,0.48671223830386184,3.935734157143319,-0.13107973067417975,0.0,0.0,0.20908376212367072,0.0,4
129032,0,0,0.043294065720938225,0.34881812212738017,0.0,0.3357768235493901,0,26.0,0,0.0,1.8418054586960155,-0.5419327063522275,-0.13107973067417975,1.0,0.0,-0.482803364193296,0.0,4
129034,1,1,0.13393061786031887,0.0,9093.720000000001,-0.5552186655992074,0,26.0,0,2.0,0.8254855434019003,0.8720673558042609,-0.13107973067417975,0.0,0.0,-0.482803364193296,0.0,4
129038,1,1,0.12543867044827747,0.7960268921283424,25281.16,0.9297738163151218,0,26.0,1,2.0,0.3737878032711824,0.4007340017520981,-0.13107973067417975,0.0,0.0,-0.482803364193296,0.0,4
129039,0,1,0.10396039245619365,0.13297872340425532,20234.3,-0.2582201692163416,0,26.0,0,2.0,-0.07790993685953543,0.1650673247260167,-0.13107973067417975,0.0,0.0,-0.482803364193296,0.0,4
129040,0,0,0.024127816866902813,2.4140526127540842,0.0,0.6327753199322559,1,26.0,0,0.0,1.051334413467259,-0.07059935230006469,-0.13107973067417975,0.0,0.0,0.9009708884406373,0.0,4
129041,1,1,0.06536616532780463,0.13982880287802363,16187.44,2.414766298229451,0,26.0,0,1.0,0.3737878032711824,0.4007340017520981,-0.13107973067417975,0.0,0.0,-0.482803364193296,0.0,4
129042,1,1,0.043698062208073894,2.314307291286024,20234.3,-0.8522171619820733,0,23.0,0,2.0,-0.7554565470556122,0.4007340017520981,-0.13107973067417975,0.0,0.0,-0.482803364193296,0.0,4
129044,0,0,0.08180033749012143,0.6568082870439873,20234.3,0.6327753199322559,0,26.0,0,2.0,0.8254855434019003,0.1650673247260167,-0.13107973067417975,0.0,0.0,0.20908376212367072,0.0,4
129046,1,1,0.11459061491855994,0.2569564064724068,41468.6,0.03877832716652424,0,26.0,0,2.0,1.7288810236633358,1.3434007098564238,-0.13107973067417975,0.0,0.0,-0.482803364193296,0.0,4
129047,1,0,0.1028078634876608,0.2521939166737667,12140.58,-0.5552186655992074,0,33.0,0,1.0,-0.7554565470556122,0.8720673558042609,-0.13107973067417975,0.0,0.0,-0.482803364193296,0.0,4
129048,1,1,0.12490071678016941,0.48346181027226126,0.0,0.03877832716652424,0,22.0,0,2.0,-0.7554565470556122,0.1650673247260167,-0.13107973067417975,0.0,0.0,-0.482803364193296,0.0,4
129050,1,1,0.07305789496597888,2.5299997002414423,0.0,0.03877832716652424,0,25.0,0,2.0,-0.4166832419575738,3.464400803091156,-0.13107973067417975,0.0,0.0,-0.482803364193296,0.0,4
129051,0,0,0.028305542833423875,2.7165410036456583,24281.16,0.6327753199322559,0,26.0,0,2.0,0.2608633682385029,-0.07059935230006469,-0.13107973067417975,0.0,0.0,-0.482803364193296,0.0,4
129053,0,0,0.14994158716051229,0.23273415326395458,0.0,-1.149215658364939,0,21.0,0,2.0,-1.0942298521536507,-0.07059935230006469,-0.13107973067417975,0.0,0.0,-0.482803364193296,0.0,4
129054,0,0,0.027122428643795726,2.7165410036456583,16187.44,3.3057617873780485,0,41.0,0,2.0,2.9710498090228104,-0.07059935230006469,-0.13107973067417975,0.0,3.0,-0.482803364193296,0.0,4
129055,1,1,0.08536610002942106,0.687335478210003,0.0,-0.8522171619820733,0,26.0,0,2.0,-0.6425321120229327,0.1650673247260167,-0.13107973067417975,2.0,3.0,-0.482803364193296,0.0,4
129056,1,1,0.07464037546757618,0.9973570039395602,4046.86,-1.446214154747805,0,0.0,0,2.0,-1.0942298521536507,-0.07059935230006469,-0.13107973067417975,0.0,0.0,-0.482803364193296,0.0,4
129057,1,1,0.05882650096527061,1.7404168298307445,1200.0,-1.446214154747805,0,0.0,0,2.0,-1.0942298521536507,0.1650673247260167,-0.13107973067417975,0.0,0.0,-0.482803364193296,0.0,4
129059,1,1,0.10215166970466331,0.05255192129824266,4046.86,-0.5552186655992074,0,26.0,0,2.0,-0.7554565470556122,0.6364006787781795,-0.13107973067417975,0.0,3.0,0.001517624228580711,0.0,4
129060,0,1,0.08980478164857437,1.4904824887922705,5046.860000000001,-0.2582201692163416,0,26.0,0,2.0,-0.7554565470556122,0.8720673558042609,-0.13107973067417975,0.0,0.0,-0.482803364193296,0.0,4
129062,1,1,0.09715423653684437,0.0,4046.86,-0.2582201692163416,0,41.0,0,2.0,1.051334413467259,-1.2489327374304717,-0.13107973067417975,0.0,0.0,-0.482803364193296,0.0,4
129064,0,1,0.15009261331500412,0.025708829146466872,12140.58,0.03877832716652424,0,41.0,0,2.0,0.03501449817314403,-0.07059935230006469,-0.13107973067417975,0.0,0.0,-0.482803364193296,0.0,4
129070,1,1,0.13919475142119217,0.0,4046.86,-0.2582201692163416,0,41.0,0,2.0,0.2608633682385029,0.6364006787781795,-0.13107973067417975,0.0,0.0,-0.482803364193296,0.0,4
129072,1,1,0.136704743226618,0.5006945728895578,0.0,0.3357768235493901,0,42.0,0,2.0,0.5996366733365414,1.1077340328303422,-0.13107973067417975,0.0,0.0,-0.482803364193296,0.0,4
129079,1,1,0.0868905419485408,0.14465331194383885,12140.58,-0.2582201692163416,0,41.0,0,2.0,0.7125611083692208,-0.07059935230006469,-0.13107973067417975,0.0,3.0,-0.2060485136665093,0.0,4
129080,1,1,0.10477726190670857,0.0,4046.86,-1.446214154747805,0,16.0,0,2.0,0.3737878032711824,0.1650673247260167,-0.13107973067417975,0.0,0.0,-0.482803364193296,0.0,4
129083,1,1,0.14680293908850167,0.0,6070.29,-0.2582201692163416,0,25.0,0,2.0,-0.07790993685953543,1.3434007098564238,-0.13107973067417975,1.0,0.0,-0.482803364193296,0.0,4
129084,0,0,0.10750578889885665,0.0,4046.86,-0.8522171619820733,0,41.0,0,2.0,0.8254855434019003,-1.2489327374304717,-0.13107973067417975,0.0,0.0,-0.482803364193296,0.0,4
129089,1,1,0.14712752016886155,0.0,0.0,-0.2582201692163416,1,26.0,0,2.0,1.1642588484999385,0.4007340017520981,-0.13107973067417975,0.0,0.0,1.2469144515991206,0.0,4
129092,0,0,0.1250769100899737,0.0,0.0,0.03877832716652424,1,42.0,0,2.0,3.1968986790881693,3.935734157143319,-0.13107973067417975,0.0,3.0,-0.482803364193296,0.0,4
129095,1,1,0.08074114239144749,0.0,0.0,-0.8522171619820733,0,26.0,1,2.0,0.9384099784345797,-1.2489327374304717,-0.13107973067417975,0.0,0.0,-0.482803364193296,0.0,4
129101,1,1,0.08066526604624341,0.0,0.0,0.3357768235493901,1,42.0,0,1.0,2.2935031988267336,0.1650673247260167,-0.13107973067417975,0.0,0.0,0.555027325282154,0.0,4
129104,1,1,0.07028257808442397,0.0,60000.0,1.5237708090808535,0,42.0,1,2.0,3.561644604243726,0.1650673247260167,8.840198213786854,1.0,0.0,0.555027325282154,0.0,4
129106,1,1,0.15954650685855506,0.0,30000.0,0.3357768235493901,1,34.0,1,2.0,0.48671223830386184,-0.5419327063522275,-0.13107973067417975,0.0,3.0,2.2847451410745707,0.0,4
129114,0,0,0.12931360408120676,0.0,0.0,0.03877832716652424,0,42.0,0,2.0,1.503032153597977,-1.2489327374304717,-0.13107973067417975,0.0,0.0,0.20908376212367072,0.0,4
129123,0,0,0.039277297711884464,0.0,12140.58,0.03877832716652424,0,26.0,0,0.0,0.03501449817314403,0.1650673247260167,-0.13107973067417975,0.0,3.0,-0.2060485136665093,0.0,4
129124,1,1,0.08001609430219127,0.0,0.0,-0.5552186655992074,0,42.0,0,1.0,0.1479389332058235,0.6364006787781795,-0.13107973067417975,0.0,0.0,-0.13685980103481263,0.0,4
129127,1,1,0.09927900232447166,0.0,16187.44,-0.5552186655992074,0,24.0,1,2.0,0.1479389332058235,0.4007340017520981,-0.13107973067417975,0.0,0.0,-0.482803364193296,0.0,4
129128,0,0,0.06068933078830476,0.0,8093.72,0.03877832716652424,0,24.0,0,2.0,0.2608633682385029,-0.07059935230006469,-0.13107973067417975,0.0,3.0,-0.482803364193296,0.0,4
129129,1,0,0.08511337895096371,0.0,20234.3,0.3357768235493901,0,42.0,1,2.0,3.561644604243726,0.6364006787781795,-0.13107973067417975,0.0,0.0,-0.482803364193296,0.0,4
129131,1,1,0.10447511689223253,0.0,40.0,-1.446214154747805,0,0.0,0,2.0,-0.6425321120229327,-0.07059935230006469,-0.13107973067417975,0.0,0.0,-0.482803364193296,0.0,4
129137,0,0,0.10329827971116183,0.4453152832205201,12140.58,-0.8522171619820733,0,26.0,0,2.0,0.03501449817314403,-0.07059935230006469,-0.13107973067417975,0.0,0.0,-0.482803364193296,0.0,4
129139,0,0,0.09626977530353775,0.0,0.0,-0.2582201692163416,0,41.0,0,1.0,0.3737878032711824,-0.3062660293261461,-0.13107973067417975,2.0,0.0,-0.482803364193296,0.0,4
129141,0,1,0.12865386114236402,0.8372051006129659,16187.44,0.03877832716652424,0,41.0,0,2.0,0.7125611083692208,0.4007340017520981,-0.13107973067417975,0.0,0.0,-0.482803364193296,0.0,4
129142,1,1,0.10298577652288447,0.41933605125218404,60000.0,-0.5552186655992074,0,26.0,0,2.0,0.7125611083692208,0.4007340017520981,-0.13107973067417975,1.0,0.0,-0.482803364193296,0.0,4
129143,1,1,0.10822475654178872,0.0,16187.44,0.3357768235493901,0,26.0,0,2.0,0.2608633682385029,-1.2489327374304717,-0.13107973067417975,0.0,0.0,-0.482803364193296,0.0,4
129145,0,0,0.07012079456502164,0.0,12280.58,-0.8522171619820733,0,26.0,0,1.0,1.954729893728695,-0.07059935230006469,-0.13107973067417975,0.0,0.0,0.20908376212367072,0.0,4
129146,1,1,0.12038605412169535,0.0441433794659767,0.0,-1.446214154747805,0,13.0,0,1.0,-0.7554565470556122,0.4007340017520981,1.663175858218027,0.0,0.0,-0.482803364193296,0.0,4
129147,1,1,0.04240400728008493,0.0,24281.16,0.3357768235493901,1,26.0,0,1.0,1.051334413467259,-1.2489327374304717,-0.13107973067417975,0.0,0.0,-0.482803364193296,1.0,4
129153,0,1,0.09374453775205738,0.0,12140.58,-0.2582201692163416,0,26.0,1,2.0,0.3737878032711824,-1.2489327374304717,-0.13107973067417975,0.0,0.0,-0.482803364193296,0.0,4
129154,1,1,0.14371404855475595,0.028335033435339455,10000.0,0.3357768235493901,0,26.0,0,2.0,0.5996366733365414,0.6364006787781795,-0.13107973067417975,0.0,0.0,-0.482803364193296,0.0,4
129156,0,0,0.05790150170636752,0.0,16187.44,-0.5552186655992074,0,26.0,1,1.0,0.5996366733365414,0.6364006787781795,-0.13107973067417975,0.0,3.0,-0.482803364193296,0.0,4
129168,0,0,0.09206769737796154,0.07841399178357739,12140.58,0.03877832716652424,0,31.0,0,1.0,0.8254855434019003,0.6364006787781795,-0.13107973067417975,0.0,0.0,-0.482803364193296,0.0,4
129170,0,0,0.14231342980222575,0.10609514554971747,16187.44,-0.8522171619820733,1,41.0,0,2.0,1.1642588484999385,0.8720673558042609,-0.13107973067417975,0.0,0.0,-0.482803364193296,0.0,4
129176,0,0,0.06593728672378513,1.192734580708801,0.0,-0.8522171619820733,0,41.0,0,2.0,0.5996366733365414,-0.07059935230006469,-0.13107973067417975,0.0,3.0,-0.482803364193296,0.0,4
129180,0,1,0.10992776969760674,0.3693964437766091,0.0,-0.5552186655992074,0,26.0,0,1.0,1.277183283532618,0.4007340017520981,-0.13107973067417975,0.0,0.0,-0.482803364193296,0.0,4
129182,0,0,0.08341214253166795,0.32091658598024053,0.0,-0.8522171619820733,0,41.0,0,1.0,1.3901077185652975,1.5790673868825051,4.354559241556337,0.0,0.0,0.20908376212367072,0.0,4
130021,0,0,0.03514788569444335,1.9125594147154168,0.0,-0.5552186655992074,0,42.0,0,2.0,2.180578763794054,0.4007340017520981,8.840198213786854,0.0,0.0,-0.482803364193296,0.0,5
130025,1,1,0.11798980814804057,0.5516030633994545,20000.0,0.3357768235493901,0,43.0,0,2.0,1.3901077185652975,0.8720673558042609,8.840198213786854,0.0,0.0,-0.482803364193296,0.0,5
130027,0,0,0.05267617815954092,2.013972748520009,0.0,-0.2582201692163416,0,41.0,0,2.0,0.8254855434019003,-0.3062660293261461,8.840198213786854,0.0,0.0,-0.482803364193296,0.0,5
130029,0,1,0.17687821697490194,0.0,400.0,-1.149215658364939,0,16.0,0,2.0,-0.4166832419575738,-1.2489327374304717,-0.13107973067417975,0.0,0.0,-0.482803364193296,0.0,5
130032,1,1,0.14645568970341594,0.8467291526768209,0.0,-0.2582201692163416,0,34.0,0,2.0,-0.3037588069248943,0.4007340017520981,-0.13107973067417975,0.0,0.0,-0.482803364193296,0.0,5
130034,0,0,0.09163294077805435,0.0,0.0,-1.149215658364939,0,33.0,0,0.0,-0.5296076769902532,-1.2489327374304717,8.840198213786854,1.0,0.0,-0.482803364193296,0.0,5
130035,0,0,0.1583873595484168,0.4702784048156509,0.0,-0.8522171619820733,0,34.0,0,2.0,0.8254855434019003,-1.2489327374304717,-0.13107973067417975,0.0,0.0,-0.482803364193296,0.0,5
130038,0,0,0.061425115538596385,0.31736586844177456,16187.44,-0.5552186655992074,0,26.0,0,0.0,1.1642588484999385,0.1650673247260167,8.840198213786854,0.0,0.0,0.20908376212367072,0.0,5
130039,1,0,0.2739241050426614,0.11857171895114844,0.0,-0.8522171619820733,0,26.0,0,1.0,-0.4166832419575738,0.8720673558042609,-0.13107973067417975,0.0,0.0,-0.482803364193296,0.0,5
130051,0,0,0.21870353869614037,0.05070539231520919,0.0,-0.5552186655992074,0,25.0,0,2.0,-0.7554565470556122,-0.5419327063522275,8.840198213786854,0.0,0.0,2.2847451410745707,0.0,5
130052,0,0,0.19002669582729578,0.530717955249862,4046.86,-0.2582201692163416,0,34.0,0,2.0,-0.6425321120229327,0.6364006787781795,-0.13107973067417975,0.0,0.0,0.9009708884406373,0.0,5
139002,1,1,0.18866938626310256,0.11462565047095039,0.0,-0.5552186655992074,0,43.0,1,2.0,1.277183283532618,0.4007340017520981,-0.13107973067417975,0.0,0.0,-0.482803364193296,0.0,5
139013,1,1,0.11989514994841848,1.293518819681487,20000.0,0.3357768235493901,0,26.0,0,1.0,-0.4166832419575738,0.8720673558042609,-0.13107973067417975,0.0,0.0,-0.482803364193296,0.0,5
139015,0,0,0.06874924465997066,0.32690514266386206,12140.580000000002,0.6327753199322559,0,26.0,0,2.0,2.0676543287613747,-1.2489327374304717,8.840198213786854,0.0,0.0,-0.482803364193296,0.0,5
139020,0,0,0.14493253155569588,0.2938756318326084,430.0,0.03877832716652424,0,26.0,0,2.0,0.5996366733365414,0.1650673247260167,-0.13107973067417975,0.0,0.0,-0.482803364193296,0.0,5
139022,0,0,0.14162021807604225,0.9250914235739586,0.0,-1.149215658364939,0,26.0,1,2.0,0.2608633682385029,1.1077340328303422,-0.13107973067417975,0.0,0.0,-0.482803364193296,0.0,5
139024,0,0,0.22045572406125655,0.267203444892336,0.0,-0.2582201692163416,0,26.0,0,2.0,-0.3037588069248943,0.8720673558042609,-0.13107973067417975,0.0,0.0,-0.482803364193296,0.0,5
139025,0,0,0.09227050955484288,0.1992939300763011,400.0,-0.5552186655992074,0,41.0,0,0.0,-0.4166832419575738,-0.5419327063522275,-0.13107973067417975,0.0,3.0,-0.06767108840311596,0.0,5
139029,0,0,0.11261993720525616,0.6978388131275702,10117.15,-1.446214154747805,0,26.0,0,2.0,-0.7554565470556122,-1.2489327374304717,-0.13107973067417975,0.0,0.0,-0.482803364193296,0.0,5
139030,0,0,0.09237456375955409,0.524402181513075,450.0,-0.5552186655992074,0,26.0,0,2.0,0.7125611083692208,-0.5419327063522275,-0.13107973067417975,0.0,0.0,-0.482803364193296,0.0,5
139031,1,1,0.1106381983634241,0.3806813022080618,8093.72,0.03877832716652424,0,26.0,0,2.0,0.2608633682385029,0.1650673247260167,-0.13107973067417975,0.0,3.0,-0.06767108840311596,0.0,5
139033,1,1,0.20520095369006416,0.3993803626700127,4046.86,-0.8522171619820733,0,25.0,0,2.0,-0.6425321120229327,0.8720673558042609,-0.13107973067417975,0.0,0.0,-0.482803364193296,0.0,5
139034,1,1,0.10774348199832777,0.6825184710702729,0.0,-0.2582201692163416,0,24.0,0,2.0,0.2608633682385029,-0.07059935230006469,-0.13107973067417975,0.0,3.0,-0.06767108840311596,0.0,5
139036,0,0,0.09740491309472171,0.26512071900458,0.0,0.03877832716652424,0,34.0,0,1.0,0.5996366733365414,-0.07059935230006469,8.840198213786854,0.0,3.0,-0.27523722629820596,0.0,5
139037,0,1,0.140948335820218,1.557097387282178,16187.44,0.03877832716652424,0,26.0,0,2.0,-0.07790993685953543,0.4007340017520981,-0.13107973067417975,0.0,0.0,0.20908376212367072,0.0,5
139038,0,1,0.19235512390780907,0.3049660625185085,20000.0,-0.5552186655992074,0,26.0,0,2.0,-0.6425321120229327,0.1650673247260167,-0.13107973067417975,0.0,3.0,-0.2060485136665093,0.0,5
139039,1,1,0.09366433406306413,0.736626731670888,0.0,-1.149215658364939,0,42.0,0,2.0,1.3901077185652975,1.3434007098564238,8.840198213786854,0.0,0.0,-0.482803364193296,0.0,5
139042,0,1,0.11258513966740591,0.23012605794062746,4046.86,-1.446214154747805,0,26.0,0,2.0,0.48671223830386184,-1.2489327374304717,-0.13107973067417975,0.0,3.0,-0.13685980103481263,0.0,5
139043,0,0,0.15778979211687544,0.4133256179217988,0.0,0.03877832716652424,0,16.0,0,2.0,0.3737878032711824,2.5217340949868303,-0.13107973067417975,0.0,0.0,-0.482803364193296,0.0,5
139044,0,0,0.13663356863232182,0.5685808889929429,0.0,0.03877832716652424,0,26.0,0,1.0,-0.4166832419575738,-0.07059935230006469,-0.04136695122956941,0.0,3.0,0.07070633686027739,0.0,5
139046,1,1,0.0878985714504112,1.9751427996106543,480.0,0.6327753199322559,0,16.0,0,2.0,-0.3037588069248943,1.3434007098564238,8.840198213786854,0.0,0.0,-0.482803364193296,0.0,5
139047,0,1,0.22485169761923027,0.01973328972954354,16187.44,0.03877832716652424,0,26.0,0,2.0,0.2608633682385029,0.8720673558042609,-0.13107973067417975,0.0,3.0,-0.06767108840311596,0.0,5
139048,1,1,0.06154714586738752,2.7165410036456583,420.0,-1.446214154747805,0,26.0,0,2.0,-0.9813054171209711,0.4007340017520981,8.840198213786854,0.0,0.0,-0.27523722629820596,0.0,5
139049,0,0,0.07013588869228056,0.12251243464784638,0.0,-1.149215658364939,0,26.0,0,0.0,0.2608633682385029,-1.2489327374304717,8.840198213786854,0.0,0.0,0.20908376212367072,0.0,5
139054,0,0,0.2849778035804195,0.07904201082875548,0.0,-0.8522171619820733,0,42.0,0,2.0,0.1479389332058235,-1.2489327374304717,-0.13107973067417975,0.0,0.0,-0.482803364193296,0.0,5
139055,0,0,0.19437704344531284,0.12584952670200028,0.0,-0.5552186655992074,0,41.0,0,2.0,-0.1908343718922149,-1.2489327374304717,8.840198213786854,0.0,0.0,0.762593463177244,0.0,5
139058,1,1,0.19895126129984989,0.5576002387171715,0.0,0.3357768235493901,0,41.0,0,2.0,0.03501449817314403,2.286067417960749,0.3174841665488719,0.0,0.0,0.20908376212367072,0.0,5
139062,0,0,0.19538806546247622,0.08897512140798826,0.0,-0.2582201692163416,0,42.0,0,0.0,-0.4166832419575738,-1.2489327374304717,-0.13107973067417975,0.0,0.0,0.34746118738706405,0.0,5
139068,0,1,0.08617855260735785,0.49761259463276686,0.0,-0.2582201692163416,0,26.0,0,2.0,0.2608633682385029,0.1650673247260167,-0.13107973067417975,0.0,3.0,-0.03307673208726762,0.0,5
139071,1,1,0.05196616339848511,2.7165410036456583,4046.86,0.03877832716652424,0,25.0,0,2.0,1.3901077185652975,0.6364006787781795,-0.13107973067417975,0.0,0.0,0.20908376212367072,0.0,5
139072,0,0,0.1164535131998488,1.0930557830616163,10117.15,-0.2582201692163416,0,42.0,0,2.0,-0.1908343718922149,0.4007340017520981,8.840198213786854,0.0,0.0,-0.482803364193296,0.0,5
139074,0,0,0.11064202967289168,0.0,0.0,-0.8522171619820733,0,26.0,0,0.0,0.2608633682385029,-1.2489327374304717,-0.13107973067417975,0.0,0.0,-0.482803364193296,0.0,5
139075,1,1,0.23231466401230186,0.11076650420912716,0.0,-0.5552186655992074,0,26.0,0,2.0,0.8254855434019003,0.6364006787781795,-0.13107973067417975,0.0,0.0,-0.482803364193296,0.0,5
139076,0,0,0.19903243466348278,0.0,4046.86,-0.8522171619820733,0,26.0,0,1.0,-1.20715428718633,-1.2489327374304717,-0.13107973067417975,0.0,0.0,-0.482803364193296,0.0,5
139078,0,0,0.32971298089812767,0.007523322299127295,0.0,-0.5552186655992074,0,31.0,1,2.0,-0.4166832419575738,-0.5419327063522275,0.3174841665488719,2.0,0.0,-0.482803364193296,0.0,5
139079,1,1,0.15272391301254298,0.46528941001302815,0.0,-1.149215658364939,0,41.0,0,2.0,-0.3037588069248943,-0.5419327063522275,-0.13107973067417975,0.0,0.0,-0.482803364193296,0.0,5
139080,1,1,0.11464360917379428,1.6375988362245066,410.0,-0.2582201692163416,0,34.0,0,2.0,-0.9813054171209711,-0.07059935230006469,-0.13107973067417975,0.0,0.0,-0.482803364193296,0.0,5
139082,1,1,0.22769553697112035,0.14557524056308505,400.0,-1.446214154747805,0,16.0,0,2.0,-1.433003157251689,-1.2489327374304717,-0.13107973067417975,0.0,0.0,-0.482803364193296,0.0,5
139083,1,1,0.23359527120014176,0.0,0.0,-1.149215658364939,0,33.0,0,2.0,-0.5296076769902532,-0.07059935230006469,-0.13107973067417975,0.0,0.0,-0.482803364193296,0.0,5
139084,1,1,0.09368708067803438,0.9646077107134654,15000.0,0.3357768235493901,0,35.0,1,2.0,1.954729893728695,0.4007340017520981,8.840198213786854,0.0,0.0,-0.482803364193296,0.0,5
139086,0,0,0.16483512729042887,0.24662361020220275,0.0,0.3357768235493901,0,26.0,0,2.0,0.3737878032711824,0.4007340017520981,-0.13107973067417975,0.0,0.0,-0.482803364193296,0.0,5
139089,0,0,0.06925893404975979,0.25839265154859736,20234.300000000003,-1.149215658364939,0,41.0,0,0.0,0.9384099784345797,-1.2489327374304717,8.840198213786854,0.0,0.0,0.9009708884406373,0.0,5
139095,0,2,0.4132159727627234,0.10243344161487987,8093.72,-0.2582201692163416,0,26.0,1,2.0,-0.6425321120229327,-0.07059935230006469,-0.13107973067417975,0.0,0.0,-0.482803364193296,0.0,5
139098,0,0,0.17105919183069795,0.6622391512622723,25000.0,0.03877832716652424,0,41.0,0,2.0,-0.8683809820882916,-0.5419327063522275,8.840198213786854,0.0,0.0,0.20908376212367072,0.0,5
139099,0,0,0.14815632804481182,0.06268282490597576,0.0,-0.5552186655992074,0,26.0,0,0.0,0.03501449817314403,-0.3062660293261461,0.3174841665488719,0.0,0.0,1.2469144515991206,0.0,5
139102,1,1,0.05296205065357041,2.7165410036456583,420.0,-0.2582201692163416,0,41.0,0,2.0,0.48671223830386184,0.4007340017520981,-0.13107973067417975,0.0,0.0,-0.482803364193296,0.0,5
139103,0,0,0.29855745561360375,0.04355145598203704,0.0,-1.149215658364939,0,25.0,0,2.0,0.3737878032711824,-0.5419327063522275,-0.13107973067417975,0.0,0.0,-0.482803364193296,0.0,5
139104,1,1,0.08053315024602314,2.7165410036456583,24046.86,-0.2582201692163416,0,41.0,0,2.0,-0.3037588069248943,1.1077340328303422,-0.13107973067417975,0.0,0.0,-0.482803364193296,0.0,5
139106,0,0,0.2517909513412404,0.20014345947269896,0.0,0.03877832716652424,0,26.0,0,2.0,-0.3037588069248943,0.6364006787781795,-0.13107973067417975,0.0,0.0,-0.482803364193296,0.0,5
139107,1,1,0.06630000550385658,0.11963439728190649,0.0,-1.149215658364939,0,41.0,0,2.0,2.6322765039247717,0.1650673247260167,-0.13107973067417975,0.0,3.0,0.07070633686027739,0.0,5
139111,1,1,0.07530699665854339,1.8449825148336305,14164.01,0.3357768235493901,0,26.0,0,2.0,2.2935031988267336,0.6364006787781795,0.09320221793734608,0.0,3.0,2.2847451410745707,0.0,5
139112,0,0,0.1934086127332759,0.5995556215630847,12140.58,0.9297738163151218,0,41.0,0,2.0,-0.7554565470556122,-1.2489327374304717,-0.13107973067417975,0.0,0.0,0.20908376212367072,0.0,5
139113,1,1,0.05835703776685336,2.7165410036456583,420.0,-1.149215658364939,0,26.0,0,2.0,-0.1908343718922149,1.1077340328303422,-0.13107973067417975,0.0,0.0,-0.482803364193296,0.0,5
139114,0,0,0.08518003744320672,0.45906656465187456,410.0,-1.149215658364939,0,23.0,0,0.0,-0.7554565470556122,-0.3062660293261461,0.09320221793734608,0.0,3.0,-0.482803364193296,0.0,5
139115,1,1,0.191625551908864,0.039108344157280366,0.0,-0.2582201692163416,0,22.0,0,2.0,0.3737878032711824,-0.07059935230006469,-0.13107973067417975,0.0,3.0,-0.13685980103481263,0.0,5
139119,1,1,0.1384798109285222,0.06876790830945559,0.0,0.3357768235493901,0,41.0,0,2.0,1.7288810236633358,-1.2489327374304717,-0.13107973067417975,0.0,0.0,-0.482803364193296,0.0,5
139120,1,1,0.12393243952959583,0.7475002645729041,430.0,-0.5552186655992074,0,26.0,0,2.0,0.2608633682385029,2.286067417960749,0.3174841665488719,0.0,0.0,-0.482803364193296,0.0,5
139121,0,0,0.07381919201655526,2.7165410036456583,4046.86,0.3357768235493901,0,42.0,0,1.0,-0.1908343718922149,0.1650673247260167,8.840198213786854,0.0,0.0,-0.482803364193296,0.0,5
139123,0,0,0.20802540374772102,0.02196547028071871,0.0,0.3357768235493901,0,33.0,0,2.0,0.3737878032711824,-1.2489327374304717,-0.13107973067417975,0.0,0.0,-0.482803364193296,0.0,5
139124,0,0,0.10238628307296412,0.5720496539099594,6070.29,0.3357768235493901,0,26.0,0,2.0,0.7125611083692208,-0.5419327063522275,1.663175858218027,0.0,0.0,-0.482803364193296,0.0,5
139125,0,0,0.09262378302973402,2.7165410036456583,14046.86,-0.2582201692163416,0,26.0,0,2.0,-0.9813054171209711,1.3434007098564238,8.840198213786854,0.0,0.0,-0.482803364193296,0.0,5
139130,0,1,0.16143236730702004,0.4837929366231253,460.0,-1.446214154747805,0,26.0,0,2.0,-1.20715428718633,0.6364006787781795,-0.13107973067417975,0.0,0.0,-0.482803364193296,0.0,5
139144,0,1,0.11578556882798835,1.322468083736096,0.0,-0.5552186655992074,0,34.0,0,2.0,-0.1908343718922149,0.6364006787781795,-0.13107973067417975,0.0,0.0,-0.482803364193296,0.0,5
139150,0,0,0.14637613496524013,0.4707788261597368,4046.86,-1.149215658364939,0,16.0,0,2.0,-0.1908343718922149,-0.5419327063522275,-0.13107973067417975,0.0,0.0,-0.482803364193296,0.0,5
139153,1,1,0.14877769076089603,0.4046714182128884,400.0,-1.446214154747805,0,16.0,0,2.0,-1.5459275922843685,-1.2489327374304717,-0.13107973067417975,0.0,3.0,1.2469144515991206,0.0,5
139156,1,1,0.11916201593280391,0.2744802916370409,0.0,-0.5552186655992074,0,43.0,0,2.0,2.406427633859413,-1.2489327374304717,-0.13107973067417975,0.0,0.0,-0.482803364193296,0.0,5
140001,1,1,0.12499362824606523,0.1517128379403465,12140.58,-1.446214154747805,0,14.0,0,2.0,-1.0942298521536507,-1.2489327374304717,-0.13107973067417975,0.0,0.0,-0.482803364193296,0.0,3
140003,1,1,0.15839384836919881,0.3517046950723673,0.0,-1.149215658364939,0,3.0,0,2.0,-1.0942298521536507,-1.2489327374304717,-0.13107973067417975,0.0,0.0,-0.482803364193296,0.0,3
140004,0,1,0.18039100818810105,0.08149440748291496,12140.58,-0.8522171619820733,0,25.0,0,2.0,0.03501449817314403,0.4007340017520981,-0.13107973067417975,0.0,0.0,-0.482803364193296,0.0,3
140006,1,1,0.1839368035112228,0.3704655570781498,0.0,-0.5552186655992074,0,23.0,0,2.0,-0.5296076769902532,0.4007340017520981,-0.13107973067417975,0.0,0.0,-0.482803364193296,0.0,3
140007,0,0,0.18939098351352338,0.6295411809454312,16187.44,-0.5552186655992074,0,24.0,0,2.0,-0.9813054171209711,0.4007340017520981,-0.13107973067417975,0.0,0.0,-0.482803364193296,0.0,3
140009,1,1,0.0864110582167263,0.2490035172218614,12140.58,-0.2582201692163416,0,26.0,0,1.0,0.2608633682385029,-0.07059935230006469,-0.13107973067417975,0.0,0.0,-0.482803364193296,0.0,3
140010,1,1,0.10403735787606855,1.5610723815399505,8093.72,-1.446214154747805,0,34.0,0,2.0,0.3737878032711824,0.1650673247260167,-0.13107973067417975,0.0,0.0,-0.482803364193296,0.0,3
140021,1,1,0.20097081453418822,0.20687338826149165,4046.86,-0.5552186655992074,0,43.0,0,2.0,-0.7554565470556122,-0.5419327063522275,-0.13107973067417975,0.0,0.0,-0.482803364193296,0.0,3
140022,1,1,0.16199027629021945,0.024162358375637124,0.0,-1.446214154747805,0,23.0,0,2.0,-0.8683809820882916,1.5790673868825051,-0.13107973067417975,0.0,0.0,-0.482803364193296,0.0,3
140025,1,1,0.13459071058027103,0.02898384754738438,8093.72,0.3357768235493901,0,23.0,0,2.0,0.2608633682385029,-0.07059935230006469,-0.13107973067417975,0.0,0.0,-0.482803364193296,0.0,3
140026,1,1,0.15145329109901043,0.5373769777458243,12140.58,-0.5552186655992074,0,26.0,0,2.0,-0.8683809820882916,-1.2489327374304717,0.3174841665488719,0.0,0.0,-0.482803364193296,0.0,3
140027,1,1,0.12249104739544836,0.49709144593550786,12140.58,-0.8522171619820733,0,42.0,0,2.0,0.7125611083692208,-0.07059935230006469,-0.13107973067417975,0.0,0.0,-0.482803364193296,0.0,3
140030,1,1,0.2073170210261188,0.1491689041635187,16187.44,1.5237708090808535,0,41.0,0,2.0,0.03501449817314403,0.4007340017520981,-0.13107973067417975,0.0,0.0,-0.482803364193296,0.0,3
140062,0,0,0.20241584719916542,0.06174271953615696,8093.72,-1.149215658364939,0,16.0,0,2.0,-0.8683809820882916,1.5790673868825051,-0.13107973067417975,1.0,0.0,-0.482803364193296,0.0,3
140065,1,1,0.1564265873759286,0.0,0.0,-0.8522171619820733,0,26.0,0,2.0,-0.07790993685953543,-1.2489327374304717,-0.13107973067417975,0.0,0.0,-0.482803364193296,0.0,3
140066,0,1,0.1304997210854794,0.10715854235828294,16187.44,-1.446214154747805,0,0.0,0,1.0,-1.20715428718633,0.8720673558042609,-0.13107973067417975,0.0,0.0,-0.482803364193296,0.0,3
140067,1,1,0.15448450130508298,0.07535612927792103,8093.72,-1.149215658364939,0,26.0,0,2.0,0.03501449817314403,-0.3062660293261461,-0.13107973067417975,0.0,0.0,-0.482803364193296,0.0,3
140068,1,1,0.14034743746942455,0.15837642137529934,0.0,-1.446214154747805,0,0.0,1,2.0,-0.7554565470556122,-0.7775993833783089,-0.13107973067417975,0.0,0.0,-0.482803364193296,0.0,3
140069,1,1,0.18164266846960117,0.049531290240230494,12140.58,0.3357768235493901,0,23.0,0,2.0,-0.4166832419575738,-0.07059935230006469,-0.13107973067417975,0.0,0.0,-0.482803364193296,0.0,3
140070,0,1,0.10519685382061987,0.00271669362854451,8093.72,-1.446214154747805,0,0.0,0,2.0,1.051334413467259,-0.07059935230006469,-0.13107973067417975,0.0,0.0,-0.482803364193296,0.0,3
140072,0,0,0.24816187640424303,0.038150281296330295,0.0,-0.5552186655992074,0,24.0,1,2.0,-0.07790993685953543,3.7000674801172373,-0.13107973067417975,0.0,0.0,-0.482803364193296,0.0,3
140073,1,1,0.13372375272212142,0.0,4046.86,-0.5552186655992074,0,24.0,0,2.0,-0.4166832419575738,-1.2489327374304717,-0.13107973067417975,0.0,0.0,-0.482803364193296,0.0,3
140074,1,1,0.06904824202661347,0.5462883078722764,8093.72,-1.446214154747805,0,0.0,0,2.0,0.1479389332058235,-0.07059935230006469,-0.13107973067417975,0.0,0.0,-0.482803364193296,0.0,3
140075,0,0,0.10402932082685246,1.1501405568023217,12140.58,-1.446214154747805,0,0.0,0,2.0,0.3737878032711824,0.8720673558042609,-0.13107973067417975,0.0,0.0,-0.482803364193296,0.0,3
140076,1,1,0.1831733452106845,0.11593664127751833,8093.72,-0.2582201692163416,0,42.0,0,2.0,-0.3037588069248943,0.1650673247260167,-0.13107973067417975,0.0,0.0,-0.482803364193296,0.0,3
140078,1,1,0.2920802095370552,0.08630370049628105,16187.44,0.3357768235493901,1,16.0,0,2.0,-0.7554565470556122,3.935734157143319,-0.13107973067417975,0.0,0.0,0.07070633686027739,0.0,3
140079,1,1,0.1572054800770584,0.33241847482944226,12140.58,0.3357768235493901,1,24.0,0,1.0,-0.3037588069248943,3.464400803091156,-0.13107973067417975,0.0,0.0,0.20908376212367072,0.0,3
140080,1,1,0.2667384091880552,0.09977920685856817,0.0,-0.5552186655992074,0,42.0,0,2.0,-1.0942298521536507,-0.07059935230006469,-0.13107973067417975,0.0,0.0,-0.482803364193296,0.0,3
140082,1,1,0.0759038717323459,0.6434113007793851,0.0,-1.446214154747805,0,0.0,0,1.0,-0.9813054171209711,2.5217340949868303,-0.13107973067417975,0.0,0.0,-0.482803364193296,0.0,3
140083,1,1,0.1281098767587689,0.05009898058754111,0.0,-1.446214154747805,0,0.0,0,2.0,-0.6425321120229327,0.4007340017520981,-0.13107973067417975,0.0,0.0,-0.482803364193296,0.0,3
140084,0,1,0.1397037456561691,0.015213232565431455,2850.0,1.2267723126979877,0,41.0,0,2.0,0.5996366733365414,-1.2489327374304717,-0.13107973067417975,0.0,0.0,-0.482803364193296,0.0,3
140085,1,1,0.1547447473550278,0.1468342968636885,100.0,-1.446214154747805,0,0.0,0,2.0,-0.4166832419575738,0.1650673247260167,-0.13107973067417975,0.0,0.0,-0.482803364193296,0.0,3
140086,1,1,0.11104734330357018,0.46837112584064916,0.0,-1.446214154747805,0,0.0,0,2.0,-0.8683809820882916,1.3434007098564238,-0.13107973067417975,0.0,0.0,-0.482803364193296,0.0,3
140087,1,1,0.21477276471918919,0.10623542783694595,4046.86,-0.5552186655992074,0,22.0,0,2.0,-0.3037588069248943,1.3434007098564238,-0.13107973067417975,0.0,0.0,-0.482803364193296,0.0,3
140089,1,1,0.18795123133241073,0.044539387696687735,540.0,-1.149215658364939,0,25.0,0,2.0,-0.3037588069248943,-0.3062660293261461,-0.13107973067417975,0.0,0.0,-0.482803364193296,0.0,3
140090,1,1,0.12777692139711103,0.3094635845965878,120.0,-0.5552186655992074,0,13.0,0,2.0,-0.3037588069248943,-0.07059935230006469,-0.13107973067417975,0.0,0.0,-0.482803364193296,0.0,3
140121,1,1,0.08122302799958384,0.0,4546.860000000001,-1.149215658364939,0,16.0,0,1.0,0.1479389332058235,-1.2489327374304717,-0.13107973067417975,0.0,0.0,-0.482803364193296,0.0,3
140122,1,1,0.07156421600503307,0.05147985224872294,2200.0,-1.149215658364939,0,11.0,0,1.0,0.1479389332058235,0.4007340017520981,-0.13107973067417975,0.0,0.0,-0.482803364193296,0.0,3
140124,1,1,0.0840922526938173,0.0,4046.86,0.03877832716652424,0,16.0,0,2.0,1.051334413467259,-1.2489327374304717,-0.13107973067417975,0.0,0.0,-0.482803364193296,0.0,3
140125,1,1,0.09263702189481172,0.0,4046.86,-1.446214154747805,0,12.0,0,2.0,0.1479389332058235,-1.2489327374304717,-0.13107973067417975,0.0,0.0,-0.482803364193296,0.0,3
140126,0,1,0.11661872817369008,0.011471392276279968,0.0,-1.446214154747805,0,12.0,0,1.0,-0.3037588069248943,-1.2489327374304717,-0.13107973067417975,0.0,0.0,-0.482803364193296,0.0,3
140127,1,1,0.16690022908549293,0.2244209200101203,8093.72,-0.8522171619820733,0,16.0,1,2.0,-0.8683809820882916,0.1650673247260167,-0.13107973067417975,0.0,0.0,-0.482803364193296,0.0,3
140129,1,1,0.1975842234953026,0.030900193680834288,4046.86,-0.2582201692163416,0,26.0,0,2.0,-0.1908343718922149,-1.2489327374304717,-0.13107973067417975,0.0,0.0,-0.482803364193296,0.0,3
140130,1,1,0.09398722852613423,1.7908133426161283,4046.86,-0.8522171619820733,0,24.0,0,2.0,-1.0942298521536507,0.1650673247260167,-0.13107973067417975,0.0,0.0,-0.482803364193296,0.0,3
149001,0,0,0.09027636917660294,0.6935158701423826,12140.58,-0.8522171619820733,1,23.0,0,1.0,1.3901077185652975,2.757400772012912,-0.13107973067417975,0.0,3.0,-0.2060485136665093,0.0,3
149002,0,0,0.1036911002040055,0.19133059801441357,4046.86,-0.8522171619820733,1,26.0,0,2.0,-0.5296076769902532,-1.2489327374304717,-0.13107973067417975,0.0,3.0,-0.482803364193296,0.0,3
149003,1,1,0.19061576772369096,0.12204217981709999,0.0,-0.8522171619820733,1,26.0,1,2.0,-0.07790993685953543,0.4007340017520981,-0.13107973067417975,0.0,3.0,-0.482803364193296,0.0,3
149005,1,1,0.1383809921607306,0.0,4046.86,-1.446214154747805,0,26.0,0,2.0,-1.0942298521536507,-1.2489327374304717,-0.13107973067417975,0.0,0.0,-0.482803364193296,0.0,3
149006,1,1,0.19003204691162937,0.1897318176952181,16187.44,-1.149215658364939,1,16.0,0,2.0,-1.0942298521536507,0.1650673247260167,-0.13107973067417975,0.0,3.0,0.555027325282154,0.0,3
149007,1,1,0.05862782569238454,0.22071435560692065,8093.72,-1.446214154747805,1,15.0,0,0.0,0.48671223830386184,-0.07059935230006469,-0.13107973067417975,0.0,3.0,1.2469144515991206,0.0,3
149008,0,0,0.12520666483994553,0.3923511266213421,0.0,-0.5552186655992074,0,26.0,1,2.0,0.5996366733365414,-0.3062660293261461,-0.13107973067417975,0.0,0.0,-0.482803364193296,0.0,3
149011,0,0,0.11539485700428154,0.7620022313076928,8093.72,-0.5552186655992074,0,26.0,0,2.0,-0.1908343718922149,0.8720673558042609,-0.13107973067417975,0.0,0.0,-0.482803364193296,0.0,3
149013,1,1,0.15854001136007534,0.09600987924049029,600.0,0.03877832716652424,0,16.0,0,2.0,-0.4166832419575738,-0.5419327063522275,-0.13107973067417975,0.0,0.0,-0.482803364193296,0.0,3
149015,1,1,0.06597341127324992,1.2923235978288965,185.0,0.9297738163151218,0,26.0,0,2.0,1.1642588484999385,0.1650673247260167,-0.13107973067417975,0.0,0.0,-0.482803364193296,0.0,3
149016,1,1,0.1325922878749273,1.009365622647215,0.0,-0.8522171619820733,0,23.0,0,2.0,-0.4166832419575738,1.1077340328303422,-0.13107973067417975,0.0,0.0,-0.482803364193296,0.0,3
149018,1,1,0.07892280880477184,0.3401638228971072,700.0,-1.446214154747805,0,0.0,0,1.0,-1.20715428718633,-1.2489327374304717,-0.13107973067417975,0.0,0.0,-0.482803364193296,0.0,3
149019,1,1,0.0655879530697273,0.0,0.0,0.03877832716652424,0,26.0,0,0.0,0.2608633682385029,-1.2489327374304717,-0.13107973067417975,0.0,0.0,-0.482803364193296,0.0,3
149020,1,1,0.13350904421437834,0.039373178990471686,0.0,-0.8522171619820733,0,26.0,0,2.0,1.051334413467259,-0.07059935230006469,-0.13107973067417975,0.0,0.0,-0.482803364193296,0.0,3
149021,1,1,0.19931212292591208,0.3857925464880019,0.0,-0.5552186655992074,0,26.0,0,2.0,-0.07790993685953543,3.935734157143319,-0.13107973067417975,0.0,0.0,-0.482803364193296,0.0,3
149022,1,1,0.06895817673881433,0.048235776475411815,800.0,-0.5552186655992074,0,26.0,0,0.0,-0.9813054171209711,0.4007340017520981,-0.13107973067417975,0.0,0.0,-0.482803364193296,0.0,3
149023,1,1,0.13729180594687926,0.3129890453834116,0.0,-0.8522171619820733,0,15.0,0,2.0,-0.5296076769902532,0.6364006787781795,-0.13107973067417975,0.0,0.0,-0.482803364193296,0.0,3
149025,1,1,0.08610566176550126,1.1972834693288983,0.0,-1.446214154747805,0,0.0,0,2.0,-0.8683809820882916,0.1650673247260167,-0.13107973067417975,0.0,0.0,-0.482803364193296,0.0,3
149026,1,1,0.12418530403676174,0.23886811518400072,90.0,-1.446214154747805,0,0.0,0,1.0,-0.9813054171209711,0.8720673558042609,-0.13107973067417975,0.0,0.0,-0.482803364193296,0.0,3
149029,1,1,0.10294078102375488,0.49325179370889227,0.0,-1.446214154747805,0,16.0,0,1.0,-1.3200787222190096,0.1650673247260167,-0.13107973067417975,0.0,0.0,-0.482803364193296,0.0,3
149031,1,1,0.07135637850192673,1.6509049486680585,1300.0,-0.8522171619820733,0,13.0,0,2.0,-0.5296076769902532,0.1650673247260167,-0.13107973067417975,0.0,0.0,-0.482803364193296,0.0,3
149032,1,1,0.04834081188852083,1.3693639040244976,525.0,-0.5552186655992074,0,16.0,0,1.0,1.277183283532618,1.8147340639085865,-0.13107973067417975,0.0,0.0,-0.482803364193296,0.0,3
149033,1,1,0.16426814152928493,0.0,4046.86,-0.8522171619820733,0,42.0,0,2.0,0.03501449817314403,-1.2489327374304717,-0.13107973067417975,0.0,0.0,-0.482803364193296,0.0,3
149034,1,1,0.09548624626408707,0.00940231771658588,0.0,-1.446214154747805,0,0.0,0,1.0,-1.20715428718633,-0.07059935230006469,-0.13107973067417975,0.0,0.0,-0.482803364193296,0.0,3
149036,1,1,0.13267458091230835,0.7840332538818867,0.0,-1.446214154747805,0,16.0,1,2.0,-0.6425321120229327,0.4007340017520981,-0.13107973067417975,0.0,0.0,-0.482803364193296,0.0,3
149038,1,1,0.11219266964672152,0.60131634020267,8093.72,0.9297738163151218,0,26.0,0,2.0,1.8418054586960155,-0.07059935230006469,-0.13107973067417975,0.0,0.0,-0.482803364193296,0.0,3
149040,1,1,0.10055740255358418,0.5037275841225066,0.0,-1.149215658364939,0,21.0,0,0.0,-0.6425321120229327,-1.2489327374304717,-0.13107973067417975,0.0,0.0,-0.482803364193296,0.0,3
149048,1,1,0.2221369540904018,0.5314394145429869,500.0,0.3357768235493901,0,41.0,0,2.0,-0.7554565470556122,1.1077340328303422,-0.13107973067417975,0.0,0.0,-0.482803364193296,0.0,3
149049,1,1,0.14090603037003524,1.154626895795375,0.0,-1.149215658364939,0,16.0,0,2.0,-0.7554565470556122,2.286067417960749,-0.13107973067417975,0.0,0.0,-0.482803364193296,0.0,3
149051,1,1,0.07059539068161337,2.7165410036456583,8093.72,-1.149215658364939,1,32.0,0,0.0,-0.7554565470556122,-0.07059935230006469,-0.13107973067417975,0.0,3.0,2.9766322673915373,0.0,3
149052,0,1,0.15776879004616695,0.0024925136245320815,2500.0,-1.446214154747805,0,0.0,0,2.0,-1.20715428718633,-1.2489327374304717,-0.13107973067417975,0.0,0.0,-0.482803364193296,0.0,3
149054,1,1,0.17309197351057307,0.0,12140.58,-0.5552186655992074,0,26.0,0,2.0,-0.6425321120229327,-1.2489327374304717,-0.13107973067417975,0.0,0.0,-0.482803364193296,0.0,3
149056,1,1,0.11085976952508976,0.011744560804413174,0.0,-0.5552186655992074,0,25.0,0,1.0,0.03501449817314403,-0.5419327063522275,-0.13107973067417975,0.0,0.0,-0.482803364193296,0.0,3
149059,1,1,0.18278945410324546,0.35607992475634825,0.0,-0.2582201692163416,0,26.0,0,2.0,-0.4166832419575738,-0.07059935230006469,-0.13107973067417975,0.0,0.0,-0.482803364193296,0.0,3
149060,1,1,0.04697333637644832,2.1917800887816568,100.0,-0.2582201692163416,0,34.0,0,2.0,1.8418054586960155,-0.3062660293261461,-0.13107973067417975,0.0,0.0,-0.482803364193296,0.0,3
149061,1,1,0.1613379602014605,0.3612334790451169,0.0,-0.5552186655992074,1,42.0,1,1.0,2.0676543287613747,3.935734157143319,-0.13107973067417975,1.0,0.0,0.20908376212367072,0.0,3
149072,1,1,0.21775575270786476,0.1323464745444114,250.0,-0.2582201692163416,1,42.0,0,2.0,1.6159565886306564,0.8720673558042609,-0.13107973067417975,0.0,0.0,-0.482803364193296,0.0,3
149074,1,1,0.19267083171739607,0.15867766617014678,4046.86,0.3357768235493901,0,26.0,0,2.0,0.8254855434019003,-0.5419327063522275,-0.13107973067417975,0.0,0.0,-0.482803364193296,0.0,3
149076,1,1,0.23660297957209298,0.773697278044064,8093.72,-0.2582201692163416,0,23.0,0,2.0,-1.3200787222190096,0.1650673247260167,-0.13107973067417975,0.0,0.0,-0.482803364193296,0.0,3
149077,1,1,0.2622012247151983,0.18697804516247662,8093.72,0.03877832716652424,0,26.0,0,2.0,-0.8683809820882916,0.4007340017520981,-0.13107973067417975,0.0,0.0,-0.482803364193296,0.0,3
149079,1,1,0.14518921653721736,0.2633961444146469,12140.58,0.6327753199322559,0,26.0,0,2.0,1.6159565886306564,0.4007340017520981,-0.13107973067417975,0.0,0.0,-0.482803364193296,0.0,3
149083,1,1,0.16753747048931925,0.36111600833810825,0.0,-0.5552186655992074,0,26.0,1,2.0,0.8254855434019003,-0.3062660293261461,-0.13107973067417975,0.0,0.0,-0.482803364193296,0.0,3
149084,1,1,0.178333331953335,0.46792135425599046,0.0,-1.446214154747805,0,0.0,0,2.0,-0.9813054171209711,-1.2489327374304717,-0.13107973067417975,0.0,0.0,-0.482803364193296,0.0,3
149085,0,0,0.08841708406454091,0.01064423848852457,4046.86,-1.149215658364939,0,32.0,0,1.0,0.3737878032711824,-0.7775993833783089,-0.13107973067417975,0.0,0.0,-0.482803364193296,0.0,3
149086,1,1,0.1912567324254291,0.06606379763806179,8093.72,-0.8522171619820733,0,26.0,0,2.0,-0.7554565470556122,1.1077340328303422,-0.13107973067417975,0.0,0.0,-0.482803364193296,0.0,3
149087,1,1,0.17275499225159532,0.19421386104384583,8093.72,-1.149215658364939,0,14.0,0,2.0,-0.7554565470556122,0.4007340017520981,-0.13107973067417975,0.0,0.0,-0.482803364193296,0.0,3
149088,1,1,0.1380994728852926,0.3404528065119869,12140.58,-0.5552186655992074,0,32.0,0,2.0,-0.1908343718922149,-0.3062660293261461,-0.13107973067417975,0.0,0.0,-0.482803364193296,0.0,3
149089,1,1,0.14501119725615355,0.3627523471015941,8093.72,-1.149215658364939,0,26.0,0,2.0,-0.7554565470556122,1.1077340328303422,-0.13107973067417975,0.0,0.0,-0.482803364193296,0.0,3
149090,0,0,0.10127162836908286,0.23396721260689055,4046.86,0.03877832716652424,0,26.0,0,1.0,-0.4166832419575738,-0.7775993833783089,-0.13107973067417975,0.0,0.0,-0.482803364193296,0.0,3
149091,1,1,0.1486556868692029,0.018582690001267516,16187.44,-0.5552186655992074,0,16.0,0,1.0,-1.3200787222190096,-0.7775993833783089,-0.13107973067417975,0.0,0.0,-0.482803364193296,0.0,3
149093,1,1,0.17020454415443254,0.0,0.0,-1.446214154747805,0,26.0,1,2.0,-0.8683809820882916,-1.2489327374304717,-0.13107973067417975,0.0,0.0,-0.482803364193296,0.0,3
149094,0,0,0.138751370327616,0.24433373514177792,16187.44,-0.2582201692163416,0,26.0,0,1.0,-0.9813054171209711,0.4007340017520981,-0.13107973067417975,0.0,0.0,-0.482803364193296,0.0,3
149096,1,1,0.19809976219600325,0.0,0.0,0.03877832716652424,0,16.0,0,2.0,-1.433003157251689,-1.2489327374304717,-0.13107973067417975,0.0,0.0,-0.482803364193296,0.0,3
149097,1,1,0.2359129617032425,0.09019057544972797,0.0,-1.446214154747805,1,0.0,0,2.0,-0.9813054171209711,0.6364006787781795,-0.13107973067417975,0.0,0.0,0.20908376212367072,0.0,3
149098,0,1,0.13320812729872597,0.024948745265052353,850.0,-1.446214154747805,0,0.0,0,1.0,-1.20715428718633,-0.3062660293261461,-0.13107973067417975,0.0,0.0,-0.482803364193296,0.0,3
149099,1,1,0.09638299677960242,0.027738453286703744,0.0,-1.149215658364939,0,16.0,0,1.0,-0.4166832419575738,0.1650673247260167,-0.13107973067417975,0.0,0.0,-0.482803364193296,0.0,3
149102,1,1,0.1098451489865397,0.029062625625370684,0.0,-0.5552186655992074,0,16.0,0,1.0,-0.07790993685953543,-0.7775993833783089,-0.13107973067417975,0.0,0.0,-0.482803364193296,0.0,3
149104,1,1,0.08606589787281453,0.009315323707498836,1650.0,-1.446214154747805,0,0.0,0,1.0,-0.8683809820882916,0.8720673558042609,-0.13107973067417975,0.0,0.0,-0.482803364193296,0.0,3
149105,0,1,0.25632329090015676,0.003931961047227677,0.0,-0.2582201692163416,0,26.0,0,2.0,-0.1908343718922149,-0.5419327063522275,-0.13107973067417975,0.0,0.0,-0.482803364193296,0.0,3
149111,0,1,0.1223263458404662,0.21143280527795372,185.0,-1.446214154747805,0,0.0,0,1.0,-0.6425321120229327,-0.07059935230006469,-0.13107973067417975,0.0,0.0,-0.482803364193296,0.0,3
149114,0,0,0.18546912823950853,0.2884138392496626,8093.72,-1.446214154747805,1,32.0,0,2.0,-0.6425321120229327,-0.07059935230006469,-0.13107973067417975,0.0,0.0,0.555027325282154,0.0,3
149115,1,1,0.12343863842537971,0.21626921191499177,8093.72,-1.149215658364939,1,26.0,0,1.0,-0.3037588069248943,-1.2489327374304717,-0.13107973067417975,0.0,0.0,0.6242160379138507,0.0,3
149119,1,1,0.13999383577007182,0.30827661043701293,4046.86,-0.5552186655992074,1,26.0,0,2.0,-0.5296076769902532,-1.2489327374304717,-0.13107973067417975,0.0,0.0,0.555027325282154,0.0,3
149120,0,0,0.09752862065062928,0.15490666873208891,100.0,-0.5552186655992074,0,26.0,0,1.0,-0.1908343718922149,-0.07059935230006469,-0.13107973067417975,0.0,0.0,-0.482803364193296,0.0,3
149122,0,1,0.10548385757635909,0.0,12140.58,-0.5552186655992074,0,26.0,0,2.0,1.051334413467259,-1.2489327374304717,-0.13107973067417975,0.0,0.0,-0.482803364193296,0.0,3
149123,0,0,0.09825462613943536,0.36175198890044524,16187.44,-0.5552186655992074,0,26.0,0,2.0,0.48671223830386184,-0.07059935230006469,-0.13107973067417975,0.0,0.0,-0.482803364193296,0.0,3
149125,1,1,0.11254273481187649,0.0,8093.72,-0.8522171619820733,1,22.0,0,2.0,-0.5296076769902532,-1.2489327374304717,-0.13107973067417975,0.0,3.0,0.555027325282154,0.0,3
149126,1,1,0.29101933087579046,0.17086255678817175,18093.72,-1.446214154747805,1,0.0,0,2.0,-0.6425321120229327,-0.07059935230006469,-0.13107973067417975,0.0,0.0,5.070594060833525,0.0,3
149127,0,0,0.20130369842542498,0.02599910413938796,8093.72,-0.5552186655992074,1,26.0,0,2.0,-1.20715428718633,-1.2489327374304717,-0.13107973067417975,0.0,3.0,0.20908376212367072,0.0,3
149128,0,0,0.09903635312261942,0.22786733057641997,8093.72,-1.149215658364939,0,13.0,0,2.0,-0.07790993685953543,-1.2489327374304717,-0.13107973067417975,0.0,0.0,-0.482803364193296,0.0,3
149129,1,1,0.19467221950526134,0.039835146766261,8093.72,-0.5552186655992074,0,26.0,0,2.0,-1.433003157251689,0.1650673247260167,-0.13107973067417975,0.0,0.0,-0.482803364193296,0.0,3
149130,1,0,0.3081772701545276,0.6268529864664667,20234.3,0.03877832716652424,1,42.0,0,2.0,-0.07790993685953543,1.5790673868825051,-0.13107973067417975,0.0,0.0,5.070594060833525,0.0,3
149132,1,1,0.07767066225940933,0.0,4046.86,0.3357768235493901,0,23.0,0,0.0,-0.3037588069248943,-1.2489327374304717,-0.13107973067417975,0.0,0.0,-0.482803364193296,0.0,3
149133,0,1,0.18883319313668337,0.03185051491665782,0.0,-0.2582201692163416,0,25.0,0,2.0,-0.5296076769902532,-1.2489327374304717,-0.13107973067417975,0.0,0.0,-0.482803364193296,0.0,3
149134,0,1,0.1952036820344988,0.2198524623649271,12140.58,0.03877832716652424,0,26.0,0,2.0,-0.9813054171209711,-0.07059935230006469,-0.13107973067417975,0.0,0.0,-0.482803364193296,0.0,3
149135,1,1,0.1153652244951648,0.6812669764685707,12140.58,-1.446214154747805,0,16.0,0,2.0,-1.3200787222190096,-0.5419327063522275,-0.13107973067417975,0.0,0.0,-0.482803364193296,0.0,3
149136,1,1,0.18985155760450634,0.18835035336549313,4046.86,0.3357768235493901,0,26.0,1,2.0,-0.4166832419575738,0.1650673247260167,-0.13107973067417975,0.0,0.0,-0.482803364193296,0.0,3
149138,0,0,0.14748735272599897,0.5046899609610638,4046.86,-0.8522171619820733,0,26.0,0,2.0,-0.8683809820882916,0.4007340017520981,-0.13107973067417975,0.0,0.0,-0.482803364193296,0.0,3
149139,0,1,0.08470085049831277,1.0474287087750704,4046.86,-1.446214154747805,0,16.0,0,2.0,-1.0942298521536507,-0.07059935230006469,-0.13107973067417975,0.0,0.0,-0.482803364193296,0.0,3
149140,0,0,0.23071410889212227,0.13795216654310472,0.0,-0.5552186655992074,0,26.0,1,2.0,-0.9813054171209711,0.4007340017520981,-0.13107973067417975,0.0,0.0,-0.482803364193296,0.0,3
149142,0,0,0.1372188860637155,0.36099225949632463,12140.58,-0.5552186655992074,0,26.0,0,2.0,-0.9813054171209711,-1.2489327374304717,-0.13107973067417975,0.0,0.0,-0.482803364193296,0.0,3
149155,1,1,0.20793581106805684,0.031513852182083475,500.0,-1.446214154747805,1,34.0,1,0.0,-0.07790993685953543,1.3434007098564238,-0.13107973067417975,0.0,0.0,1.9388015779160874,0.0,3
149162,1,1,0.2311773561791267,0.12689308895268261,1500.0,-0.5552186655992074,1,26.0,0,2.0,-1.0942298521536507,0.4007340017520981,-0.13107973067417975,0.0,0.0,0.20908376212367072,0.0,3
150002,1,1,0.1893156708643863,0.22535493402108323,80.0,-0.5552186655992074,0,26.0,1,2.0,0.2608633682385029,-0.7775993833783089,-0.13107973067417975,0.0,0.0,-0.482803364193296,0.0,1
150007,1,1,0.3348180195665769,0.1473284442116291,0.0,3.0087632909951827,1,26.0,1,2.0,0.3737878032711824,0.1650673247260167,-0.13107973067417975,0.0,0.0,2.838254842128144,0.0,1
150012,1,1,0.22730062149214006,0.038146099561319854,20000.0,-0.2582201692163416,0,23.0,0,2.0,-0.3037588069248943,0.8720673558042609,-0.13107973067417975,0.0,0.0,-0.482803364193296,0.0,1
150013,1,1,0.2719608815916624,0.26657780739753417,0.0,-0.2582201692163416,0,51.0,0,2.0,0.1479389332058235,-0.3062660293261461,-0.13107973067417975,0.0,0.0,-0.482803364193296,0.0,1
150014,1,2,0.485560855862002,0.11006167515789012,0.0,-0.2582201692163416,1,26.0,1,2.0,-0.7554565470556122,0.1650673247260167,-0.13107973067417975,0.0,1.5,-0.03307673208726762,0.0,1
150015,1,1,0.4212186895447903,0.11520827715262615,0.0,-0.5552186655992074,0,51.0,0,2.0,-0.5296076769902532,0.4007340017520981,-0.13107973067417975,0.0,0.0,-0.482803364193296,0.0,1
150016,1,1,0.31001057637818663,0.06252699957669562,100.0,0.6327753199322559,0,41.0,0,2.0,0.3737878032711824,1.3434007098564238,-0.13107973067417975,0.0,0.0,-0.482803364193296,0.0,1
150017,1,1,0.4044123167142488,0.09880047339653732,0.0,-0.2582201692163416,0,41.0,1,2.0,-0.7554565470556122,1.1077340328303422,-0.13107973067417975,0.0,0.0,-0.482803364193296,0.0,1
150018,1,2,0.41506076226521565,0.04756695048280454,50.0,-0.8522171619820733,0,26.0,0,2.0,-0.9813054171209711,-0.3062660293261461,-0.13107973067417975,0.0,0.0,-0.482803364193296,0.0,1
150019,1,1,0.22646010920165802,0.3082564956114853,20200.0,-0.8522171619820733,0,26.0,0,2.0,-0.07790993685953543,1.1077340328303422,-0.13107973067417975,0.0,0.0,-0.482803364193296,0.0,1
150020,0,0,0.3500391316043103,0.05905745542496335,0.0,-0.8522171619820733,0,26.0,0,0.0,-1.0942298521536507,-0.5419327063522275,-0.13107973067417975,0.0,0.0,-0.482803364193296,0.0,1
150021,1,1,0.18674692615705923,0.05687505687505688,0.0,2.1177678018465853,1,51.0,1,2.0,1.1642588484999385,0.1650673247260167,-0.13107973067417975,0.0,3.0,-0.482803364193296,0.0,1
150022,1,1,0.09008830413632289,0.126120727876715,0.0,0.6327753199322559,1,51.0,0,0.0,-0.07790993685953543,1.8147340639085865,-0.13107973067417975,0.0,2.0,-0.482803364193296,0.0,1
150023,1,1,0.14271039917948528,0.07632217989717922,0.0,1.2267723126979877,1,51.0,0,1.0,0.03501449817314403,0.4007340017520981,-0.13107973067417975,0.0,3.0,-0.482803364193296,0.0,1
150024,0,2,0.4565965815568183,0.15842839036755385,0.0,0.3357768235493901,1,51.0,0,2.0,-0.7554565470556122,0.1650673247260167,-0.13107973067417975,0.0,0.0,0.555027325282154,0.0,1
150026,1,1,0.20939920864018857,0.1409875364082491,100.0,0.3357768235493901,1,51.0,0,1.0,-0.5296076769902532,-0.07059935230006469,-0.13107973067417975,0.0,3.0,-0.482803364193296,0.0,1
150027,1,1,0.28114409127740453,0.05154639175257732,0.0,-0.2582201692163416,1,51.0,0,2.0,-1.20715428718633,0.1650673247260167,-0.13107973067417975,0.0,3.0,-0.482803364193296,0.0,1
150028,0,0,0.32980295573556917,0.12617701011100077,0.0,-0.2582201692163416,1,51.0,0,2.0,0.1479389332058235,0.6364006787781795,-0.13107973067417975,0.0,0.0,0.9009708884406373,0.0,1
150029,1,2,0.39340902852155724,0.03574432296047099,50.0,0.3357768235493901,1,51.0,1,2.0,1.1642588484999385,-0.07059935230006469,-0.13107973067417975,0.0,2.0,-0.482803364193296,0.0,1
150061,0,0,0.2811043098297733,0.08469449485783424,0.0,-0.8522171619820733,0,41.0,0,1.0,-0.6425321120229327,-0.3062660293261461,-0.13107973067417975,0.0,0.0,-0.482803364193296,0.0,1
150064,1,1,0.16522280449574256,0.2416784702549575,0.0,0.6327753199322559,0,51.0,1,2.0,0.2608633682385029,2.286067417960749,-0.13107973067417975,0.0,3.0,-0.482803364193296,0.0,1
150065,1,1,0.2841962725494602,0.06666666666666667,0.0,-0.5552186655992074,0,41.0,0,2.0,1.051334413467259,0.1650673247260167,-0.13107973067417975,0.0,0.0,-0.482803364193296,0.0,1
150066,1,1,0.19507445209371796,0.04297502902880567,80.0,-0.2582201692163416,0,26.0,1,2.0,-0.1908343718922149,0.1650673247260167,-0.13107973067417975,0.0,3.0,-0.482803364193296,0.0,1
150067,0,0,0.2531981711437226,0.15320974413972727,0.0,-0.5552186655992074,0,42.0,0,2.0,0.2608633682385029,-0.7775993833783089,-0.13107973067417975,0.0,0.0,-0.482803364193296,0.0,1
150068,1,1,0.2344151696638209,0.11080559203485968,0.0,0.03877832716652424,1,42.0,0,2.0,-0.07790993685953543,0.6364006787781795,-0.13107973067417975,0.0,3.0,-0.482803364193296,0.0,1
150069,0,0,0.14894593077642312,0.12366051040749117,0.0,0.3357768235493901,1,42.0,1,1.0,1.051334413467259,0.1650673247260167,-0.13107973067417975,0.0,3.0,0.555027325282154,0.0,1
150070,0,0,0.2676327633328485,0.06882320555652222,0.0,0.03877832716652424,1,41.0,0,2.0,1.1642588484999385,-0.07059935230006469,-0.13107973067417975,0.0,0.0,-0.482803364193296,0.0,1
150071,0,0,0.17116619216147408,0.0,0.0,-0.5552186655992074,0,43.0,0,0.0,1.277183283532618,0.1650673247260167,-0.13107973067417975,0.0,0.0,-0.482803364193296,0.0,0
150072,1,1,0.3135496213124007,0.030204610174691116,0.0,-0.5552186655992074,1,42.0,1,2.0,1.277183283532618,0.1650673247260167,-0.13107973067417975,0.0,0.0,1.2469144515991206,0.0,1
150073,0,0,0.13977050417173922,0.0,0.0,0.03877832716652424,0,32.0,0,1.0,3.1968986790881693,-1.2489327374304717,-0.13107973067417975,0.0,0.0,-0.482803364193296,0.0,1
150079,1,1,0.2034999150092318,0.06067569288863748,40000.0,3.0087632909951827,1,42.0,0,1.0,1.954729893728695,-0.3062660293261461,-0.13107973067417975,0.0,0.0,1.5928580147576041,0.0,1
159001,1,2,0.46098903301009914,0.08304884037513637,0.0,-0.2582201692163416,1,13.0,0,2.0,-0.7554565470556122,-0.07059935230006469,-0.13107973067417975,0.0,0.0,1.9388015779160874,0.0,1
159002,1,2,0.445832965130603,0.041726871104507346,0.0,0.9297738163151218,1,51.0,0,2.0,-0.3037588069248943,0.1650673247260167,-0.13107973067417975,0.0,0.0,2.4923112789696606,0.0,1
159003,0,2,0.39599065176938764,0.07142705747550304,0.0,0.03877832716652424,1,26.0,0,2.0,-0.5296076769902532,-0.3062660293261461,-0.13107973067417975,0.0,0.0,0.34746118738706405,0.0,1
159004,1,1,0.17311975853078074,0.3851486673856109,0.0,0.03877832716652424,1,26.0,0,1.0,-0.7554565470556122,0.8720673558042609,-0.13107973067417975,0.0,0.0,-0.482803364193296,0.0,1
159005,1,1,0.23321490035170553,0.06148981026001406,90.0,0.3357768235493901,0,26.0,0,1.0,-0.1908343718922149,-0.07059935230006469,-0.13107973067417975,0.0,3.0,-0.482803364193296,0.0,1
159006,0,0,0.2699813001829252,0.24949015312484465,0.0,1.5237708090808535,1,42.0,0,2.0,-0.07790993685953543,0.6364006787781795,-0.13107973067417975,0.0,0.0,0.9009708884406373,0.0,1
159007,0,0,0.1889796297196367,0.04749691270067445,86.0,-1.446214154747805,0,0.0,0,1.0,-1.20715428718633,0.4007340017520981,-0.13107973067417975,0.0,0.0,-0.482803364193296,0.0,1
159010,0,0,0.22485125956175098,0.07238893565539589,0.0,0.3357768235493901,1,13.0,0,1.0,-0.7554565470556122,-0.07059935230006469,-0.13107973067417975,0.0,1.5,-0.482803364193296,0.0,1
159012,0,0,0.2208389413002132,0.06883630416330248,0.0,-1.149215658364939,0,41.0,1,2.0,0.2608633682385029,-0.07059935230006469,-0.13107973067417975,0.0,0.0,-0.482803364193296,0.0,1
159013,2,0,0.32739572460462535,0.16993194968292244,50.0,0.9297738163151218,1,26.0,0,1.0,-0.5296076769902532,0.8720673558042609,-0.13107973067417975,0.0,0.0,-0.482803364193296,0.0,1
159014,2,2,0.652524501526479,0.17305529116552737,0.0,-0.2582201692163416,1,26.0,0,2.0,-1.0942298521536507,0.6364006787781795,-0.13107973067417975,0.0,0.0,1.4544805894942108,0.0,1
159015,2,1,0.3634635075631046,0.2593921577104319,0.0,-1.446214154747805,0,23.0,0,2.0,-1.3200787222190096,0.4007340017520981,-0.13107973067417975,0.0,0.0,0.9009708884406373,0.0,1
159016,2,1,0.27051867600690604,0.1394831993758476,85.0,0.03877832716652424,1,26.0,0,1.0,-0.07790993685953543,-0.3062660293261461,-0.13107973067417975,0.0,3.0,-0.482803364193296,0.0,1
159017,2,2,0.6105062859516148,0.44149796891416754,0.0,0.3357768235493901,1,23.0,0,2.0,-0.3037588069248943,0.6364006787781795,-0.13107973067417975,0.0,0.0,2.2847451410745707,0.0,1
159018,0,0,0.3622751202868822,0.19060971653607572,60000.0,0.6327753199322559,1,41.0,1,2.0,0.1479389332058235,2.0504007409346676,-0.13107973067417975,0.0,0.0,5.070594060833525,0.0,1
159019,2,2,0.5313967334710236,0.05104471517048935,50.0,0.3357768235493901,0,23.0,0,2.0,-1.0942298521536507,-0.07059935230006469,-0.13107973067417975,0.0,3.0,-0.482803364193296,0.0,1
159021,2,2,0.5287835120401488,0.43146634291786967,0.0,-0.5552186655992074,1,23.0,0,1.0,-0.6425321120229327,0.8720673558042609,-0.13107973067417975,0.0,0.0,0.555027325282154,0.0,1
159022,2,2,0.49308482761660893,0.05998039201530002,0.0,0.3357768235493901,1,23.0,0,2.0,-0.3037588069248943,0.1650673247260167,-0.13107973067417975,0.0,1.0,1.9388015779160874,0.0,1
159023,2,0,0.3099923561985338,0.060360775984884596,50.0,-0.5552186655992074,1,23.0,0,2.0,-0.4166832419575738,-0.3062660293261461,-0.13107973067417975,0.0,3.0,0.9009708884406373,0.0,1
159025,2,2,0.5475474590486811,0.11599107561906326,20200.0,-0.2582201692163416,0,42.0,0,2.0,-0.6425321120229327,1.1077340328303422,-0.13107973067417975,0.0,0.0,-0.482803364193296,0.0,1
159026,2,1,0.41811548592174547,0.325461975192565,0.0,0.3357768235493901,0,42.0,0,2.0,-0.5296076769902532,0.1650673247260167,-0.13107973067417975,0.0,0.0,-0.482803364193296,0.0,1
159027,2,2,0.669533710185998,0.09676159528872515,0.0,-0.2582201692163416,0,42.0,0,2.0,-1.20715428718633,0.6364006787781795,-0.13107973067417975,0.0,0.0,-0.482803364193296,0.0,1
159028,2,2,0.6144339336843988,0.1504263232631154,50.0,-0.8522171619820733,0,26.0,0,2.0,-0.9813054171209711,0.4007340017520981,-0.13107973067417975,0.0,0.0,-0.482803364193296,0.0,1
159029,2,2,0.387733344865123,0.057221332112611586,0.0,-0.8522171619820733,0,26.0,0,0.0,-1.20715428718633,-0.3062660293261461,-0.13107973067417975,0.0,0.0,-0.482803364193296,0.0,1
159032,0,2,0.5916198803321656,0.08767377707023673,0.0,-0.8522171619820733,0,26.0,0,2.0,-0.8683809820882916,0.4007340017520981,-0.13107973067417975,0.0,0.0,-0.482803364193296,0.0,1
159033,0,0,0.1508987081057376,0.08477777462530088,100.0,-0.5552186655992074,0,34.0,1,1.0,0.9384099784345797,-1.2489327374304717,-0.13107973067417975,0.0,0.0,-0.482803364193296,0.0,1
159034,2,2,0.623859907268534,0.07881579271446516,0.0,0.6327753199322559,0,26.0,0,2.0,-0.7554565470556122,0.1650673247260167,-0.13107973067417975,0.0,0.0,-0.482803364193296,0.0,1
159035,2,2,0.5051614288096918,0.12036953447082543,0.0,-1.149215658364939,0,42.0,1,2.0,-0.5296076769902532,-1.2489327374304717,-0.13107973067417975,0.0,0.0,-0.482803364193296,0.0,1
159036,0,2,0.43441363623655277,0.06786931085501757,75.0,0.6327753199322559,1,51.0,0,2.0,2.2935031988267336,-0.3062660293261461,-0.13107973067417975,0.0,0.0,2.9766322673915373,0.0,1
159039,2,2,0.6161691705916991,0.05194655276903985,60.0,0.03877832716652424,1,41.0,0,2.0,1.503032153597977,-0.5419327063522275,-0.13107973067417975,0.0,0.0,1.5928580147576041,0.0,1
159055,2,2,0.6588253841886353,0.07117639617152736,85.0,0.9297738163151218,0,51.0,0,2.0,2.2935031988267336,0.1650673247260167,-0.13107973067417975,0.0,0.0,1.904207221600239,0.0,1
159056,2,2,0.613521019531084,0.08527814889564797,0.0,0.3357768235493901,1,51.0,0,2.0,1.3901077185652975,0.1650673247260167,-0.13107973067417975,0.0,0.0,-0.482803364193296,0.0,1
159057,2,2,0.5228183909911751,0.03808417998481385,0.0,0.6327753199322559,1,51.0,1,2.0,1.277183283532618,0.6364006787781795,-0.13107973067417975,0.0,2.25,0.9009708884406373,0.0,1
159065,2,2,0.5891236680538262,0.03820877273421978,0.0,-0.2582201692163416,1,51.0,0,2.0,0.1479389332058235,0.4007340017520981,-0.13107973067417975,0.0,0.0,-0.482803364193296,0.0,1
159066,0,0,0.3005143016738571,0.0,0.0,-0.2582201692163416,1,51.0,0,2.0,0.48671223830386184,-0.3062660293261461,-0.13107973067417975,0.0,3.0,-0.482803364193296,0.0,1
159072,2,2,0.5855747912760256,0.03954909195593384,30100.0,0.9297738163151218,1,51.0,1,2.0,1.6159565886306564,0.4007340017520981,-0.13107973067417975,0.0,2.0,-0.482803364193296,0.0,1
159073,2,2,0.7066957276821436,0.08846790468245032,20000.0,-0.2582201692163416,1,34.0,0,2.0,-0.7554565470556122,0.8720673558042609,-0.13107973067417975,0.0,0.0,1.2469144515991206,0.0,1
159074,2,2,0.629836991738469,0.166992844909729,35000.0,-0.8522171619820733,1,26.0,0,2.0,-0.4166832419575738,0.6364006787781795,-0.13107973067417975,0.0,0.0,1.3161031642308174,0.0,1
159076,0,0,0.2970572628958143,0.3245875033811198,0.0,0.9297738163151218,1,51.0,0,2.0,0.2608633682385029,0.4007340017520981,-0.13107973067417975,1.0,0.0,1.5928580147576041,0.0,1
159078,2,2,0.4851889326815418,0.07425618405700832,25050.0,1.8207693054637193,0,26.0,0,2.0,0.03501449817314403,0.4007340017520981,-0.13107973067417975,0.0,3.0,-0.482803364193296,0.0,1
159079,2,2,0.4392354584366602,0.27235233052630736,90.0,-0.2582201692163416,1,51.0,0,1.0,0.03501449817314403,0.6364006787781795,-0.13107973067417975,0.0,1.5,-0.482803364193296,0.0,1
159081,2,2,0.4249941505047536,0.18445548586233385,20000.0,1.2267723126979877,1,51.0,0,2.0,0.1479389332058235,0.8720673558042609,-0.13107973067417975,0.0,0.0,0.20908376212367072,0.0,1
159082,2,1,0.3047180357800447,0.1848431591424056,54.0,3.0087632909951827,1,41.0,1,1.0,0.9384099784345797,-0.3062660293261461,-0.13107973067417975,0.0,1.5,0.20908376212367072,0.0,1
159083,2,2,0.6573561422084565,0.19659893905598,50.0,0.03877832716652424,1,41.0,1,2.0,-0.1908343718922149,0.4007340017520981,-0.13107973067417975,0.0,2.0,1.3161031642308174,0.0,1
159084,2,0,0.27044909579053894,0.30232020752771366,0.0,-0.8522171619820733,1,26.0,0,0.0,-0.8683809820882916,0.1650673247260167,-0.13107973067417975,0.0,0.0,0.9009708884406373,0.0,1
159085,0,0,0.28745364639199045,0.40386011064217436,0.0,2.1177678018465853,1,26.0,0,2.0,-0.1908343718922149,0.8720673558042609,-0.13107973067417975,0.0,0.0,1.5928580147576041,0.0,1
159086,2,2,0.4272713650112206,0.11793611793611794,80.0,0.3357768235493901,1,26.0,0,0.0,-0.6425321120229327,0.1650673247260167,-0.13107973067417975,0.0,0.0,-0.482803364193296,0.0,1
159087,2,2,0.40541991165127084,0.12943308309603935,0.0,-1.446214154747805,1,0.0,0,2.0,-1.433003157251689,0.1650673247260167,-0.13107973067417975,0.0,0.0,-0.482803364193296,0.0,1
159088,2,2,0.5657790180992001,0.04444597967602368,0.0,-0.5552186655992074,0,26.0,0,2.0,-0.9813054171209711,-0.07059935230006469,-0.13107973067417975,0.0,0.0,-0.482803364193296,0.0,1
159089,2,2,0.642685292747143,0.13839872673171408,5000.0,-1.149215658364939,1,13.0,0,2.0,-1.20715428718633,0.8720673558042609,-0.13107973067417975,0.0,0.0,1.5928580147576041,0.0,1
159090,2,2,0.5987432440597459,0.08810938965131425,80.0,0.03877832716652424,0,25.0,0,2.0,-0.8683809820882916,0.6364006787781795,-0.13107973067417975,0.0,0.0,-0.482803364193296,0.0,1
159093,2,0,0.331614262111275,0.3588516746411483,0.0,-0.5552186655992074,0,0.0,0,1.0,-1.0942298521536507,-0.7775993833783089,-0.13107973067417975,0.0,0.0,-0.482803364193296,0.0,1
159094,0,0,0.20896968509391925,0.054915118999865314,0.0,-0.5552186655992074,1,26.0,0,2.0,0.03501449817314403,-0.07059935230006469,-0.13107973067417975,0.0,3.0,-0.482803364193296,0.0,1
159095,0,0,0.3217180049204564,0.035156799324989454,5000.0,0.9297738163151218,0,24.0,0,1.0,-1.20715428718633,0.1650673247260167,-0.13107973067417975,0.0,0.0,-0.482803364193296,0.0,1
159096,2,2,0.5906318237236089,0.08825022467413506,20000.0,1.5237708090808535,0,26.0,0,2.0,0.03501449817314403,0.1650673247260167,-0.13107973067417975,0.0,0.0,-0.482803364193296,0.0,1
159097,2,2,0.5072780294286323,0.16410916952713167,0.0,-0.5552186655992074,0,26.0,0,2.0,-0.5296076769902532,0.4007340017520981,-0.13107973067417975,0.0,0.0,-0.482803364193296,0.0,1
159098,0,2,0.4361616917640556,0.05442420518948506,45.0,0.3357768235493901,0,26.0,1,2.0,-0.9813054171209711,0.4007340017520981,-0.13107973067417975,0.0,0.0,-0.482803364193296,0.0,1
159099,2,2,0.5504146148161425,0.06152532582374602,20000.0,0.3357768235493901,0,26.0,0,2.0,-0.5296076769902532,0.8720673558042609,-0.13107973067417975,0.0,0.0,-0.482803364193296,0.0,1
159100,0,2,0.44752077051193484,0.04019168341320142,50.0,-0.2582201692163416,0,22.0,0,2.0,-0.9813054171209711,0.1650673247260167,-0.13107973067417975,0.0,0.0,-0.482803364193296,0.0,1
159101,2,2,0.5648503228444531,0.07894314859814236,0.0,-0.8522171619820733,0,31.0,0,2.0,-0.7554565470556122,0.1650673247260167,-0.13107973067417975,0.0,0.0,-0.482803364193296,0.0,1
159102,2,2,0.45567000869106994,0.017640579185590376,0.0,-0.5552186655992074,0,22.0,0,2.0,-0.4166832419575738,-0.07059935230006469,-0.13107973067417975,0.0,0.0,-0.482803364193296,0.0,1
159105,0,0,0.3658980333510206,0.03691535274294448,55.0,0.3357768235493901,0,26.0,0,2.0,0.48671223830386184,0.1650673247260167,-0.13107973067417975,0.0,0.0,-0.482803364193296,0.0,1
159106,2,2,0.6635919467154279,0.06584119036953705,20000.0,1.8207693054637193,0,51.0,0,2.0,-0.6425321120229327,0.6364006787781795,-0.13107973067417975,0.0,0.0,-0.482803364193296,0.0,1
159107,0,0,0.36069403516636456,0.10205232353128554,0.0,1.2267723126979877,1,51.0,0,2.0,-0.3037588069248943,0.1650673247260167,-0.13107973067417975,0.0,0.0,1.5928580147576041,0.0,1
159111,2,2,0.6261917681599459,0.11751661305052798,58.0,0.3357768235493901,0,26.0,0,2.0,0.5996366733365414,0.4007340017520981,-0.13107973067417975,0.0,0.0,-0.482803364193296,0.0,1
159119,2,2,0.42412323368774413,0.137573416582888,0.0,0.3357768235493901,1,26.0,0,2.0,0.48671223830386184,-1.2489327374304717,-0.13107973067417975,0.0,1.0,-0.482803364193296,0.0,1
160008,2,2,0.6310627236699425,0.040909090832492834,0.0,-0.5552186655992074,1,43.0,0,2.0,1.6159565886306564,0.1650673247260167,-0.13107973067417975,1.0,0.0,-0.482803364193296,0.0,3
160009,0,0,0.3416091464854001,0.0,0.0,-1.149215658364939,0,26.0,0,2.0,0.9384099784345797,-1.2489327374304717,-0.13107973067417975,0.0,0.0,-0.482803364193296,0.0,3
160018,2,2,0.5441210247948093,0.18913752314452714,200.0,0.3357768235493901,1,42.0,0,2.0,2.0676543287613747,-0.5419327063522275,-0.13107973067417975,0.0,3.0,-0.482803364193296,0.0,3
160019,0,0,0.3144982548150153,0.15215910661611906,200.0,-0.8522171619820733,0,32.0,0,2.0,0.8254855434019003,-1.2489327374304717,-0.13107973067417975,0.0,0.0,-0.482803364193296,0.0,3
160024,2,0,0.3261024669661657,0.11635286195670815,0.0,-0.2582201692163416,1,22.0,0,2.0,-0.5296076769902532,-0.5419327063522275,-0.13107973067417975,0.0,3.0,-0.482803364193296,0.0,3
160032,2,2,0.5293530344092474,0.7065821342012492,250.0,0.3357768235493901,1,22.0,0,0.0,-0.5296076769902532,-0.3062660293261461,-0.13107973067417975,0.0,1.5,1.5928580147576041,0.0,3
160035,0,0,0.19551540542226323,0.06073210254652232,0.0,-0.2582201692163416,0,16.0,0,1.0,0.7125611083692208,-1.2489327374304717,-0.13107973067417975,0.0,0.0,-0.482803364193296,0.0,3
160036,2,0,0.33554132385666174,0.014095417348806736,0.0,0.03877832716652424,1,26.0,0,2.0,-0.07790993685953543,-0.7775993833783089,-0.13107973067417975,0.0,3.0,-0.482803364193296,0.0,3
160041,2,2,0.5313763671627382,0.8125906546252016,800.0,-0.8522171619820733,1,31.0,0,2.0,0.03501449817314403,-1.2489327374304717,-0.13107973067417975,0.0,3.0,0.20908376212367072,0.0,3
160051,2,2,0.6108339194461834,0.14684868545093926,0.0,-0.8522171619820733,0,26.0,0,2.0,-0.1908343718922149,0.4007340017520981,-0.13107973067417975,0.0,0.0,-0.482803364193296,0.0,3
160054,2,2,0.6741475215614156,0.06786194344560736,0.0,-1.149215658364939,0,23.0,0,2.0,-0.5296076769902532,-1.2489327374304717,-0.13107973067417975,0.0,0.0,-0.482803364193296,0.0,3
160055,0,2,0.6294871462388749,0.4850385797714071,0.0,-0.2582201692163416,0,26.0,0,2.0,0.03501449817314403,-1.2489327374304717,-0.13107973067417975,0.0,0.0,-0.482803364193296,0.0,3
160056,2,2,0.7860734673701048,0.19120941259685587,0.0,-0.5552186655992074,0,43.0,0,2.0,-0.4166832419575738,-0.3062660293261461,3.457431447110234,0.0,0.0,-0.482803364193296,0.0,3
160057,2,2,0.6167633625704351,0.7835813005294978,0.0,-1.446214154747805,0,16.0,0,2.0,1.6159565886306564,0.8720673558042609,-0.13107973067417975,0.0,0.0,-0.482803364193296,0.0,3
160058,2,2,0.6447385998586851,0.2381126498687677,0.0,0.3357768235493901,0,42.0,0,2.0,0.03501449817314403,-1.2489327374304717,-0.13107973067417975,0.0,0.0,-0.482803364193296,0.0,3
160060,2,2,0.6126375718992937,0.0346278117206756,0.0,0.03877832716652424,0,26.0,0,2.0,-0.1908343718922149,-0.3062660293261461,-0.13107973067417975,0.0,0.0,-0.482803364193296,0.0,3
160144,0,0,0.3801715563074859,0.1346683175916047,0.0,-1.149215658364939,0,32.0,0,2.0,1.8418054586960155,-0.07059935230006469,-0.13107973067417975,0.0,0.0,-0.482803364193296,0.0,3
160145,0,0,0.39104682335761765,0.019588407793479392,0.0,-0.5552186655992074,0,31.0,0,2.0,0.5996366733365414,-0.07059935230006469,-0.13107973067417975,0.0,0.0,-0.482803364193296,0.0,3
160146,2,2,0.5722279509998681,0.07393712467710996,0.0,-1.149215658364939,1,14.0,1,1.0,-0.07790993685953543,-1.2489327374304717,-0.13107973067417975,0.0,0.0,-0.482803364193296,0.0,3
160147,0,0,0.413778897232947,0.13247624656114682,150.0,-0.8522171619820733,0,16.0,0,2.0,0.5996366733365414,-1.2489327374304717,-0.13107973067417975,0.0,0.0,-0.482803364193296,0.0,3
160148,2,2,0.5429313873378426,0.2500244728626046,500.0,-1.446214154747805,0,26.0,0,2.0,-0.07790993685953543,-0.5419327063522275,-0.13107973067417975,0.0,0.0,-0.482803364193296,0.0,3
160149,2,0,0.10160032337497144,0.0,200.0,-1.149215658364939,0,16.0,0,0.0,-0.3037588069248943,-1.2489327374304717,-0.13107973067417975,0.0,0.0,-0.482803364193296,0.0,3
160150,2,2,0.6448278105883831,0.2600819246786507,200.0,-0.8522171619820733,1,35.0,0,2.0,1.277183283532618,-0.5419327063522275,0.09320221793734608,0.0,0.0,-0.482803364193296,0.0,3
160151,2,2,0.5962832902230341,0.04673295517002234,0.0,-1.149215658364939,1,16.0,0,1.0,-0.8683809820882916,-0.5419327063522275,-0.13107973067417975,0.0,1.5,-0.13685980103481263,0.0,3
160152,2,2,0.5739792574750499,0.0,0.0,-1.446214154747805,1,28.0,0,2.0,-0.3037588069248943,-1.2489327374304717,-0.13107973067417975,0.0,0.0,-0.482803364193296,0.0,3
160153,2,2,0.6541684779036494,0.15139751324970302,0.0,-1.149215658364939,1,14.0,0,1.0,-0.6425321120229327,-1.2489327374304717,-0.13107973067417975,0.0,0.0,-0.482803364193296,0.0,3
169001,2,2,0.5341856522070986,0.1416798718149004,0.0,-0.2582201692163416,1,26.0,0,2.0,1.6159565886306564,-0.3062660293261461,-0.13107973067417975,0.0,0.0,0.001517624228580711,0.0,3
169002,2,2,0.6890666933095718,0.0071400428390515835,0.0,-0.5552186655992074,0,34.0,0,2.0,-0.6425321120229327,-1.2489327374304717,-0.13107973067417975,0.0,0.0,-0.482803364193296,0.0,3
169003,2,2,0.685800618429497,0.3364275443723731,0.0,-0.5552186655992074,1,43.0,0,2.0,-0.7554565470556122,-0.3062660293261461,-0.13107973067417975,0.0,0.0,-0.2060485136665093,0.0,3
169004,2,2,0.5118727860004105,1.073926728602077,0.0,0.03877832716652424,1,26.0,0,2.0,-0.4166832419575738,0.6364006787781795,-0.13107973067417975,0.0,0.0,0.07070633686027739,0.0,3
169007,2,2,0.5956501254016389,0.11713665943600868,0.0,-0.5552186655992074,1,25.0,0,2.0,-0.4166832419575738,2.5217340949868303,-0.13107973067417975,0.0,3.0,0.20908376212367072,0.0,3
169008,2,2,0.633419759089728,0.3472614186628064,0.0,-1.149215658364939,0,14.0,0,2.0,0.3737878032711824,-1.2489327374304717,-0.13107973067417975,0.0,0.0,-0.482803364193296,0.0,3
169009,0,2,0.6494216099627358,0.0034617430741576047,0.0,-1.149215658364939,0,26.0,1,2.0,-0.6425321120229327,-1.2489327374304717,-0.13107973067417975,0.0,0.0,-0.482803364193296,0.0,3
169010,2,2,0.5466029544362856,0.0,0.0,-1.446214154747805,1,26.0,1,1.0,-0.9813054171209711,-1.2489327374304717,-0.13107973067417975,0.0,0.0,-0.13685980103481263,0.0,3
169011,2,2,0.5756440518544117,0.2719717955175019,0.0,-0.8522171619820733,1,26.0,0,2.0,0.48671223830386184,-1.2489327374304717,-0.13107973067417975,0.0,0.0,-0.482803364193296,0.0,3
169012,2,2,0.6085774181597138,0.009188319754385534,0.0,-1.149215658364939,0,26.0,0,2.0,0.1479389332058235,-1.2489327374304717,-0.13107973067417975,0.0,0.0,-0.482803364193296,0.0,3
169013,2,2,0.7316316496002715,0.12698116723212557,0.0,-1.149215658364939,1,22.0,0,2.0,-0.1908343718922149,0.6364006787781795,0.09320221793734608,0.0,0.0,0.9009708884406373,0.0,3
169016,2,2,0.5517052010095327,0.023329886680058632,0.0,-1.446214154747805,0,16.0,0,2.0,-0.8683809820882916,-1.2489327374304717,-0.13107973067417975,0.0,0.0,-0.482803364193296,0.0,3
169017,2,2,0.45857531846008665,0.2774412165208852,0.0,-1.446214154747805,0,16.0,0,2.0,-0.6425321120229327,1.8147340639085865,-0.13107973067417975,1.0,0.0,-0.482803364193296,0.0,3
169018,2,2,0.4372153610874083,0.02574742301223204,0.0,-1.446214154747805,0,0.0,0,2.0,-0.7554565470556122,-0.3062660293261461,-0.13107973067417975,0.0,0.0,-0.482803364193296,0.0,3
169020,2,2,0.44200563097714535,0.0,0.0,-1.446214154747805,0,0.0,0,2.0,-0.9813054171209711,-1.2489327374304717,-0.13107973067417975,0.0,0.0,-0.482803364193296,0.0,3
169021,2,2,0.5625584924379058,0.008086238607434229,0.0,0.6327753199322559,0,43.0,1,2.0,0.48671223830386184,-1.2489327374304717,-0.13107973067417975,0.0,0.0,-0.482803364193296,0.0,3
169022,2,2,0.5635119502115832,0.05191020939331088,0.0,-0.5552186655992074,0,21.0,0,2.0,-0.8683809820882916,-1.2489327374304717,-0.13107973067417975,0.0,0.0,-0.482803364193296,0.0,3
169026,2,2,0.5764342193543958,0.5265415561734896,0.0,-0.2582201692163416,0,26.0,0,2.0,0.1479389332058235,0.8720673558042609,-0.13107973067417975,0.0,0.0,-0.482803364193296,0.0,3
169027,2,2,0.6224677457695756,0.22181003205567446,0.0,-1.149215658364939,0,43.0,1,2.0,1.503032153597977,0.1650673247260167,-0.13107973067417975,1.0,0.0,-0.482803364193296,0.0,3
169028,2,2,0.581572606991848,0.1118613400206848,0.0,0.3357768235493901,0,26.0,0,2.0,-0.6425321120229327,0.1650673247260167,-0.13107973067417975,1.0,0.0,-0.482803364193296,0.0,3
169030,2,2,0.6992401702297665,0.017216449795784565,0.0,-0.8522171619820733,0,26.0,0,2.0,-0.7554565470556122,-1.2489327374304717,-0.13107973067417975,0.0,0.0,-0.482803364193296,0.0,3
169032,2,2,0.5823825962587579,0.03782307207396512,0.0,-0.8522171619820733,0,34.0,0,2.0,-0.9813054171209711,-1.2489327374304717,-0.13107973067417975,0.0,0.0,-0.482803364193296,0.0,3
169033,2,2,0.7361272835498712,0.06329907755476086,0.0,-0.5552186655992074,0,26.0,0,2.0,-0.7554565470556122,0.4007340017520981,-0.13107973067417975,0.0,0.0,-0.482803364193296,0.0,3
169035,2,2,0.479065386533426,0.0658930336420544,0.0,0.9297738163151218,0,26.0,1,2.0,0.8254855434019003,-1.2489327374304717,-0.13107973067417975,0.0,0.0,-0.482803364193296,0.0,3
169036,2,2,0.6690010936789424,0.06846842818751278,0.0,1.2267723126979877,0,26.0,1,2.0,-1.0942298521536507,-0.3062660293261461,-0.13107973067417975,0.0,0.0,-0.482803364193296,0.0,3
169038,0,0,0.24696268939655305,0.03835933633992193,0.0,-0.8522171619820733,0,43.0,1,0.0,0.03501449817314403,-1.2489327374304717,-0.13107973067417975,0.0,0.0,-0.482803364193296,0.0,3
169040,0,0,0.2345791194352358,0.0,350.0,-1.149215658364939,0,16.0,0,2.0,-0.9813054171209711,-1.2489327374304717,-0.13107973067417975,0.0,0.0,-0.482803364193296,0.0,3
169041,0,0,0.1591915282319861,0.08031741738985729,250.0,0.3357768235493901,0,42.0,0,0.0,1.503032153597977,-1.2489327374304717,0.09320221793734608,0.0,0.0,-0.482803364193296,0.0,3
169042,2,2,0.6409519470438598,0.031307757805194375,195.0,-0.2582201692163416,0,25.0,0,2.0,0.03501449817314403,-0.7775993833783089,-0.13107973067417975,0.0,0.0,-0.482803364193296,0.0,3
169043,2,0,0.2233793305513386,0.03581680657533216,1026.46,-0.5552186655992074,1,41.0,0,2.0,-0.1908343718922149,-1.2489327374304717,-0.13107973067417975,0.0,0.0,-0.482803364193296,0.0,3
169045,0,0,0.3881283135176981,0.0,0.0,-1.149215658364939,1,13.0,0,2.0,-0.7554565470556122,-1.2489327374304717,-0.13107973067417975,0.0,0.0,-0.482803364193296,0.0,3
169046,0,0,0.08651120191484103,0.26728731962371716,750.0,-0.2582201692163416,0,26.0,0,0.0,1.7288810236633358,-1.2489327374304717,-0.13107973067417975,0.0,0.0,-0.482803364193296,0.0,3
169047,2,2,0.4945628290920017,0.19101588615453186,0.0,-1.446214154747805,0,43.0,0,1.0,0.3737878032711824,-1.2489327374304717,-0.13107973067417975,0.0,0.0,-0.482803364193296,0.0,3
169048,0,0,0.19605502626132706,0.8328875983800718,200.0,-1.446214154747805,0,23.0,0,2.0,-0.4166832419575738,0.6364006787781795,-0.13107973067417975,0.0,0.0,-0.482803364193296,0.0,3
169049,0,0,0.33967577637081176,0.3191355596923495,0.0,-1.446214154747805,0,26.0,0,2.0,2.2935031988267336,-0.7775993833783089,-0.13107973067417975,0.0,0.0,-0.482803364193296,0.0,3
169050,0,0,0.25395392453863336,0.2092910978058772,300.0,-0.5552186655992074,0,26.0,0,1.0,-0.6425321120229327,-1.2489327374304717,-0.13107973067417975,0.0,0.0,-0.482803364193296,0.0,3
169051,2,2,0.6683362737037172,0.0,100.0,0.6327753199322559,0,26.0,0,2.0,-0.1908343718922149,-0.3062660293261461,-0.13107973067417975,0.0,0.0,-0.482803364193296,0.0,3
169054,2,2,0.6311483892241532,0.0762154668427309,0.0,-0.8522171619820733,0,25.0,0,2.0,2.406427633859413,0.6364006787781795,-0.13107973067417975,0.0,0.0,-0.482803364193296,0.0,3
169056,0,0,0.3174908428122287,0.04257439598269626,300.0,-1.446214154747805,0,16.0,0,1.0,-1.20715428718633,-1.2489327374304717,-0.13107973067417975,0.0,0.0,-0.482803364193296,0.0,3
169057,0,0,0.19454009302081943,0.6687022181936862,0.0,0.3357768235493901,0,25.0,0,0.0,-0.3037588069248943,-1.2489327374304717,-0.13107973067417975,0.0,0.0,-0.482803364193296,0.0,3
169058,2,2,0.5241901158718701,0.0839429119004966,250.0,-0.8522171619820733,0,31.0,0,1.0,-0.4166832419575738,-1.2489327374304717,-0.13107973067417975,0.0,0.0,-0.482803364193296,0.0,3
169059,2,2,0.7020661228920951,0.2566049353991378,0.0,-0.8522171619820733,0,26.0,0,2.0,-0.1908343718922149,-1.2489327374304717,-0.13107973067417975,0.0,0.0,-0.482803364193296,0.0,3
169060,2,0,0.4219988538752744,0.0,250.0,-1.149215658364939,0,32.0,0,1.0,0.03501449817314403,-1.2489327374304717,-0.13107973067417975,0.0,0.0,-0.482803364193296,0.0,3
169061,0,0,0.3087965086190689,0.18731788538920496,0.0,0.6327753199322559,0,32.0,0,2.0,1.051334413467259,-1.2489327374304717,-0.13107973067417975,0.0,0.0,-0.482803364193296,0.0,3
169065,2,2,0.6392722629898362,0.2752506250209376,0.0,0.03877832716652424,0,26.0,0,2.0,0.9384099784345797,-1.2489327374304717,-0.13107973067417975,0.0,0.0,-0.482803364193296,0.0,3
169066,2,2,0.5326592044285566,2.6070758387133166,200.0,-0.8522171619820733,1,32.0,0,2.0,-0.6425321120229327,-1.2489327374304717,-0.13107973067417975,0.0,0.0,1.5928580147576041,0.0,3
169067,2,2,0.5324139416001535,0.3007903186533691,20.0,-0.8522171619820733,1,16.0,0,2.0,1.1642588484999385,-0.07059935230006469,-0.13107973067417975,0.0,0.0,-0.482803364193296,0.0,3
169068,2,0,0.43263910024032465,0.0,0.0,-1.446214154747805,1,0.0,0,0.0,-0.8683809820882916,-1.2489327374304717,-0.13107973067417975,0.0,0.0,-0.482803364193296,0.0,3
169069,0,0,0.2792606098093939,0.11152008343377612,0.0,0.3357768235493901,0,41.0,0,2.0,2.9710498090228104,-1.2489327374304717,-0.13107973067417975,0.0,0.0,-0.482803364193296,0.0,3
169070,2,2,0.6838220032155564,0.09614670254909985,100.0,-0.8522171619820733,1,25.0,0,2.0,-0.5296076769902532,-0.3062660293261461,0.09320221793734608,0.0,1.5,-0.482803364193296,0.0,3
169071,2,2,0.6322252760093089,0.09945392643724771,0.0,-1.149215658364939,1,26.0,0,1.0,-0.6425321120229327,-1.2489327374304717,-0.13107973067417975,0.0,0.0,0.20908376212367072,0.0,3
169072,2,2,0.567011830990229,0.05401350477690336,319.97,-0.8522171619820733,0,26.0,0,1.0,-1.0942298521536507,-1.2489327374304717,-0.13107973067417975,0.0,0.0,-0.482803364193296,0.0,3
169073,2,2,0.5466506068481506,0.0,0.0,-0.5552186655992074,0,26.0,0,2.0,0.1479389332058235,-1.2489327374304717,-0.13107973067417975,0.0,0.0,-0.482803364193296,0.0,3
169077,2,2,0.6028179464977378,0.04580436612130272,0.0,-1.446214154747805,0,0.0,0,2.0,-0.9813054171209711,-1.2489327374304717,-0.13107973067417975,0.0,0.0,-0.482803364193296,0.0,3
169078,2,2,0.6313490808405365,0.1685987068904104,0.0,-0.2582201692163416,0,26.0,0,2.0,-0.4166832419575738,-0.07059935230006469,-0.13107973067417975,0.0,0.0,-0.482803364193296,0.0,3
169079,2,2,0.5539791142796842,1.0436385683156906,0.0,-0.5552186655992074,0,42.0,0,2.0,0.9384099784345797,-1.2489327374304717,-0.13107973067417975,0.0,0.0,-0.482803364193296,0.0,3
169080,2,2,0.6062054185295171,1.0654362056079327,0.0,-0.8522171619820733,1,26.0,0,2.0,-0.1908343718922149,-0.3062660293261461,-0.13107973067417975,0.0,1.5,-0.06767108840311596,0.0,3
169083,2,2,0.6745207708691155,0.08224356659158943,0.0,-0.5552186655992074,1,26.0,0,2.0,-0.4166832419575738,0.6364006787781795,-0.13107973067417975,0.0,0.0,0.762593463177244,0.0,3
169084,2,2,0.6194699062671513,0.03337969401947149,0.0,-1.149215658364939,1,26.0,0,2.0,-0.9813054171209711,1.1077340328303422,-0.13107973067417975,0.0,0.0,0.9009708884406373,0.0,3
169089,2,2,0.595192424601406,0.0517462095546833,0.0,-0.8522171619820733,1,26.0,0,2.0,0.3737878032711824,-1.2489327374304717,0.09320221793734608,0.0,0.0,-0.482803364193296,0.0,3
169091,2,2,0.6215652405532611,0.0,200.0,-1.149215658364939,0,31.0,1,2.0,-0.4166832419575738,-1.2489327374304717,-0.13107973067417975,0.0,0.0,-0.482803364193296,0.0,3
169092,0,0,0.18388469485401618,0.05706435591250132,700.0,-0.5552186655992074,1,42.0,1,2.0,1.7288810236633358,-1.2489327374304717,-0.13107973067417975,0.0,3.0,-0.34442593892990264,0.0,3
169095,2,2,0.5873266031579198,0.24284250131750487,0.0,0.3357768235493901,0,26.0,0,2.0,-0.07790993685953543,-1.2489327374304717,-0.13107973067417975,0.0,0.0,-0.482803364193296,0.0,3
169097,0,0,0.0927286309188108,0.04034783615931155,200.0,-0.5552186655992074,1,26.0,0,2.0,0.9384099784345797,-0.5419327063522275,-0.13107973067417975,0.0,0.0,0.001517624228580711,0.0,3
169099,0,0,0.2701687028180518,0.12888503335233145,0.0,-0.8522171619820733,1,32.0,0,1.0,-0.5296076769902532,-1.2489327374304717,-0.13107973067417975,0.0,3.0,0.9009708884406373,0.0,3
169101,0,0,0.2102054888462336,0.15005723832802204,0.0,-0.5552186655992074,0,41.0,0,0.0,-0.3037588069248943,-1.2489327374304717,-0.13107973067417975,0.0,0.0,-0.482803364193296,0.0,3
169105,0,0,0.22962132491671639,0.03648743474816533,71.23,-1.446214154747805,1,0.0,0,2.0,2.5193520688920925,0.6364006787781795,-0.13107973067417975,0.0,0.0,-0.13685980103481263,0.0,3
169107,0,2,0.38406695266037244,0.0,0.0,-0.5552186655992074,0,26.0,0,2.0,-0.6425321120229327,-1.2489327374304717,-0.13107973067417975,0.0,0.0,-0.482803364193296,0.0,3
169108,0,0,0.3580647441834619,0.0,0.0,-1.149215658364939,0,24.0,0,2.0,-0.9813054171209711,-1.2489327374304717,-0.13107973067417975,0.0,0.0,-0.482803364193296,0.0,3
169109,2,2,0.5696150889429376,0.0,0.0,0.3357768235493901,0,26.0,0,2.0,-0.3037588069248943,-1.2489327374304717,-0.13107973067417975,0.0,0.0,-0.482803364193296,0.0,3
169111,2,2,0.537872228708269,0.12892296731727101,0.0,-0.8522171619820733,0,16.0,0,2.0,0.1479389332058235,0.1650673247260167,-0.13107973067417975,0.0,0.0,-0.482803364193296,0.0,3
169113,2,2,0.5894502868721762,0.0,0.0,0.9297738163151218,1,42.0,1,2.0,1.277183283532618,-0.07059935230006469,-0.13107973067417975,0.0,0.0,0.9009708884406373,0.0,3
169114,2,2,0.5959910261130432,0.11177039023973566,0.0,-0.8522171619820733,0,26.0,0,2.0,-0.8683809820882916,-1.2489327374304717,-0.13107973067417975,0.0,0.0,-0.482803364193296,0.0,3
169115,2,2,0.5311829984584567,0.04242681374628766,0.0,0.03877832716652424,0,26.0,0,2.0,0.48671223830386184,-1.2489327374304717,-0.13107973067417975,0.0,0.0,-0.482803364193296,0.0,3
169116,2,2,0.6564486925224468,0.1845520675327038,32140.58,0.9297738163151218,0,42.0,0,2.0,0.2608633682385029,0.4007340017520981,-0.13107973067417975,0.0,0.0,-0.482803364193296,0.0,3
169117,2,2,0.4991860932941495,0.06392650819206364,0.0,-0.2582201692163416,0,26.0,0,2.0,-0.07790993685953543,-1.2489327374304717,-0.13107973067417975,0.0,0.0,-0.482803364193296,0.0,3
169119,2,2,0.5448832526916288,0.15146415348367553,0.0,-1.149215658364939,0,23.0,0,2.0,3.561644604243726,1.1077340328303422,-0.13107973067417975,0.0,0.0,-0.482803364193296,0.0,3
169120,2,2,0.5648713853818811,2.7165410036456583,0.0,0.03877832716652424,0,43.0,0,2.0,0.3737878032711824,-0.07059935230006469,-0.13107973067417975,0.0,0.0,-0.482803364193296,0.0,3
169121,2,0,0.12106308425929184,0.6898454746136865,2587.2,-0.8522171619820733,0,26.0,0,1.0,-0.3037588069248943,0.6364006787781795,-0.13107973067417975,0.0,0.0,-0.482803364193296,0.0,3
169122,2,2,0.5884776708537657,0.0,0.0,-0.8522171619820733,0,34.0,0,2.0,0.5996366733365414,0.4007340017520981,-0.13107973067417975,0.0,0.0,-0.482803364193296,0.0,3
169124,2,2,0.5918032857816528,0.0,0.0,-0.8522171619820733,0,26.0,0,2.0,-0.8683809820882916,-1.2489327374304717,-0.13107973067417975,0.0,0.0,-0.482803364193296,0.0,3
169125,2,2,0.49516958175108905,0.17019082938026642,800.0,1.2267723126979877,1,26.0,0,1.0,-0.6425321120229327,0.8720673558042609,-0.13107973067417975,0.0,0.0,0.9009708884406373,0.0,3
169126,2,2,0.7063080386286463,0.18935827419308024,0.0,-0.2582201692163416,0,26.0,1,2.0,0.1479389332058235,0.6364006787781795,-0.13107973067417975,0.0,0.0,-0.482803364193296,0.0,3
169127,2,2,0.5817265963417604,0.11045528562809245,0.0,-1.149215658364939,0,11.0,0,2.0,-0.7554565470556122,-1.2489327374304717,-0.13107973067417975,0.0,0.0,-0.482803364193296,0.0,3
169128,0,2,0.38636039220219187,0.0,0.0,-0.5552186655992074,0,26.0,0,1.0,-0.3037588069248943,0.8720673558042609,-0.13107973067417975,0.0,0.0,0.07070633686027739,0.0,3
169129,2,2,0.43681134535659166,0.04934030151990878,0.0,-0.2582201692163416,0,26.0,0,0.0,-0.5296076769902532,0.1650673247260167,-0.13107973067417975,0.0,0.0,-0.482803364193296,0.0,3
169130,2,2,0.7192249459390196,0.20520139577361288,0.0,-1.149215658364939,0,26.0,0,2.0,-0.3037588069248943,1.8147340639085865,-0.13107973067417975,1.0,0.0,-0.482803364193296,0.0,3
169131,2,2,0.5684533585406478,0.0,0.0,-0.8522171619820733,0,26.0,0,2.0,0.48671223830386184,-1.2489327374304717,-0.13107973067417975,0.0,0.0,-0.482803364193296,0.0,3
169133,2,2,0.6503352570988657,0.45039636506877456,0.0,-0.2582201692163416,0,26.0,0,2.0,0.3737878032711824,1.1077340328303422,-0.13107973067417975,0.0,0.0,-0.482803364193296,0.0,3
169134,2,2,0.6170695943388933,0.15236463017297003,0.0,-1.149215658364939,0,23.0,0,2.0,1.277183283532618,-1.2489327374304717,-0.13107973067417975,0.0,0.0,-0.482803364193296,0.0,3
169136,2,2,0.5259164991207701,0.19013260092835496,0.0,-1.149215658364939,0,26.0,1,2.0,1.954729893728695,-0.3062660293261461,-0.13107973067417975,0.0,0.0,-0.482803364193296,0.0,3
169137,2,2,0.7690149652607704,0.2611187693396775,0.0,-0.2582201692163416,0,41.0,0,2.0,-0.5296076769902532,0.1650673247260167,-0.13107973067417975,0.0,0.0,-0.482803364193296,0.0,3
169138,2,2,0.7055202743897923,0.7145834398952335,0.0,-0.2582201692163416,0,34.0,0,2.0,0.03501449817314403,0.8720673558042609,-0.13107973067417975,0.0,0.0,-0.482803364193296,0.0,3
169139,2,2,0.7232393428602265,0.18982058024343526,0.0,-1.149215658364939,1,23.0,0,2.0,-0.8683809820882916,-1.2489327374304717,-0.13107973067417975,0.0,0.0,0.20908376212367072,0.0,3
169141,0,0,0.11849583132851745,0.21847474368665765,0.0,0.3357768235493901,0,26.0,0,2.0,1.1642588484999385,-1.2489327374304717,0.09320221793734608,1.0,0.0,-0.482803364193296,0.0,3
169142,2,2,0.6885656295869701,0.24752060612590968,0.0,-0.2582201692163416,0,43.0,0,2.0,1.3901077185652975,-0.3062660293261461,-0.13107973067417975,1.0,0.0,-0.482803364193296,0.0,3
169144,2,2,0.5514240914457981,0.015340069715063707,0.0,-0.8522171619820733,0,26.0,0,2.0,1.051334413467259,-1.2489327374304717,-0.13107973067417975,0.0,0.0,-0.482803364193296,0.0,3
169145,0,0,0.2981872260036627,0.5119454515013369,0.0,0.03877832716652424,0,43.0,0,2.0,0.2608633682385029,-1.2489327374304717,-0.13107973067417975,0.0,0.0,-0.482803364193296,0.0,3
169149,2,2,0.5680869379705434,0.0,0.0,0.03877832716652424,0,43.0,0,2.0,1.6159565886306564,-1.2489327374304717,-0.13107973067417975,0.0,0.0,-0.482803364193296,0.0,3
169150,0,0,0.3990745314356248,0.0,0.0,0.03877832716652424,0,43.0,1,2.0,1.051334413467259,-1.2489327374304717,-0.13107973067417975,1.0,0.0,-0.482803364193296,0.0,3
169153,0,2,0.511869381339662,0.0,0.0,0.03877832716652424,1,42.0,0,2.0,3.5356719841862074,-0.3062660293261461,-0.13107973067417975,2.0,0.0,5.070594060833525,0.0,3
169154,2,2,0.5175651172350567,0.0,400.0,-0.5552186655992074,1,26.0,0,2.0,0.7125611083692208,-1.2489327374304717,-0.13107973067417975,0.0,1.5,0.20908376212367072,0.0,3
169156,2,2,0.5894801577308392,0.0,0.0,-1.149215658364939,0,43.0,0,2.0,0.5996366733365414,-1.2489327374304717,-0.13107973067417975,0.0,0.0,-0.482803364193296,0.0,3
169160,2,2,0.6647684854038539,0.17740981667652278,0.0,-1.446214154747805,1,16.0,0,2.0,-0.5296076769902532,0.4007340017520981,-0.13107973067417975,0.0,0.0,0.6242160379138507,0.0,3
169166,2,0,0.4603721006650603,0.21873425055907447,350.0,-1.149215658364939,0,26.0,0,2.0,2.2935031988267336,-1.2489327374304717,-0.13107973067417975,0.0,0.0,-0.482803364193296,0.0,3
169170,2,2,0.5306217480952545,1.07874722392029,0.0,-1.446214154747805,1,16.0,0,2.0,-0.6425321120229327,0.6364006787781795,-0.13107973067417975,0.0,0.0,1.4544805894942108,0.0,3
169171,0,0,0.18341814025665557,0.058264744873280386,692.81,-0.8522171619820733,0,28.0,0,2.0,0.3737878032711824,-1.2489327374304717,-0.13107973067417975,0.0,0.0,-0.482803364193296,0.0,3
169172,2,2,0.5454222984252425,0.0,0.0,-1.149215658364939,0,41.0,0,2.0,-0.3037588069248943,1.8147340639085865,-0.13107973067417975,0.0,0.0,-0.482803364193296,0.0,3
169202,2,2,0.5444414600509208,0.0,0.0,0.03877832716652424,0,26.0,0,2.0,-0.07790993685953543,-1.2489327374304717,-0.13107973067417975,0.0,0.0,-0.482803364193296,0.0,3
170041,0,0,0.315611006779473,0.13435599277399296,100.0,0.03877832716652424,0,26.0,0,2.0,0.2608633682385029,0.6364006787781795,-0.13107973067417975,0.0,0.0,-0.482803364193296,0.0,2
170042,0,2,0.46978619021593265,0.3217007529532372,50.0,0.6327753199322559,0,52.0,0,2.0,0.03501449817314403,-1.2489327374304717,-0.13107973067417975,0.0,0.0,-0.482803364193296,0.0,2
170043,2,2,0.6739726718844037,0.32132402524269077,50.0,0.03877832716652424,0,51.0,0,2.0,-0.4166832419575738,0.8720673558042609,-0.13107973067417975,0.0,0.0,-0.482803364193296,0.0,2
170044,0,0,0.1418236640660679,0.0633985020318738,36421.74,0.6327753199322559,0,32.0,0,1.0,1.7288810236633358,0.6364006787781795,-0.13107973067417975,0.0,0.0,-0.482803364193296,0.0,2
170045,2,2,0.5619093563095615,0.3527987202433962,4086.86,-0.5552186655992074,0,51.0,0,2.0,-0.9813054171209711,-0.3062660293261461,-0.13107973067417975,0.0,0.0,-0.482803364193296,0.0,2
170046,0,0,0.07333406922916937,0.6154130981641915,100.0,2.711764794612317,0,61.0,0,0.0,0.1479389332058235,1.8147340639085865,-0.13107973067417975,0.0,0.0,-0.482803364193296,0.0,2
170047,2,2,0.5236431690430082,0.17932394871335067,50.0,1.5237708090808535,0,51.0,0,2.0,-0.1908343718922149,-0.5419327063522275,-0.13107973067417975,0.0,0.0,-0.482803364193296,0.0,2
170048,0,0,0.03429273212584609,2.44814861613961,12140.58,1.8207693054637193,0,21.0,0,0.0,1.051334413467259,0.1650673247260167,-0.13107973067417975,0.0,0.0,-0.482803364193296,0.0,2
170049,0,0,0.1053922372483838,0.16420361247947454,50.0,1.5237708090808535,0,22.0,0,1.0,1.277183283532618,1.1077340328303422,-0.13107973067417975,0.0,0.0,-0.482803364193296,0.0,2
170050,2,2,0.6200475405058693,0.29009241225697485,0.0,0.6327753199322559,0,52.0,0,2.0,-0.4166832419575738,0.6364006787781795,-0.13107973067417975,0.0,0.0,-0.482803364193296,0.0,2
170081,2,2,0.7237830908873731,0.09534130438980754,40.0,0.03877832716652424,1,51.0,0,2.0,-0.5296076769902532,-0.3062660293261461,-0.13107973067417975,0.0,0.0,-0.06767108840311596,0.0,2
170082,0,0,0.19695763065734018,0.026037425354713848,50.0,0.03877832716652424,1,24.0,0,1.0,0.1479389332058235,0.4007340017520981,-0.13107973067417975,0.0,0.0,-0.482803364193296,0.0,2
170083,0,2,0.45205811407420926,0.014557936871026415,100.0,-0.2582201692163416,1,51.0,0,2.0,-0.1908343718922149,0.4007340017520981,-0.13107973067417975,0.0,0.0,-0.482803364193296,0.0,2
170085,2,2,0.4970934441629539,0.03624176260620041,0.0,1.5237708090808535,0,52.0,0,2.0,0.8254855434019003,-0.3062660293261461,-0.13107973067417975,0.0,0.0,-0.482803364193296,0.0,2
170086,2,2,0.684306797404802,0.02762461463662582,40.0,1.2267723126979877,1,51.0,0,2.0,0.2608633682385029,-0.3062660293261461,-0.13107973067417975,0.0,0.0,-0.482803364193296,0.0,2
170087,0,0,0.32028097764463265,0.0528592894415712,50.0,0.3357768235493901,1,51.0,0,0.0,-0.5296076769902532,0.6364006787781795,0.3174841665488719,0.0,1.5,-0.13685980103481263,0.0,2
170088,0,0,0.4113242044203629,0.022817105264718293,100.0,1.2267723126979877,1,21.0,0,2.0,0.1479389332058235,0.6364006787781795,-0.13107973067417975,0.0,0.0,2.2847451410745707,0.0,2
170089,2,2,0.5524298776997731,0.04894505089754102,0.0,1.2267723126979877,1,52.0,0,1.0,-0.4166832419575738,-0.3062660293261461,-0.13107973067417975,0.0,0.0,0.20908376212367072,0.0,2
170090,2,2,0.7050863653613036,0.023433901796997152,50.0,-0.2582201692163416,1,51.0,0,2.0,-0.3037588069248943,-0.3062660293261461,-0.13107973067417975,0.0,0.0,-0.06767108840311596,0.0,2
179001,2,2,0.7095349100389466,0.04045580203627537,30.0,-0.2582201692163416,0,51.0,0,2.0,-0.6425321120229327,-0.07059935230006469,-0.13107973067417975,0.0,0.0,-0.482803364193296,0.0,2
179002,0,0,0.1516912495407919,0.03936000670823551,50.0,1.2267723126979877,0,13.0,0,1.0,-0.3037588069248943,1.1077340328303422,-0.13107973067417975,0.0,0.0,-0.482803364193296,0.0,2
179003,2,2,0.612695721445109,0.015372318039210804,20000.0,-0.2582201692163416,0,51.0,0,2.0,-0.1908343718922149,1.1077340328303422,-0.13107973067417975,0.0,0.0,-0.482803364193296,0.0,2
179004,2,2,0.49781899337864455,0.033298851975317366,50.0,0.03877832716652424,0,51.0,0,1.0,1.1642588484999385,-0.07059935230006469,-0.13107973067417975,0.0,0.0,-0.482803364193296,0.0,2
179005,2,0,0.35692908164987985,0.028598703682853277,0.0,-0.5552186655992074,0,0.0,0,2.0,-0.07790993685953543,0.6364006787781795,-0.13107973067417975,0.0,0.0,-0.482803364193296,0.0,2
179006,0,0,0.09668526323129699,0.07590825558359866,100.0,2.1177678018465853,0,51.0,0,0.0,0.48671223830386184,1.1077340328303422,-0.13107973067417975,0.0,0.0,-0.482803364193296,0.0,2
179008,0,0,0.39156467223604685,0.0888025157312244,12140.58,0.6327753199322559,0,52.0,1,2.0,3.561644604243726,1.1077340328303422,-0.13107973067417975,0.0,0.0,-0.482803364193296,0.0,2
179010,2,2,0.7124431844496733,0.09070045933331593,50.0,-0.2582201692163416,0,51.0,0,2.0,-0.07790993685953543,-0.07059935230006469,-0.13107973067417975,0.0,0.0,-0.482803364193296,0.0,2
179011,2,0,0.292362671404877,0.009891196834817012,100.0,0.9297738163151218,0,51.0,0,0.0,-0.3037588069248943,0.8720673558042609,-0.13107973067417975,0.0,0.0,-0.482803364193296,0.0,2
179012,0,0,0.365744346254325,0.019100782300818138,50.0,0.3357768235493901,0,16.0,0,2.0,-0.1908343718922149,1.1077340328303422,-0.13107973067417975,0.0,0.0,-0.482803364193296,0.0,2
179013,2,2,0.6819802288412443,0.018879738006849476,50.0,0.03877832716652424,1,51.0,1,2.0,-0.1908343718922149,-0.07059935230006469,-0.13107973067417975,0.0,2.0,-0.482803364193296,0.0,2
179017,0,0,0.09880292952285019,0.06662835472754901,50.0,2.1177678018465853,1,26.0,0,0.0,0.5996366733365414,-1.2489327374304717,-0.13107973067417975,0.0,1.0,-0.482803364193296,0.0,2
179018,0,0,0.28830008101051213,0.01802776275464215,50.0,-0.5552186655992074,1,16.0,0,2.0,-0.5296076769902532,0.6364006787781795,-0.13107973067417975,0.0,0.0,-0.482803364193296,0.0,2
179019,2,2,0.6922591926115441,0.04823481116584565,60.0,0.3357768235493901,1,51.0,1,2.0,-0.6425321120229327,0.6364006787781795,-0.13107973067417975,0.0,0.0,-0.482803364193296,0.0,2
179020,0,0,0.332236460068537,0.023975394395237798,50.0,-0.8522171619820733,1,14.0,0,2.0,-1.0942298521536507,0.6364006787781795,-0.13107973067417975,0.0,0.0,-0.482803364193296,0.0,2
179021,2,2,0.5893850598599619,0.011957109353248901,20234.3,0.3357768235493901,1,51.0,0,2.0,0.5996366733365414,-0.3062660293261461,-0.13107973067417975,0.0,1.5,0.555027325282154,0.0,2
179022,0,0,0.3316559935432262,0.03775996282095969,75.0,-0.8522171619820733,1,41.0,0,2.0,0.03501449817314403,1.1077340328303422,-0.13107973067417975,0.0,0.0,1.5928580147576041,0.0,2
179023,2,2,0.7022491561132428,0.013290624084050892,50.0,-1.149215658364939,1,51.0,0,2.0,-1.20715428718633,0.8720673558042609,-0.13107973067417975,0.0,0.0,-0.2060485136665093,0.0,2
179024,0,0,0.12800885478549515,0.017776057565112455,60000.0,3.3057617873780485,1,26.0,1,0.0,3.561644604243726,-1.2489327374304717,-0.13107973067417975,0.0,0.0,0.9009708884406373,0.0,2
179025,0,0,0.1914986940333648,0.04756383959095098,0.0,0.03877832716652424,1,51.0,0,0.0,-0.4166832419575738,0.8720673558042609,-0.13107973067417975,0.0,0.0,0.20908376212367072,0.0,2
179026,2,2,0.7249314139917525,0.03483385387313738,0.0,2.414766298229451,1,51.0,0,2.0,-1.20715428718633,0.1650673247260167,-0.13107973067417975,0.0,1.0,0.555027325282154,0.0,2
179028,0,0,0.14428487387017327,0.0396788410866333,0.0,0.6327753199322559,1,13.0,0,0.0,-0.6425321120229327,0.8720673558042609,-0.13107973067417975,0.0,0.0,-0.13685980103481263,0.0,2
179030,2,2,0.7169225246829715,0.03149893747118068,0.0,0.03877832716652424,1,51.0,0,2.0,-0.3037588069248943,-0.07059935230006469,-0.13107973067417975,0.0,0.0,-0.482803364193296,0.0,2
179031,0,0,0.16677642777210555,0.05015383745236552,0.0,0.9297738163151218,1,51.0,0,0.0,0.5996366733365414,0.8720673558042609,-0.13107973067417975,0.0,1.5,0.9009708884406373,0.0,2
179032,0,0,0.2529540766323149,0.035722961290599146,0.0,0.03877832716652424,1,0.0,0,2.0,-0.8683809820882916,0.8720673558042609,-0.13107973067417975,0.0,3.0,-0.482803364193296,0.0,2
179033,0,0,0.3464590653837402,0.12727433706671387,0.0,2.1177678018465853,1,51.0,0,2.0,-0.07790993685953543,0.6364006787781795,-0.13107973067417975,0.0,0.6,2.2847451410745707,0.0,2
179034,2,2,0.6952460747868031,0.09533002061511696,0.0,0.03877832716652424,1,51.0,0,2.0,-0.7554565470556122,-0.3062660293261461,-0.13107973067417975,0.0,0.0,0.555027325282154,0.0,2
179035,2,2,0.6511952655773157,0.01903744224357434,0.0,1.2267723126979877,1,51.0,0,2.0,0.03501449817314403,-0.07059935230006469,-0.13107973067417975,0.0,0.0,-0.34442593892990264,0.0,2
179036,2,2,0.5676439043276423,0.05934988452224235,100.0,1.8207693054637193,1,51.0,0,1.0,-0.6425321120229327,-0.3062660293261461,-0.13107973067417975,0.0,0.0,-0.482803364193296,0.0,2
179037,0,2,0.34790086238325246,0.01632912278413703,50.0,-0.5552186655992074,1,51.0,0,1.0,-0.4166832419575738,2.0504007409346676,-0.13107973067417975,0.0,3.0,-0.482803364193296,0.0,2
179039,2,0,0.29628003593404495,0.01858109837559388,50.0,0.03877832716652424,1,52.0,0,1.0,1.503032153597977,0.8720673558042609,-0.13107973067417975,0.0,0.0,-0.482803364193296,0.0,2
179041,0,0,0.34311004744332035,0.012805801251441562,50.0,1.5237708090808535,1,26.0,1,2.0,-1.0942298521536507,1.1077340328303422,-0.13107973067417975,0.0,0.0,0.07070633686027739,0.0,2
179042,2,2,0.6823302294823059,0.0110423722554052,40.0,0.03877832716652424,1,51.0,1,2.0,-0.4166832419575738,-0.5419327063522275,-0.13107973067417975,0.0,0.0,-0.482803364193296,0.0,2
179043,0,0,0.06610710438213309,0.02567964891243608,50.0,0.3357768235493901,1,26.0,0,0.0,1.1642588484999385,1.3434007098564238,-0.13107973067417975,0.0,0.0,-0.482803364193296,0.0,2
179044,0,0,0.3208930672908756,0.020694843455250498,0.0,0.9297738163151218,1,16.0,0,1.0,-0.5296076769902532,0.6364006787781795,-0.13107973067417975,0.0,0.0,3.6685193937085043,0.0,2
179045,0,0,0.08631002140585875,0.06390693535189639,0.0,0.03877832716652424,1,16.0,0,0.0,0.03501449817314403,2.0504007409346676,-0.13107973067417975,0.0,1.5,0.20908376212367072,0.0,2
179046,0,0,0.3207164543704732,0.12622236394557823,0.0,0.9297738163151218,1,52.0,0,2.0,1.1642588484999385,-1.2489327374304717,-0.13107973067417975,0.0,0.0,-0.34442593892990264,0.0,2
179047,2,2,0.6809625125899622,0.07079075059157865,50.0,0.3357768235493901,1,51.0,0,2.0,-0.4166832419575738,-0.3062660293261461,-0.13107973067417975,0.0,0.0,-0.482803364193296,0.0,2
179048,0,0,0.1909126432648116,0.03164499737798593,50.0,0.03877832716652424,1,12.0,0,1.0,0.2608633682385029,0.4007340017520981,-0.13107973067417975,0.0,0.0,-0.34442593892990264,0.0,2
179049,0,0,0.12389140462473591,0.04642907204694482,0.0,2.1177678018465853,1,51.0,0,0.0,0.8254855434019003,0.8720673558042609,-0.13107973067417975,0.0,0.0,1.5928580147576041,0.0,2
179050,0,0,0.22360194077270246,0.033628068638970485,0.0,0.03877832716652424,1,0.0,0,2.0,0.2608633682385029,0.4007340017520981,-0.13107973067417975,0.0,0.0,0.20908376212367072,0.0,2
179053,2,2,0.7020044491782325,0.11361405243548552,0.0,0.03877832716652424,1,51.0,0,2.0,-0.5296076769902532,0.1650673247260167,-0.13107973067417975,0.0,0.0,-0.2060485136665093,0.0,2
179054,2,2,0.7010202910466606,0.07205401087700264,50.0,0.3357768235493901,1,51.0,0,2.0,-0.07790993685953543,-0.07059935230006469,-0.13107973067417975,0.0,0.0,-0.482803364193296,0.0,2
179055,0,2,0.47008689540539655,0.03535063899247716,50.0,1.2267723126979877,1,51.0,0,2.0,0.9384099784345797,-0.3062660293261461,-0.13107973067417975,0.0,0.0,-0.482803364193296,0.0,2
179056,0,0,0.3211866494482494,0.06666989914662529,50.0,0.3357768235493901,1,0.0,0,2.0,-0.4166832419575738,0.4007340017520981,-0.13107973067417975,0.0,0.0,0.34746118738706405,0.0,2
179058,2,2,0.4865440607912976,0.09636061287243432,50.0,-0.5552186655992074,1,0.0,0,2.0,-0.5296076769902532,-1.2489327374304717,-0.13107973067417975,0.0,0.0,-0.2060485136665093,0.0,2
179059,2,0,0.4260690189091494,0.12014271529376738,0.0,2.1177678018465853,1,3.0,0,2.0,1.051334413467259,-0.3062660293261461,-0.13107973067417975,0.0,0.0,-0.482803364193296,0.0,2
179060,0,0,0.17462258253662297,0.09504574076274207,0.0,-0.5552186655992074,1,16.0,0,1.0,-1.0942298521536507,1.3434007098564238,-0.13107973067417975,0.0,0.0,-0.06767108840311596,0.0,2
179061,2,2,0.5753961839787533,0.08735751160260008,0.0,0.9297738163151218,0,51.0,0,2.0,0.9384099784345797,0.1650673247260167,-0.13107973067417975,0.0,0.0,-0.482803364193296,0.0,2
179062,0,0,0.36350478042342815,0.050240147906995436,0.0,-0.5552186655992074,1,0.0,0,2.0,-0.1908343718922149,0.6364006787781795,-0.13107973067417975,0.0,1.0,0.20908376212367072,0.0,2
179063,0,0,0.37417039282397857,0.028875783180002855,0.0,0.3357768235493901,0,51.0,0,2.0,1.277183283532618,0.6364006787781795,-0.13107973067417975,0.0,0.0,-0.482803364193296,0.0,2
179064,2,2,0.5877493609982187,0.01778309511542352,0.0,0.3357768235493901,0,51.0,0,2.0,0.9384099784345797,1.1077340328303422,-0.13107973067417975,0.0,0.0,-0.482803364193296,0.0,2
179065,2,2,0.6717975495697949,0.03025587828492393,0.0,-0.2582201692163416,0,51.0,0,2.0,-0.4166832419575738,0.4007340017520981,-0.13107973067417975,0.0,0.0,-0.482803364193296,0.0,2
179067,0,0,0.33723240597447357,0.09423548100481947,0.0,-0.5552186655992074,0,0.0,1,2.0,-0.6425321120229327,0.1650673247260167,-0.13107973067417975,0.0,0.0,-0.482803364193296,0.0,2
179068,0,0,0.15731453740701215,0.029141774734081305,0.0,0.3357768235493901,0,51.0,0,0.0,0.03501449817314403,0.6364006787781795,-0.13107973067417975,0.0,0.0,-0.482803364193296,0.0,2
179069,0,0,0.24850956057307536,0.027307482250136537,0.0,-1.149215658364939,0,0.0,0,2.0,-0.6425321120229327,0.4007340017520981,-0.13107973067417975,0.0,0.0,-0.482803364193296,0.0,2
179070,0,0,0.09238689072460386,0.22198263291351347,0.0,2.414766298229451,0,51.0,0,0.0,2.7452009389574514,-1.2489327374304717,-0.13107973067417975,0.0,0.0,-0.482803364193296,0.0,2
179072,2,2,0.45811848581134734,0.1178307361475241,0.0,0.3357768235493901,0,3.0,0,2.0,-0.07790993685953543,-0.07059935230006469,-0.13107973067417975,0.0,0.0,-0.482803364193296,0.0,2
179073,0,0,0.3104256564821017,0.013462574044157244,16187.44,3.3057617873780485,1,51.0,0,2.0,1.954729893728695,1.1077340328303422,-0.13107973067417975,0.0,0.0,0.20908376212367072,0.0,2
179074,0,0,0.24274929111324703,0.014011409722147095,0.0,-0.2582201692163416,1,51.0,0,0.0,-0.1908343718922149,0.4007340017520981,-0.13107973067417975,0.0,0.0,-0.2060485136665093,0.0,2
179076,2,2,0.7187231781191977,0.040631940888788916,50.0,1.5237708090808535,1,51.0,0,2.0,0.7125611083692208,-0.07059935230006469,-0.13107973067417975,0.0,0.0,-0.27523722629820596,0.0,2
179079,2,2,0.6406617095868534,0.017757135569685688,50.0,1.8207693054637193,1,51.0,0,2.0,0.3737878032711824,0.1650673247260167,-0.13107973067417975,0.0,0.0,-0.482803364193296,0.0,2
179080,2,2,0.5819467668926593,0.02173244065373417,40.0,0.03877832716652424,1,15.0,0,2.0,-0.9813054171209711,-0.5419327063522275,-0.13107973067417975,0.0,0.0,-0.06767108840311596,0.0,2
179082,0,0,0.3328892864853257,0.014963719136470469,50.0,1.2267723126979877,1,51.0,0,0.0,-0.3037588069248943,0.8720673558042609,-0.13107973067417975,0.0,1.5,-0.34442593892990264,0.0,2
179085,0,0,0.157134694463791,0.0,0.0,0.03877832716652424,1,41.0,0,2.0,3.0839742440554896,-1.2489327374304717,-0.13107973067417975,0.0,2.0,-0.482803364193296,0.0,2
179086,0,0,0.14163561044416373,0.020666863582885053,60000.0,1.2267723126979877,1,41.0,0,1.0,2.7452009389574514,0.1650673247260167,-0.13107973067417975,0.0,0.0,0.20908376212367072,0.0,2
179089,0,0,0.12254183193213501,0.03132270974990889,0.0,-0.2582201692163416,1,34.0,0,0.0,0.03501449817314403,-1.2489327374304717,-0.13107973067417975,0.0,0.0,-0.13685980103481263,0.0,2
179097,2,2,0.5692215364351876,0.03798526171845324,0.0,0.03877832716652424,1,51.0,0,1.0,-0.7554565470556122,0.1650673247260167,-0.13107973067417975,0.0,0.0,-0.482803364193296,0.0,2
179098,0,0,0.06745205237612459,0.023523540275157555,0.0,0.3357768235493901,1,12.0,0,0.0,0.1479389332058235,3.935734157143319,-0.13107973067417975,0.0,0.0,-0.482803364193296,0.0,2
179100,0,0,0.4221688575466973,0.014448779078167894,0.0,0.6327753199322559,1,51.0,0,2.0,0.9384099784345797,0.6364006787781795,-0.13107973067417975,0.0,0.0,2.9766322673915373,0.0,2
179101,2,2,0.6389124155019866,0.06549440415810874,0.0,0.9297738163151218,1,51.0,0,2.0,0.3737878032711824,-0.07059935230006469,-0.13107973067417975,0.0,0.0,-0.482803364193296,0.0,2
179103,2,2,0.7115341349831383,0.05024148551808986,0.0,0.9297738163151218,1,51.0,0,2.0,-0.4166832419575738,0.1650673247260167,-0.13107973067417975,0.0,0.0,-0.13685980103481263,0.0,2
179104,0,0,0.28696810831169667,0.01399038778063072,0.0,0.03877832716652424,1,0.0,0,2.0,-1.0942298521536507,0.4007340017520981,-0.13107973067417975,0.0,0.0,-0.482803364193296,0.0,2
179105,0,0,0.15429518794261401,0.01942887226019196,0.0,-0.5552186655992074,1,51.0,0,0.0,-0.1908343718922149,0.4007340017520981,-0.13107973067417975,0.0,0.0,-0.482803364193296,0.0,2
179106,0,0,0.2727426940694241,0.02959586841676902,0.0,-0.2582201692163416,1,0.0,0,2.0,-0.6425321120229327,0.6364006787781795,-0.13107973067417975,0.0,0.0,-0.482803364193296,0.0,2
179108,2,2,0.6864992757517842,0.023933855526544822,0.0,-0.2582201692163416,1,51.0,0,2.0,-0.3037588069248943,0.1650673247260167,-0.13107973067417975,0.0,0.0,-0.482803364193296,0.0,2
180001,2,2,0.566369571720874,0.0,8093.72,0.6327753199322559,1,26.0,0,2.0,0.1479389332058235,0.1650673247260167,-0.13107973067417975,0.0,0.0,-0.13685980103481263,0.0,2
180004,2,2,0.8144958111670938,0.0,24281.16,0.3357768235493901,1,51.0,0,2.0,-0.6425321120229327,-0.07059935230006469,-0.13107973067417975,0.0,1.75,-0.482803364193296,0.0,2
180009,2,2,0.6202944753270256,0.22092124157737766,4046.86,1.5237708090808535,1,32.0,0,2.0,0.1479389332058235,-1.2489327374304717,-0.13107973067417975,1.0,0.6,1.0393483137040307,0.0,2
180031,2,2,0.5851634368696859,0.129835379821431,15000.0,0.03877832716652424,1,22.0,0,2.0,-0.6425321120229327,0.1650673247260167,-0.13107973067417975,0.0,0.0,0.20908376212367072,0.0,2
180032,0,0,0.17829240019972914,0.19764798893171262,20234.3,-1.149215658364939,1,0.0,0,0.0,-0.3037588069248943,0.1650673247260167,-0.13107973067417975,0.0,0.0,0.20908376212367072,0.0,2
180033,2,2,0.6107869188764204,0.3270722362396038,10000.0,0.9297738163151218,1,51.0,0,2.0,0.2608633682385029,0.1650673247260167,-0.13107973067417975,0.0,1.2,-0.482803364193296,0.0,2
180034,0,0,0.39884050514184527,0.055215672416458694,4046.86,0.6327753199322559,1,52.0,0,2.0,-0.7554565470556122,-1.2489327374304717,-0.13107973067417975,0.0,0.6,5.070594060833525,0.0,2
180035,0,2,0.5174299317523239,0.11853959222380275,4046.86,1.2267723126979877,1,26.0,1,2.0,-0.3037588069248943,0.8720673558042609,-0.13107973067417975,0.0,0.0,0.20908376212367072,0.0,2
180036,2,2,0.6919058309039944,0.059113300492610835,8093.72,1.8207693054637193,1,41.0,0,2.0,-0.5296076769902532,0.1650673247260167,-0.13107973067417975,0.0,1.8,-0.2060485136665093,0.0,2
180037,0,0,0.36150882951049,0.09032199792259404,0.0,0.3357768235493901,1,25.0,0,1.0,-1.0942298521536507,-1.2489327374304717,-0.13107973067417975,0.0,1.5,-0.482803364193296,0.0,2
180038,0,0,0.2838694841062835,0.07852468768590125,20234.3,0.9297738163151218,1,51.0,0,1.0,-0.3037588069248943,-1.2489327374304717,-0.13107973067417975,0.0,2.25,1.9388015779160874,0.0,2
180039,0,0,0.0771194458144694,0.3809814081072843,2023.43,-1.149215658364939,1,34.0,0,0.0,0.03501449817314403,-1.2489327374304717,-0.13107973067417975,0.0,0.0,-0.482803364193296,0.0,2
180040,0,0,0.3881874846908718,0.07064142413111048,6070.29,3.3057617873780485,1,35.0,0,2.0,-0.1908343718922149,1.1077340328303422,-0.13107973067417975,0.0,0.0,0.9009708884406373,0.0,2
180041,0,0,0.3475626444356043,0.3376588756463547,28328.02,2.711764794612317,1,51.0,0,2.0,-0.5296076769902532,-1.2489327374304717,-0.13107973067417975,0.0,0.0,0.07070633686027739,0.0,2
180042,0,0,0.3483048977812458,0.16965178899004793,40468.6,-0.5552186655992074,1,25.0,0,2.0,-0.6425321120229327,-1.2489327374304717,-0.13107973067417975,0.0,3.0,0.555027325282154,0.0,2
180043,0,2,0.46105733054594794,0.22937095016916106,4046.86,-0.2582201692163416,1,22.0,0,2.0,-0.5296076769902532,0.1650673247260167,-0.13107973067417975,0.0,0.0,-0.27523722629820596,0.0,2
180044,0,0,0.25602465017588616,0.2370407512310886,5260.918,0.9297738163151218,1,26.0,0,1.0,0.48671223830386184,0.1650673247260167,-0.13107973067417975,0.0,3.0,-0.13685980103481263,0.0,2
180046,0,0,0.2679328807571974,0.896700143472023,100.0,0.03877832716652424,1,34.0,0,2.0,0.1479389332058235,0.1650673247260167,-0.13107973067417975,2.0,0.0,-0.2060485136665093,0.0,2
180049,2,2,0.6530862129938689,0.5151263900800245,0.0,0.3357768235493901,1,51.0,0,2.0,-0.9813054171209711,-0.07059935230006469,-0.13107973067417975,0.0,3.0,-0.482803364193296,0.0,2
180050,2,0,0.44563669978402115,0.037359900373599,4046.86,1.5237708090808535,1,41.0,0,2.0,-0.07790993685953543,-1.2489327374304717,-0.13107973067417975,0.0,3.0,-0.06767108840311596,0.0,2
180091,0,2,0.5741409426303065,0.1706515545469148,4896.860000000001,0.6327753199322559,1,34.0,0,2.0,-0.7554565470556122,0.1650673247260167,-0.13107973067417975,0.0,0.0,1.9388015779160874,0.0,2
180092,2,2,0.49925189891487615,0.14674590945777385,1750.0,-0.5552186655992074,1,16.0,0,2.0,-1.20715428718633,0.8720673558042609,-0.13107973067417975,0.0,0.0,-0.482803364193296,0.0,2
180093,2,2,0.6432122092992935,0.38976224503053136,450.0,-0.2582201692163416,0,26.0,0,2.0,-1.20715428718633,1.8147340639085865,-0.13107973067417975,0.0,0.0,0.970159601072334,0.0,2
180094,0,0,0.39630053219241185,0.06841017660832682,0.0,-0.2582201692163416,0,16.0,0,2.0,-0.1908343718922149,0.8720673558042609,-0.13107973067417975,0.0,0.0,-0.482803364193296,0.0,2
180095,0,0,0.388003386710968,0.006767308028627036,0.0,-0.5552186655992074,0,26.0,0,1.0,-0.7554565470556122,0.8720673558042609,-0.13107973067417975,0.0,0.0,-0.482803364193296,0.0,2
180096,0,0,0.38224657633195536,0.12416632441379469,0.0,-1.446214154747805,0,0.0,0,2.0,-1.3200787222190096,1.5790673868825051,-0.13107973067417975,0.0,0.0,1.3161031642308174,0.0,2
180097,0,2,0.5364699324666214,0.11440993078199188,8093.72,-0.2582201692163416,0,26.0,0,2.0,-0.9813054171209711,1.3434007098564238,-0.13107973067417975,0.0,0.0,1.4544805894942108,0.0,2
180098,0,2,0.6524354853332359,0.044305031279352085,28093.72,0.3357768235493901,0,26.0,0,2.0,-0.6425321120229327,0.6364006787781795,-0.13107973067417975,0.0,0.0,0.20908376212367072,0.0,2
180099,2,2,0.606848642789774,0.02858735581252412,8093.72,-1.149215658364939,0,0.0,0,2.0,-0.5296076769902532,0.6364006787781795,-0.13107973067417975,0.0,0.0,0.20908376212367072,0.0,2
180100,2,2,0.6827034816147552,0.018868540762952756,10117.15,0.03877832716652424,0,26.0,0,2.0,-0.6425321120229327,0.1650673247260167,-0.13107973067417975,0.0,0.0,0.20908376212367072,0.0,2
189003,0,0,0.324571353700385,0.06125961528802207,0.0,0.9297738163151218,0,26.0,1,2.0,0.03501449817314403,-1.2489327374304717,-0.13107973067417975,1.0,0.0,-0.482803364193296,0.0,2
189005,0,0,0.3409229039373345,0.0070337046338766526,12140.58,-1.149215658364939,0,16.0,0,1.0,-0.9813054171209711,-0.3062660293261461,-0.13107973067417975,1.0,0.0,-0.482803364193296,0.0,2
189006,2,2,0.578781304079001,0.04470707412863467,16996.811999999998,-0.5552186655992074,0,43.0,0,2.0,0.03501449817314403,3.935734157143319,0.7660480637719236,0.0,0.0,-0.482803364193296,0.0,2
189007,0,0,0.24475021487542992,0.37924554389523735,2450.0,0.03877832716652424,0,26.0,0,2.0,0.2608633682385029,0.8720673558042609,-0.13107973067417975,0.0,0.0,-0.482803364193296,0.0,2
189009,2,0,0.43874770475156594,0.0021070300190934635,4046.86,0.3357768235493901,0,41.0,1,2.0,1.3901077185652975,-1.2489327374304717,-0.13107973067417975,2.0,0.0,-0.482803364193296,0.0,2
189010,0,0,0.37271907755204486,0.17162547557343225,14164.01,0.03877832716652424,0,26.0,0,2.0,0.1479389332058235,0.8720673558042609,-0.13107973067417975,0.0,0.0,-0.482803364193296,0.0,2
189011,2,2,0.6321565149664973,0.31907842067476233,10117.15,1.5237708090808535,0,34.0,0,2.0,0.3737878032711824,3.935734157143319,-0.13107973067417975,0.0,0.0,-0.482803364193296,0.0,2
189012,0,0,0.3382544157103526,0.8874508726633077,16187.44,-0.5552186655992074,1,21.0,1,2.0,0.2608633682385029,-0.3062660293261461,-0.13107973067417975,2.0,3.0,2.9766322673915373,0.0,2
189014,2,2,0.6981507708606904,0.056606951474332194,12140.58,-0.2582201692163416,1,22.0,0,2.0,-0.8683809820882916,-0.07059935230006469,-0.13107973067417975,0.0,0.0,-0.482803364193296,0.0,2
189015,2,2,0.7665226072976488,0.019829466587348802,12140.58,-0.2582201692163416,1,16.0,1,2.0,-0.7554565470556122,3.2287341260650746,-0.13107973067417975,0.0,0.0,1.9388015779160874,0.0,2
189016,0,2,0.5016828271791848,0.06072874493927126,0.0,0.3357768235493901,1,25.0,1,2.0,-0.7554565470556122,0.8720673558042609,-0.13107973067417975,0.0,0.0,1.2469144515991206,0.0,2
189018,2,2,0.7481054415594185,0.6195854168796439,4050.0,0.9297738163151218,1,16.0,0,2.0,-0.9813054171209711,2.286067417960749,-0.13107973067417975,0.0,0.0,2.2847451410745707,0.0,2
189019,2,2,0.6405937927271106,0.24532596649108912,10117.15,-0.5552186655992074,1,26.0,0,2.0,-0.8683809820882916,-0.3062660293261461,-0.13107973067417975,0.0,0.0,2.9766322673915373,0.0,2
189020,0,0,0.3579573879067281,0.3117984534796708,0.0,0.3357768235493901,1,22.0,1,2.0,-0.7554565470556122,1.3434007098564238,-0.13107973067417975,0.0,0.0,2.423122566337964,0.0,2
189021,0,2,0.5439589545888741,0.24252491502891674,0.0,0.03877832716652424,1,16.0,0,2.0,-0.5296076769902532,0.6364006787781795,-0.13107973067417975,0.0,0.0,2.9766322673915373,0.0,2
189023,0,0,0.2869002156118925,0.4643860764188885,10000.0,2.414766298229451,1,26.0,1,0.0,-0.9813054171209711,0.8720673558042609,-0.13107973067417975,0.0,0.6,1.5928580147576041,0.0,2
189024,2,2,0.7289800268632294,0.36868909087598417,4046.86,-0.2582201692163416,1,26.0,1,2.0,-0.4166832419575738,2.0504007409346676,-0.13107973067417975,0.0,3.0,3.6685193937085043,0.0,2
189029,2,2,0.7262889027925228,0.0,1850.0,-0.8522171619820733,1,34.0,0,2.0,0.1479389332058235,-0.5419327063522275,-0.13107973067417975,0.0,0.0,0.20908376212367072,0.0,2
189034,2,2,0.6306890886374906,0.19892232996746173,0.0,-0.5552186655992074,1,43.0,0,2.0,3.3098231141208485,-1.2489327374304717,-0.13107973067417975,1.0,0.0,1.1085370263357273,0.0,2
189037,2,2,0.712879707138907,0.015926483352843274,20234.3,0.3357768235493901,1,51.0,0,2.0,-0.6425321120229327,-0.3062660293261461,-0.13107973067417975,0.0,1.8,-0.482803364193296,0.0,2
189038,2,2,0.7255757195286506,0.5985236416838465,4046.86,0.9297738163151218,1,0.0,0,2.0,-1.0942298521536507,0.6364006787781795,-0.13107973067417975,0.0,0.0,0.555027325282154,0.0,2
189039,0,0,0.4180029239643385,0.38163838825760893,32374.879999999997,0.6327753199322559,1,51.0,0,2.0,-0.8683809820882916,-1.2489327374304717,-0.13107973067417975,0.0,0.0,0.20908376212367072,0.0,2
189040,2,2,0.5291516863844871,0.1748631049342263,2023.43,1.2267723126979877,1,51.0,0,2.0,0.2608633682385029,-0.5419327063522275,-0.13107973067417975,0.0,3.0,-0.06767108840311596,0.0,2
189041,2,2,0.4159175721447775,0.09623990507577743,0.0,-1.149215658364939,1,0.0,0,0.0,-1.0942298521536507,-0.07059935230006469,-0.13107973067417975,0.0,3.0,-0.482803364193296,0.0,2
189043,0,0,0.2900491273381512,0.36600449302067295,16187.44,0.3357768235493901,1,51.0,0,1.0,-0.3037588069248943,-0.07059935230006469,-0.13107973067417975,0.0,0.0,0.555027325282154,0.0,2
189045,0,0,0.3330575127050778,0.16549050202725865,6474.976000000001,0.9297738163151218,1,51.0,0,2.0,-0.5296076769902532,-1.2489327374304717,-0.13107973067417975,0.0,0.0,-0.482803364193296,0.0,2
189047,0,0,0.29684067801718683,0.22828378260825327,6070.29,-0.2582201692163416,1,51.0,1,2.0,-0.6425321120229327,-1.2489327374304717,-0.13107973067417975,0.0,0.0,-0.13685980103481263,0.0,2
189048,0,0,0.1545379480434209,0.3318171008599828,12140.58,1.5237708090808535,1,51.0,0,0.0,-0.07790993685953543,-0.07059935230006469,-0.13107973067417975,0.0,0.42857142857142855,-0.06767108840311596,0.0,2
189049,2,2,0.6175683953185387,0.33659909982531216,2832.802,0.9297738163151218,1,51.0,1,2.0,-0.1908343718922149,0.1650673247260167,-0.13107973067417975,0.0,3.0,-0.2060485136665093,0.0,2
189051,0,0,0.46253493775909504,0.259107221070002,4046.86,-0.2582201692163416,1,51.0,0,2.0,-0.6425321120229327,0.4007340017520981,-0.13107973067417975,0.0,0.0,-0.27523722629820596,0.0,2
189052,2,2,0.7262102633940212,0.05138029492289286,2023.43,0.3357768235493901,1,51.0,1,2.0,-0.8683809820882916,0.4007340017520981,-0.13107973067417975,0.0,0.0,-0.27523722629820596,0.0,2
189053,2,2,0.6126642861947748,0.363483854039103,4046.86,2.711764794612317,1,0.0,0,2.0,-0.6425321120229327,0.4007340017520981,-0.13107973067417975,0.0,0.0,0.555027325282154,0.0,2
189054,0,0,0.3660536695730274,0.335241729467228,6070.29,0.3357768235493901,1,51.0,0,2.0,-1.20715428718633,-1.2489327374304717,-0.13107973067417975,0.0,3.0,0.20908376212367072,0.0,2
189055,0,0,0.37928017134653214,0.3243944636678201,0.0,0.3357768235493901,1,23.0,0,2.0,-0.9813054171209711,0.8720673558042609,-0.13107973067417975,0.0,0.0,0.9009708884406373,0.0,2
189056,2,2,0.5591804176443349,0.11242202441858533,8093.72,-0.5552186655992074,1,26.0,1,2.0,-1.0942298521536507,-0.3062660293261461,-0.13107973067417975,0.0,3.0,-0.482803364193296,0.0,2
189057,0,0,0.12876212658186056,1.7400021586578758,20334.3,-0.8522171619820733,1,51.0,0,0.0,-0.6425321120229327,-1.2489327374304717,-0.13107973067417975,0.0,0.6,0.20908376212367072,0.0,2
189058,0,0,0.372802557238387,0.3167790680733412,0.0,1.5237708090808535,1,22.0,0,2.0,-0.4166832419575738,0.1650673247260167,-0.13107973067417975,1.0,0.0,-0.06767108840311596,0.0,2
189060,2,2,0.5720931863058142,0.7834651238270848,28328.02,0.03877832716652424,1,51.0,0,2.0,-0.5296076769902532,-0.07059935230006469,-0.13107973067417975,0.0,2.25,-0.482803364193296,0.0,2
189062,0,0,0.34910452574997675,0.10970430078491074,28093.72,0.6327753199322559,1,52.0,1,2.0,1.051334413467259,0.8720673558042609,-0.13107973067417975,2.0,0.0,2.6306887042330542,0.0,2
189064,0,2,0.4998752342198664,0.21798138893630087,30000.0,0.03877832716652424,1,26.0,0,2.0,-0.4166832419575738,2.5217340949868303,-0.13107973067417975,0.0,0.0,1.9388015779160874,0.0,2
189065,0,0,0.1933010622689962,0.4572470704739504,12140.58,0.6327753199322559,1,26.0,0,2.0,-0.7554565470556122,-1.2489327374304717,-0.13107973067417975,0.0,3.0,-0.482803364193296,0.0,2
189066,0,0,0.2814277195676554,0.04095339503644852,0.0,1.2267723126979877,1,26.0,0,2.0,-1.20715428718633,-1.2489327374304717,-0.13107973067417975,0.0,3.0,-0.482803364193296,0.0,2
189067,0,0,0.3940965498931903,0.034057045551298425,4046.86,-0.2582201692163416,1,26.0,0,2.0,-0.5296076769902532,-1.2489327374304717,-0.13107973067417975,0.0,0.75,0.20908376212367072,0.0,2
189068,2,2,0.5113970073288292,0.10624568631867652,12140.58,0.9297738163151218,1,52.0,0,2.0,-1.20715428718633,1.8147340639085865,-0.13107973067417975,0.0,0.0,1.4544805894942108,0.0,2
189069,0,0,0.13169615461372478,0.7357587064335411,10117.15,2.711764794612317,1,26.0,0,1.0,0.03501449817314403,1.1077340328303422,-0.13107973067417975,0.0,0.0,-0.482803364193296,0.0,2
189070,0,2,0.6863974387960136,0.06483882919599852,8093.72,1.2267723126979877,1,34.0,1,2.0,-0.8683809820882916,0.1650673247260167,-0.13107973067417975,2.0,0.0,1.2469144515991206,0.0,2
189071,2,2,0.5431453080832069,0.10211499158902712,30450.0,-0.2582201692163416,1,25.0,1,2.0,-0.5296076769902532,0.1650673247260167,-0.13107973067417975,0.0,0.0,-0.34442593892990264,0.0,2
189072,2,2,0.6445184559262402,1.6536442184464013,8093.72,1.5237708090808535,0,51.0,0,2.0,-0.7554565470556122,0.1650673247260167,-0.13107973067417975,0.0,0.0,-0.2060485136665093,0.0,2
189074,0,0,0.17663868739926872,1.298624638451095,10025.0,-0.5552186655992074,1,26.0,0,2.0,-0.3037588069248943,-0.7775993833783089,-0.13107973067417975,0.0,0.0,0.20908376212367072,0.0,2
189075,0,0,0.11727802002793292,0.12064085848983887,8093.72,0.03877832716652424,1,16.0,0,2.0,-0.4166832419575738,0.4007340017520981,-0.13107973067417975,0.0,3.0,-0.482803364193296,0.0,2
189078,2,2,0.6649089572345755,0.06695156678175315,1650.0,0.3357768235493901,1,51.0,0,0.0,-0.6425321120229327,0.4007340017520981,-0.13107973067417975,0.0,0.0,0.20908376212367072,0.0,2
189080,0,2,0.499439596632784,0.0,6070.29,0.03877832716652424,1,12.0,0,2.0,-0.8683809820882916,-1.2489327374304717,-0.13107973067417975,0.0,0.0,0.555027325282154,0.0,2
189085,0,0,0.3153534364233341,0.4281555060798082,0.0,0.03877832716652424,0,42.0,1,2.0,1.3901077185652975,-0.07059935230006469,-0.13107973067417975,2.0,0.0,-0.27523722629820596,0.0,2
189093,2,2,0.6166247204863916,0.0,0.0,0.3357768235493901,1,26.0,1,2.0,0.03501449817314403,0.4007340017520981,-0.13107973067417975,0.0,0.0,-0.482803364193296,0.0,2
189108,0,0,0.44434784726514326,0.0,8093.72,-0.2582201692163416,1,41.0,0,2.0,0.48671223830386184,0.8720673558042609,-0.13107973067417975,0.0,0.0,-0.482803364193296,0.0,2
189109,0,0,0.3379178846699143,0.7644730897418848,4700.0,-0.2582201692163416,1,26.0,0,2.0,-0.6425321120229327,-0.07059935230006469,-0.13107973067417975,0.0,0.0,1.7312354400209973,0.0,2
189110,2,2,0.6936093430670144,0.05976506165447501,20234.3,0.03877832716652424,1,34.0,0,2.0,0.1479389332058235,2.0504007409346676,-0.13107973067417975,0.0,0.0,1.8696128652843906,0.0,2
189112,2,2,0.5792769748570206,0.35806386977480387,450.0,0.03877832716652424,1,23.0,0,1.0,-1.3200787222190096,0.8720673558042609,-0.13107973067417975,0.0,0.0,1.2469144515991206,0.0,2
189116,2,2,0.7137021966956184,0.15809088948196456,8093.72,-0.5552186655992074,1,26.0,0,2.0,-0.7554565470556122,-0.07059935230006469,-0.13107973067417975,2.0,1.0,0.20908376212367072,0.0,2
189117,0,0,0.37261853752957386,0.17131551264487768,0.0,0.9297738163151218,1,22.0,1,2.0,-0.4166832419575738,1.3434007098564238,-0.13107973067417975,0.0,0.0,1.2469144515991206,0.0,2
189118,2,2,0.7529588180321639,0.05762463165995591,12140.58,0.03877832716652424,1,16.0,1,2.0,-1.0942298521536507,2.757400772012912,-0.13107973067417975,0.0,0.0,0.555027325282154,0.0,2
189119,0,0,0.26787808495833926,0.09358622410781134,8093.72,-1.446214154747805,1,12.0,0,2.0,-1.3200787222190096,-1.2489327374304717,-0.13107973067417975,0.0,0.0,0.20908376212367072,0.0,2
189120,0,0,0.433042445694466,0.08279002380213184,0.0,-0.8522171619820733,1,21.0,1,2.0,-0.9813054171209711,1.1077340328303422,-0.13107973067417975,0.0,0.0,1.7312354400209973,0.0,2
189121,0,0,0.4036875186515747,0.1490658539817146,0.0,1.5237708090808535,0,0.0,0,2.0,-0.6425321120229327,0.6364006787781795,-0.13107973067417975,0.0,0.0,-0.482803364193296,0.0,2
189122,0,0,0.3164993287873973,0.4765414359147245,5650.0,0.3357768235493901,0,26.0,1,2.0,-0.9813054171209711,0.6364006787781795,-0.13107973067417975,0.0,0.0,-0.482803364193296,0.0,2
189125,0,0,0.40461171419484465,0.04988360492184901,0.0,0.9297738163151218,0,16.0,0,2.0,-0.3037588069248943,3.935734157143319,-0.13107973067417975,0.0,0.0,-0.482803364193296,0.0,2
189126,0,2,0.4759064010769587,0.060123252667969335,8093.72,1.8207693054637193,0,52.0,1,2.0,-0.9813054171209711,0.8720673558042609,-0.13107973067417975,0.0,0.0,-0.482803364193296,0.0,2
189127,0,0,0.35265362728648014,0.07287540364972246,0.0,1.2267723126979877,0,52.0,1,2.0,0.2608633682385029,3.935734157143319,3.457431447110234,0.0,0.0,-0.482803364193296,0.0,2
189128,2,2,0.5555376317222865,0.38157683677291143,4500.0,-0.2582201692163416,0,51.0,1,2.0,-0.9813054171209711,-0.7775993833783089,-0.13107973067417975,0.0,0.0,-0.482803364193296,0.0,2
189129,0,0,0.20178048433496298,0.6212165204510386,10000.0,2.711764794612317,0,24.0,0,2.0,0.9384099784345797,0.4007340017520981,-0.13107973067417975,2.0,0.0,-0.482803364193296,0.0,2
189130,2,2,0.6515640478479656,0.10310921692633637,12140.58,0.3357768235493901,0,52.0,0,2.0,-0.1908343718922149,3.935734157143319,-0.13107973067417975,2.0,0.0,-0.482803364193296,1.0,2
189131,2,2,0.5812571166366146,0.2870461844462675,10117.15,0.03877832716652424,1,13.0,0,2.0,-0.7554565470556122,-0.5419327063522275,-0.13107973067417975,0.0,0.0,2.9766322673915373,0.0,2
189132,2,2,0.662698648762607,0.03695810183188991,14164.01,0.3357768235493901,0,26.0,0,2.0,-0.5296076769902532,0.1650673247260167,-0.13107973067417975,0.0,0.0,-0.482803364193296,0.0,2
189133,2,2,0.6272030742825708,0.05956744868035191,10000.0,1.5237708090808535,1,21.0,0,2.0,0.5996366733365414,0.6364006787781795,-0.13107973067417975,0.0,0.0,0.20908376212367072,0.0,2
189134,0,0,0.40850342828597697,0.1556545833995916,16187.44,0.3357768235493901,1,16.0,0,2.0,0.1479389332058235,-1.2489327374304717,-0.13107973067417975,0.0,0.0,2.6306887042330542,0.0,2
189136,0,2,0.7329585829003787,0.3142259574998352,18210.870000000003,1.8207693054637193,1,23.0,0,2.0,-0.7554565470556122,0.1650673247260167,-0.13107973067417975,0.0,0.75,5.070594060833525,0.0,2
189137,2,2,0.5283875391441534,0.06810751907010534,0.0,0.6327753199322559,1,24.0,0,2.0,-0.3037588069248943,-1.2489327374304717,-0.13107973067417975,0.0,0.0,0.6242160379138507,0.0,2
189139,0,0,0.2377006903231834,0.22727163353982605,0.0,-0.2582201692163416,1,41.0,0,1.0,-0.07790993685953543,-0.3062660293261461,-0.13107973067417975,2.0,0.75,0.20908376212367072,0.0,2
189140,0,0,0.3348197428400987,0.601286753652817,50.0,-0.2582201692163416,1,42.0,0,2.0,-0.7554565470556122,0.4007340017520981,-0.13107973067417975,2.0,0.0,0.07070633686027739,0.0,2
189141,2,2,0.7185467925647259,0.041656252603515784,4046.86,0.9297738163151218,1,26.0,0,2.0,-0.3037588069248943,-0.07059935230006469,-0.13107973067417975,0.0,0.0,1.5928580147576041,0.0,2
189142,0,2,0.5094541245142553,0.23443856361069354,0.0,0.03877832716652424,1,26.0,0,2.0,-0.7554565470556122,0.4007340017520981,-0.13107973067417975,0.0,0.0,2.9766322673915373,0.0,2
189143,0,0,0.25793136634596325,0.721492566073634,4046.86,-0.2582201692163416,1,22.0,0,2.0,-0.4166832419575738,-1.2489327374304717,-0.13107973067417975,0.0,0.0,1.4544805894942108,0.0,2
189144,0,0,0.20599116836634937,0.24547239799258128,0.0,0.6327753199322559,1,26.0,0,0.0,-0.4166832419575738,-0.07059935230006469,-0.13107973067417975,0.0,0.0,0.9009708884406373,0.0,2
189147,0,0,0.39679176936715527,0.05519779208831647,1250.0,1.2267723126979877,0,34.0,0,2.0,-0.1908343718922149,-1.2489327374304717,-0.13107973067417975,0.0,0.0,-0.482803364193296,0.0,2
189148,0,0,0.35114875681641095,0.18580743170228853,7700.0,-0.2582201692163416,0,52.0,1,2.0,-0.1908343718922149,1.8147340639085865,-0.13107973067417975,0.0,0.0,-0.482803364193296,0.0,2
189150,0,0,0.25385415970946373,0.21520561945672168,0.0,1.2267723126979877,0,16.0,0,2.0,0.8254855434019003,1.3434007098564238,-0.13107973067417975,0.0,0.0,-0.482803364193296,0.0,2
189151,0,0,0.1379464508645662,0.0,40000.0,3.3057617873780485,0,26.0,0,0.0,3.561644604243726,-1.2489327374304717,-0.13107973067417975,0.0,0.0,-0.482803364193296,0.0,2
189154,2,0,0.452898700092061,0.3618517704743713,9307.778,0.3357768235493901,0,51.0,0,2.0,0.5996366733365414,-0.5419327063522275,-0.13107973067417975,0.0,0.0,-0.482803364193296,0.0,2
189156,0,0,0.36377465762130107,0.0,8093.72,1.5237708090808535,0,34.0,0,2.0,0.03501449817314403,-1.2489327374304717,-0.13107973067417975,0.0,0.0,-0.482803364193296,0.0,2
189157,0,0,0.34821662109343937,0.14926514127397042,8093.72,0.3357768235493901,1,42.0,0,2.0,-0.1908343718922149,-1.2489327374304717,-0.13107973067417975,0.0,0.6,0.555027325282154,0.0,2
189158,0,0,0.45304840139317576,0.3072728500695216,20000.0,1.2267723126979877,1,26.0,0,2.0,-0.6425321120229327,0.6364006787781795,-0.13107973067417975,0.0,0.0,0.20908376212367072,0.0,2
189159,0,0,0.2605017662341937,0.0,12140.58,-0.5552186655992074,1,42.0,0,2.0,1.6159565886306564,-0.5419327063522275,-0.13107973067417975,0.0,0.0,-0.2060485136665093,0.0,2
189160,0,0,0.16824125244333307,0.3181579470170653,32023.43,-0.8522171619820733,1,42.0,1,2.0,1.503032153597977,-1.2489327374304717,-0.13107973067417975,0.0,0.75,-0.482803364193296,0.0,2
189161,2,2,0.6948260115152504,0.07941333183298806,40468.6,-0.8522171619820733,1,42.0,0,2.0,-0.3037588069248943,-0.07059935230006469,-0.13107973067417975,0.0,0.0,0.20908376212367072,0.0,2
189162,2,2,0.5716529910403799,0.0,0.0,-0.5552186655992074,1,41.0,0,2.0,0.7125611083692208,0.1650673247260167,-0.13107973067417975,0.0,0.0,1.9388015779160874,0.0,2
189164,0,0,0.4124216016245219,0.23351896522589777,60000.0,0.3357768235493901,1,41.0,1,2.0,0.48671223830386184,-0.07059935230006469,-0.13107973067417975,0.0,0.75,3.6685193937085043,0.0,2
189167,0,0,0.2612947197334618,0.0,34046.86,0.03877832716652424,1,43.0,0,2.0,0.9384099784345797,-1.2489327374304717,-0.13107973067417975,1.0,3.0,0.9009708884406373,0.0,2
189168,0,0,0.28982930857269623,0.0,60000.0,-1.149215658364939,1,43.0,1,2.0,0.48671223830386184,-1.2489327374304717,-0.13107973067417975,0.0,3.0,5.070594060833525,0.0,2
189169,0,0,0.39902640933273853,0.2400242463398661,32374.879999999997,2.1177678018465853,1,51.0,0,2.0,-0.6425321120229327,-0.07059935230006469,-0.13107973067417975,0.0,1.0,0.9009708884406373,0.0,2
189170,2,2,0.6229274948417897,0.07674243703283042,0.0,-0.8522171619820733,1,0.0,0,2.0,-0.6425321120229327,0.6364006787781795,-0.13107973067417975,0.0,0.0,1.2469144515991206,0.0,2
189171,0,0,0.34925719939572614,0.0,3642.174,0.03877832716652424,1,0.0,0,1.0,-1.20715428718633,-0.3062660293261461,-0.13107973067417975,0.0,0.75,0.07070633686027739,0.0,2
189173,2,2,0.7400805642582625,0.4443740575749961,8093.72,0.9297738163151218,1,0.0,0,2.0,-0.9813054171209711,0.6364006787781795,-0.13107973067417975,0.0,0.0,2.9766322673915373,0.0,2
189174,0,0,0.29186587818201487,0.5598274618277208,8093.72,-0.2582201692163416,1,51.0,0,2.0,-0.7554565470556122,-1.2489327374304717,-0.13107973067417975,0.0,0.75,-0.482803364193296,0.0,2
189175,2,2,0.7689439087001605,0.29060494837839895,0.0,1.2267723126979877,1,16.0,0,2.0,-1.0942298521536507,1.5790673868825051,0.7660480637719236,0.0,0.0,5.070594060833525,0.0,2
189176,2,2,0.6920767509059177,0.08168748184722625,0.0,-0.2582201692163416,1,51.0,0,2.0,-0.7554565470556122,-0.3062660293261461,-0.13107973067417975,0.0,3.0,-0.482803364193296,0.0,2
189178,0,0,0.1649389581647892,0.7979890675497745,4046.86,-0.8522171619820733,1,0.0,0,1.0,-0.3037588069248943,-0.7775993833783089,-0.13107973067417975,0.0,1.0,0.20908376212367072,0.0,2
189179,0,0,0.31406043184776516,0.13659102938414522,4046.86,-0.5552186655992074,1,13.0,0,2.0,-1.20715428718633,-1.2489327374304717,-0.13107973067417975,0.0,0.6,0.34746118738706405,0.0,2
189180,0,0,0.32779499018986996,0.23891063722271805,4046.86,1.8207693054637193,1,51.0,0,2.0,-0.3037588069248943,-0.3062660293261461,-0.13107973067417975,0.0,3.0,0.20908376212367072,0.0,2
189181,0,0,0.323133899411368,0.3469210754553339,100.0,1.2267723126979877,1,26.0,0,2.0,0.03501449817314403,-1.2489327374304717,-0.13107973067417975,0.0,0.16666666666666666,0.20908376212367072,0.0,2
189183,2,2,0.7392573261427229,0.0,20234.3,-0.5552186655992074,1,51.0,1,2.0,1.051334413467259,-0.3062660293261461,-0.13107973067417975,0.0,1.8,0.07070633686027739,0.0,2
189184,2,2,0.48112510786683477,0.0,4046.86,1.5237708090808535,1,26.0,0,1.0,0.1479389332058235,-1.2489327374304717,-0.13107973067417975,0.0,1.5,0.555027325282154,0.0,2
189187,2,2,0.6353227814504946,0.6198987498708545,4046.86,0.9297738163151218,1,51.0,0,2.0,-0.1908343718922149,-1.2489327374304717,-0.13107973067417975,0.0,3.0,-0.13685980103481263,0.0,2
189188,2,2,0.6505867288044357,0.0600817111271329,6070.29,1.8207693054637193,1,41.0,0,2.0,0.5996366733365414,0.1650673247260167,-0.13107973067417975,0.0,0.0,-0.27523722629820596,0.0,2
189192,0,0,0.34685122909399374,0.4262444816562643,180.0,1.5237708090808535,1,26.0,0,2.0,0.48671223830386184,-1.2489327374304717,-0.13107973067417975,0.0,3.0,5.070594060833525,0.0,2
189193,0,0,0.14596573716261022,0.0,20234.3,0.03877832716652424,1,51.0,0,0.0,0.1479389332058235,-1.2489327374304717,-0.13107973067417975,0.0,0.0,0.9009708884406373,0.0,2
189194,2,2,0.6493657141505141,0.27787211707678533,16187.44,1.8207693054637193,0,51.0,0,2.0,-0.3037588069248943,0.1650673247260167,-0.13107973067417975,0.0,0.0,-0.482803364193296,0.0,2
189195,0,0,0.30508070349777255,0.3654614559984407,8093.72,0.03877832716652424,0,52.0,0,2.0,-0.5296076769902532,-1.2489327374304717,-0.13107973067417975,0.0,0.0,-0.482803364193296,0.0,2
189196,0,0,0.14424026373027035,0.30339681728737333,37257.729999999996,0.6327753199322559,0,51.0,0,0.0,-0.5296076769902532,-1.2489327374304717,-0.13107973067417975,0.0,0.0,-0.482803364193296,0.0,2
189197,0,0,0.1564528688500566,0.26237864987443305,22257.73,0.9297738163151218,0,51.0,0,0.0,-0.1908343718922149,-1.2489327374304717,-0.13107973067417975,0.0,0.0,-0.482803364193296,0.0,2
189199,0,0,0.1888553622092187,0.35180663052025996,0.0,1.2267723126979877,0,51.0,0,0.0,-0.8683809820882916,-1.2489327374304717,-0.13107973067417975,0.0,0.0,-0.482803364193296,0.0,2
189200,0,0,0.24309652574556115,0.5660206484332548,0.0,2.1177678018465853,0,52.0,0,2.0,0.2608633682385029,-0.07059935230006469,0.7660480637719236,1.0,0.0,-0.482803364193296,0.0,2
189202,2,2,0.5309247923348576,0.07207899858244636,0.0,0.9297738163151218,0,0.0,0,2.0,-0.7554565470556122,0.4007340017520981,-0.13107973067417975,0.0,0.0,-0.482803364193296,0.0,2
189203,0,2,0.5717825634695117,0.1262878551684032,0.0,-0.2582201692163416,0,51.0,0,2.0,-0.6425321120229327,-0.07059935230006469,-0.13107973067417975,0.0,0.0,-0.482803364193296,0.0,2
189204,2,2,0.6119937638700611,0.19082066407883774,6070.29,1.8207693054637193,0,13.0,0,2.0,-0.4166832419575738,0.1650673247260167,-0.13107973067417975,0.0,0.0,-0.482803364193296,0.0,2
189205,2,2,0.5950689912763297,0.0,0.0,-0.2582201692163416,1,41.0,0,2.0,-0.4166832419575738,-1.2489327374304717,-0.13107973067417975,1.0,0.0,-0.2060485136665093,0.0,2
189209,2,2,0.6654351489160595,0.0,6070.29,-0.2582201692163416,0,41.0,1,2.0,-0.4166832419575738,0.8720673558042609,1.663175858218027,0.0,0.0,-0.482803364193296,0.0,2
189210,0,0,0.09275718235155023,0.0,10000.0,-0.2582201692163416,0,43.0,1,0.0,1.954729893728695,-1.2489327374304717,-0.13107973067417975,0.0,0.0,-0.482803364193296,0.0,0
189212,0,0,0.232318720848087,0.2637269898201382,0.0,0.03877832716652424,0,42.0,1,2.0,1.051334413467259,0.1650673247260167,-0.13107973067417975,0.0,0.0,-0.482803364193296,0.0,2
189213,0,2,0.5447355272087565,0.048485960412509556,0.0,-0.8522171619820733,0,42.0,0,2.0,0.5996366733365414,0.1650673247260167,-0.13107973067417975,0.0,0.0,-0.482803364193296,0.0,2
189214,0,0,0.2601542132787205,0.019426153027091688,16187.44,0.03877832716652424,0,34.0,1,2.0,1.954729893728695,0.1650673247260167,-0.13107973067417975,2.0,0.0,-0.482803364193296,0.0,2
189216,2,2,0.6086369591674949,0.1513110162912637,0.0,0.3357768235493901,0,42.0,0,2.0,0.03501449817314403,1.1077340328303422,-0.13107973067417975,0.0,0.0,-0.482803364193296,0.0,2
189218,2,2,0.6501497782018657,0.0,0.0,-0.5552186655992074,1,16.0,0,2.0,-0.8683809820882916,-0.3062660293261461,-0.13107973067417975,0.0,1.0,-0.2060485136665093,0.0,2
189222,2,2,0.5120920126801166,0.012807705115397423,2023.43,0.03877832716652424,1,26.0,1,2.0,0.1479389332058235,-0.07059935230006469,-0.13107973067417975,0.0,0.0,0.001517624228580711,0.0,2
189235,0,0,0.40348693824924314,0.13519342129782852,12140.58,-0.2582201692163416,1,23.0,1,2.0,-0.6425321120229327,1.3434007098564238,-0.13107973067417975,2.0,0.0,1.5928580147576041,0.0,2
189236,2,0,0.46129752300772503,0.3160450075762142,14164.01,0.3357768235493901,1,26.0,0,2.0,0.03501449817314403,0.1650673247260167,-0.13107973067417975,0.0,0.0,0.20908376212367072,0.0,2
189252,0,0,0.38836817800954165,0.2494359625091614,14164.01,0.6327753199322559,0,34.0,0,2.0,0.1479389332058235,0.1650673247260167,-0.13107973067417975,0.0,0.0,-0.482803364193296,0.0,2
190012,0,0,0.35521236327913064,0.0,10000.0,0.6327753199322559,1,51.0,1,1.0,1.954729893728695,-1.2489327374304717,-0.13107973067417975,0.0,0.0,0.9009708884406373,0.0,2
190015,0,0,0.20205056835047217,0.0,1648.7440000000001,0.03877832716652424,1,26.0,1,2.0,1.051334413467259,0.4007340017520981,-0.13107973067417975,0.0,3.0,-0.482803364193296,0.0,2
190081,0,0,0.2113683236863287,0.13294882728074806,6474.976000000001,1.8207693054637193,1,51.0,0,1.0,0.03501449817314403,-0.3062660293261461,-0.13107973067417975,0.0,0.0,-0.06767108840311596,0.0,2
190082,0,0,0.2889534974332968,0.09500943522434722,12023.43,1.8207693054637193,1,52.0,0,2.0,2.180578763794054,0.4007340017520981,-0.13107973067417975,0.0,0.0,1.5928580147576041,0.0,2
190083,0,0,0.383143893550087,0.16094239547030326,12340.58,0.6327753199322559,1,51.0,1,2.0,-0.6425321120229327,0.1650673247260167,-0.13107973067417975,0.0,0.0,0.34746118738706405,0.0,2
190084,0,0,0.3269895614991689,0.11824655921201087,6133.860000000001,3.0087632909951827,1,51.0,0,2.0,-0.5296076769902532,-0.5419327063522275,-0.13107973067417975,0.0,0.0,-0.482803364193296,0.0,2
190085,0,0,0.34214261707611354,0.07879068922911583,10040.0,-0.5552186655992074,1,51.0,0,2.0,-0.6425321120229327,-1.2489327374304717,-0.13107973067417975,0.0,0.75,0.20908376212367072,0.0,2
190086,0,0,0.3512527969945471,0.13379955043351055,4146.860000000001,0.3357768235493901,1,52.0,0,2.0,-0.6425321120229327,0.1650673247260167,-0.13107973067417975,0.0,0.0,0.20908376212367072,0.0,2
190087,0,0,0.21702107353408295,0.08362068977530145,20023.43,-0.8522171619820733,1,51.0,0,0.0,-0.6425321120229327,-0.7775993833783089,-0.13107973067417975,0.0,0.0,-0.06767108840311596,0.0,2
190088,2,2,0.48913290503486295,0.1321918880648713,12200.58,0.3357768235493901,1,52.0,0,2.0,-1.0942298521536507,0.1650673247260167,-0.13107973067417975,0.0,1.5,-0.482803364193296,0.0,2
190089,0,0,0.34223428730887523,0.061641916714685226,11735.894,0.6327753199322559,1,52.0,0,2.0,-0.6425321120229327,-0.07059935230006469,-0.13107973067417975,0.0,0.0,0.9009708884406373,0.0,2
190090,0,0,0.2338772663826071,0.04096065789999662,30426.45,-0.2582201692163416,1,52.0,0,0.0,-0.6425321120229327,0.1650673247260167,-0.13107973067417975,0.0,0.0,-0.482803364193296,0.0,2
190112,0,0,0.2900949336144362,0.0,6070.29,3.3057617873780485,1,51.0,0,2.0,2.6322765039247717,-0.7775993833783089,-0.13107973067417975,0.0,1.5,0.9009708884406373,0.0,2
190131,0,0,0.15801094018889655,0.0,8293.720000000001,0.03877832716652424,0,51.0,0,0.0,0.1479389332058235,0.8720673558042609,-0.13107973067417975,0.0,0.0,-0.482803364193296,0.0,2
190132,0,2,0.5041573262317273,0.011237375529943893,15000.0,1.2267723126979877,0,51.0,0,2.0,0.1479389332058235,0.4007340017520981,-0.13107973067417975,0.0,0.0,-0.482803364193296,0.0,2
190133,2,2,0.6161888801069574,0.08985947903258008,1400.0,1.8207693054637193,0,52.0,0,2.0,0.03501449817314403,0.1650673247260167,-0.13107973067417975,0.0,0.0,-0.482803364193296,0.0,2
190134,0,0,0.3789771945723033,0.14404574790754976,24331.16,2.1177678018465853,1,26.0,0,2.0,0.7125611083692208,0.4007340017520981,-0.13107973067417975,0.0,0.5714285714285714,5.070594060833525,0.0,2
190135,2,2,0.5153053830822516,0.016833366564111198,8093.72,-0.8522171619820733,0,52.0,0,1.0,-0.7554565470556122,-0.3062660293261461,-0.13107973067417975,0.0,0.0,-0.482803364193296,0.0,2
190136,2,0,0.32804479660960584,0.0458330564155345,12140.58,2.1177678018465853,0,34.0,1,2.0,0.7125611083692208,-0.3062660293261461,-0.13107973067417975,0.0,0.0,-0.482803364193296,0.0,2
190137,2,2,0.49607847405617683,0.022451440137168953,4106.860000000001,-0.2582201692163416,1,52.0,0,0.0,-1.20715428718633,-0.3062660293261461,-0.13107973067417975,0.0,0.0,-0.482803364193296,0.0,2
190138,2,2,0.7123448477443407,0.034608535270899424,12190.58,0.9297738163151218,0,52.0,0,2.0,-0.4166832419575738,-0.5419327063522275,-0.13107973067417975,0.0,0.0,-0.482803364193296,0.0,2
190139,0,0,0.30355276820499544,0.09115627033832557,9163.720000000001,0.9297738163151218,1,51.0,0,2.0,0.9384099784345797,0.1650673247260167,-0.13107973067417975,0.0,2.0,-0.06767108840311596,0.0,2
190161,0,0,0.3457807390547492,0.0,18093.72,1.5237708090808535,1,52.0,0,2.0,0.03501449817314403,-0.3062660293261461,-0.13107973067417975,0.0,0.0,0.20908376212367072,0.0,2
190162,0,0,0.2887719082887477,0.27159152634437805,30351.45,-0.2582201692163416,1,52.0,0,2.0,0.8254855434019003,-0.3062660293261461,-0.13107973067417975,0.0,0.0,0.9009708884406373,0.0,2
190163,0,0,0.21494391839504715,0.13541576978483832,14164.01,0.6327753199322559,1,52.0,0,2.0,0.2608633682385029,-0.5419327063522275,-0.13107973067417975,0.0,2.0,-0.482803364193296,0.0,2
190164,0,0,0.3174081973938238,0.024167294137730805,12200.58,-0.5552186655992074,1,51.0,0,1.0,-0.3037588069248943,-0.5419327063522275,-0.13107973067417975,0.0,1.0,0.07070633686027739,0.0,2
190165,0,0,0.3496604525793537,0.049224604092586485,8143.72,0.3357768235493901,1,51.0,0,2.0,0.03501449817314403,-0.07059935230006469,-0.13107973067417975,0.0,1.5,0.20908376212367072,0.0,2
190166,0,0,0.3286588260325326,0.40475052683042134,26354.59,-0.2582201692163416,1,51.0,0,2.0,-0.6425321120229327,0.1650673247260167,-0.13107973067417975,0.0,0.0,0.7971878194930924,0.0,2
190167,2,0,0.4298906012656234,0.04227234124898926,8093.72,0.03877832716652424,1,51.0,0,2.0,-0.5296076769902532,-0.5419327063522275,-0.13107973067417975,0.0,0.0,-0.482803364193296,0.0,2
190168,2,2,0.5504314958020967,0.18627212378227853,0.0,-0.2582201692163416,1,51.0,0,2.0,-0.6425321120229327,0.4007340017520981,-0.13107973067417975,0.0,2.0,-0.2060485136665093,0.0,2
190170,0,0,0.2517717285743225,0.04628619681283402,5096.860000000001,1.2267723126979877,1,52.0,1,2.0,1.954729893728695,-0.07059935230006469,-0.13107973067417975,0.0,0.0,-0.482803364193296,0.0,2
190171,0,0,0.22375789996061454,0.6169389852647994,6220.29,0.03877832716652424,0,52.0,0,2.0,0.2608633682385029,-1.2489327374304717,-0.13107973067417975,0.0,0.0,-0.482803364193296,0.0,2
190172,0,0,0.35493797190227244,0.1330372519199498,4046.86,0.6327753199322559,0,26.0,0,2.0,0.1479389332058235,-0.5419327063522275,-0.13107973067417975,0.0,0.0,-0.482803364193296,0.0,2
190173,0,0,0.4246283750048389,0.3252920370649238,300.0,0.9297738163151218,0,52.0,0,2.0,-0.6425321120229327,0.6364006787781795,-0.13107973067417975,0.0,0.0,-0.482803364193296,0.0,2
190174,0,0,0.10818208442038697,0.06857985458561305,0.0,2.711764794612317,1,51.0,0,0.0,0.5996366733365414,0.1650673247260167,-0.13107973067417975,0.0,0.0,-0.482803364193296,0.0,2
190175,0,0,0.16404148466967328,0.49701893837672395,2252.0,0.3357768235493901,0,52.0,0,0.0,-0.8683809820882916,0.8720673558042609,-0.13107973067417975,0.0,0.0,-0.482803364193296,0.0,2
190176,0,2,0.5604405782498438,0.07142092698410081,4046.86,0.9297738163151218,0,52.0,0,2.0,-0.1908343718922149,3.2287341260650746,-0.13107973067417975,0.0,0.0,-0.482803364193296,0.0,2
190177,2,0,0.3574270398693829,0.0721628043803771,8093.72,0.03877832716652424,0,51.0,0,0.0,-1.0942298521536507,0.1650673247260167,-0.13107973067417975,0.0,0.0,-0.482803364193296,0.0,2
190178,0,0,0.3422445931859686,0.2277779845351114,4116.860000000001,0.6327753199322559,1,52.0,0,2.0,-0.9813054171209711,-0.07059935230006469,-0.13107973067417975,0.0,0.0,-0.482803364193296,0.0,2
190179,0,2,0.4787538986887157,0.04729990452923217,12046.86,0.03877832716652424,0,51.0,0,2.0,-0.3037588069248943,-0.07059935230006469,-0.13107973067417975,0.0,0.0,-0.482803364193296,0.0,2
190180,0,2,0.47584059645497634,0.31907697412923897,4046.86,0.9297738163151218,0,51.0,0,2.0,-0.1908343718922149,0.4007340017520981,-0.13107973067417975,0.0,0.0,-0.482803364193296,0.0,2
190191,0,0,0.22829678971526715,0.5773672055427252,4046.86,-1.446214154747805,1,26.0,0,2.0,-1.3200787222190096,0.1650673247260167,-0.13107973067417975,0.0,2.4,-0.482803364193296,0.0,2
190192,2,2,0.59757525081162,0.03339955047916709,12200.58,3.3057617873780485,1,52.0,0,2.0,1.3901077185652975,-0.5419327063522275,-0.13107973067417975,0.0,2.0,-0.482803364193296,0.0,2
190193,0,0,0.1741234292981911,0.0,17500.0,0.9297738163151218,1,61.0,0,0.0,-0.1908343718922149,-0.07059935230006469,-0.13107973067417975,0.0,2.25,-0.482803364193296,0.0,2
190194,0,0,0.35022939901291655,0.19491741923422767,12440.58,1.2267723126979877,1,51.0,0,2.0,0.8254855434019003,-0.07059935230006469,-0.13107973067417975,0.0,2.0,-0.482803364193296,0.0,2
190195,0,0,0.0774998335101993,0.0,4096.860000000001,1.8207693054637193,1,35.0,0,0.0,1.7288810236633358,-0.7775993833783089,-0.13107973067417975,0.0,3.0,-0.482803364193296,0.0,2
190196,0,0,0.39474512702188275,0.0,4086.86,1.5237708090808535,1,51.0,0,2.0,-0.9813054171209711,-0.3062660293261461,-0.13107973067417975,0.0,2.25,-0.482803364193296,0.0,2
190199,0,0,0.273656155889615,0.33933029246872276,24364.010000000002,1.5237708090808535,1,51.0,0,2.0,0.9384099784345797,0.1650673247260167,-0.13107973067417975,0.0,3.0,-0.482803364193296,0.0,2
190200,0,0,0.435230560492706,0.7755341880060379,1000.0,0.3357768235493901,1,51.0,0,2.0,-0.3037588069248943,-0.3062660293261461,-0.13107973067417975,0.0,3.0,5.070594060833525,0.0,2
199001,0,0,0.26164504151171336,0.14533827483467773,4116.860000000001,3.0087632909951827,1,52.0,0,2.0,1.277183283532618,0.8720673558042609,-0.13107973067417975,0.0,1.5,-0.34442593892990264,0.0,2
199002,0,0,0.2768993384696608,0.05299672320332036,9493.720000000001,1.2267723126979877,1,52.0,0,2.0,-0.07790993685953543,0.1650673247260167,-0.13107973067417975,0.0,2.0,-0.482803364193296,0.0,2
199004,0,0,0.19150240282255296,0.05221045802227908,4076.86,0.9297738163151218,1,51.0,0,1.0,0.2608633682385029,-0.7775993833783089,-0.13107973067417975,0.0,2.0,-0.13685980103481263,0.0,2
199005,0,0,0.07793029026401067,0.11016370326304889,4246.860000000001,1.8207693054637193,1,51.0,0,0.0,0.5996366733365414,-1.2489327374304717,-0.13107973067417975,0.0,3.0,-0.482803364193296,0.0,2
199006,0,0,0.1423246936728824,0.05958422055788843,35000.0,0.6327753199322559,1,51.0,0,0.0,0.1479389332058235,-0.07059935230006469,-0.13107973067417975,0.0,3.0,-0.27523722629820596,0.0,2
199007,0,0,0.2701879740279593,0.14137645820123393,10043.720000000001,3.0087632909951827,1,52.0,1,2.0,-0.07790993685953543,-0.3062660293261461,-0.13107973067417975,1.0,0.0,-0.2060485136665093,0.0,2
199008,0,0,0.3283772491474706,0.026672438694457127,8143.72,0.6327753199322559,1,51.0,0,2.0,-0.07790993685953543,-0.5419327063522275,-0.13107973067417975,0.0,0.0,-0.482803364193296,0.0,2
199012,2,2,0.6657045636017785,0.015067801693815976,6546.860000000001,0.6327753199322559,1,51.0,0,2.0,-0.8683809820882916,-0.3062660293261461,-0.13107973067417975,0.0,1.5,-0.482803364193296,0.0,2
199013,2,2,0.6221061422063748,0.03969326442733234,20284.3,0.6327753199322559,0,52.0,0,1.0,-0.6425321120229327,-0.7775993833783089,-0.13107973067417975,0.0,0.0,-0.482803364193296,0.0,2
199014,2,2,0.5415796940517276,0.10778140051550646,8093.72,2.1177678018465853,0,51.0,0,0.0,-0.9813054171209711,-0.3062660293261461,-0.13107973067417975,0.0,0.0,-0.482803364193296,0.0,2
199015,0,0,0.3137592607477956,0.0,4046.86,-0.8522171619820733,0,51.0,1,1.0,-0.5296076769902532,-1.2489327374304717,-0.13107973067417975,0.0,0.0,-0.482803364193296,0.0,2
199016,0,0,0.43472885014984514,0.0,8093.72,-0.2582201692163416,0,51.0,0,1.0,-0.9813054171209711,-0.07059935230006469,-0.13107973067417975,0.0,0.0,-0.482803364193296,0.0,2
199018,0,0,0.320760247329033,0.0,4146.860000000001,1.2267723126979877,0,52.0,0,1.0,-0.3037588069248943,-0.7775993833783089,-0.13107973067417975,0.0,0.0,-0.482803364193296,0.0,2
199019,0,0,0.40872880845058357,0.0,0.0,0.6327753199322559,0,52.0,0,2.0,0.03501449817314403,-0.7775993833783089,-0.13107973067417975,0.0,0.0,-0.482803364193296,0.0,2
199021,0,0,0.3712182478054045,0.232292928065948,13093.720000000001,0.6327753199322559,0,51.0,0,2.0,0.48671223830386184,-0.5419327063522275,-0.13107973067417975,0.0,0.0,-0.482803364193296,0.0,2
199022,0,2,0.5010748490090567,0.0,2023.43,-0.2582201692163416,0,26.0,0,2.0,-0.6425321120229327,-0.3062660293261461,-0.13107973067417975,0.0,0.0,-0.482803364193296,0.0,2
199023,0,0,0.3134859389886204,0.096730855351545,10000.0,0.6327753199322559,0,26.0,1,2.0,-0.6425321120229327,-1.2489327374304717,-0.13107973067417975,0.0,0.0,-0.482803364193296,0.0,2
199024,0,0,0.31320634212268317,0.07496884221715326,16297.44,-1.149215658364939,1,51.0,0,2.0,-0.6425321120229327,-0.3062660293261461,-0.13107973067417975,0.0,2.25,-0.482803364193296,0.0,2
199025,0,0,0.2087657973985759,0.14755595643783365,12140.58,3.3057617873780485,1,51.0,1,2.0,2.2935031988267336,-0.3062660293261461,-0.13107973067417975,1.0,0.0,-0.13685980103481263,0.0,2
199027,0,0,0.2438339462152227,0.34074682807639933,4450.0,0.6327753199322559,1,51.0,1,2.0,-0.07790993685953543,-1.2489327374304717,-0.13107973067417975,0.0,0.0,0.20908376212367072,0.0,2
199030,2,0,0.3711048859944828,0.00600802311572684,6110.29,1.2267723126979877,1,52.0,1,2.0,0.5996366733365414,-0.07059935230006469,-0.13107973067417975,0.0,0.0,-0.13685980103481263,0.0,2
199031,0,0,0.33976444715132703,0.13412266681803153,6110.29,0.03877832716652424,1,51.0,1,2.0,0.03501449817314403,0.1650673247260167,-0.13107973067417975,0.0,2.4,0.9009708884406373,0.0,2
199032,0,0,0.27658423174158736,0.2207462147906619,8193.720000000001,0.6327753199322559,1,51.0,0,2.0,-0.07790993685953543,-0.3062660293261461,-0.13107973067417975,0.0,3.0,-0.482803364193296,0.0,2
199033,0,0,0.22252489022138763,0.12060734040409549,4451.546,1.5237708090808535,1,52.0,0,2.0,1.051334413467259,-0.3062660293261461,-0.13107973067417975,0.0,0.0,-0.482803364193296,0.0,2
199034,2,0,0.2538421379878532,0.5713185708934929,8093.72,1.2267723126979877,1,52.0,0,2.0,0.03501449817314403,-0.3062660293261461,-0.13107973067417975,0.0,0.0,0.20908376212367072,0.0,2
199035,0,0,0.2142923697412904,0.2548131370328426,4106.860000000001,0.6327753199322559,1,51.0,0,0.0,-0.8683809820882916,-0.07059935230006469,-0.13107973067417975,0.0,2.4,-0.482803364193296,0.0,2
199036,0,0,0.22427094782838553,0.08412446306751568,12180.58,-0.2582201692163416,1,26.0,1,2.0,0.5996366733365414,-0.7775993833783089,-0.13107973067417975,0.0,0.6,-0.2060485136665093,0.0,2
199038,0,0,0.3531279927765813,0.162362491350271,8093.72,0.9297738163151218,1,52.0,0,2.0,-0.4166832419575738,-0.3062660293261461,-0.13107973067417975,0.0,0.0,1.5928580147576041,0.0,2
199041,0,0,0.33139880620125733,0.6005284650492433,4246.860000000001,0.3357768235493901,1,51.0,0,2.0,-0.6425321120229327,-0.5419327063522275,-0.13107973067417975,0.0,2.0,-0.482803364193296,0.0,2
199044,0,0,0.2706983174638169,0.051049579351466146,8293.720000000001,2.414766298229451,1,51.0,0,2.0,0.1479389332058235,-0.5419327063522275,-0.13107973067417975,0.0,2.25,-0.482803364193296,0.0,2
199046,0,0,0.21217874361616063,0.42008401680336066,6120.29,0.3357768235493901,1,21.0,0,2.0,-0.1908343718922149,-0.3062660293261461,-0.13107973067417975,0.0,3.0,-0.482803364193296,0.0,2
199047,0,0,0.2005411942225851,0.6923180115921653,12140.58,3.3057617873780485,1,51.0,0,2.0,2.2935031988267336,-0.5419327063522275,-0.13107973067417975,0.0,0.0,0.20908376212367072,0.0,2
199048,0,0,0.14617899726138073,0.0,30050.0,0.6327753199322559,1,43.0,0,2.0,3.1968986790881693,-1.2489327374304717,-0.13107973067417975,0.0,0.0,-0.482803364193296,0.0,2
199051,2,2,0.5657400665558647,0.11938567808895666,650.0,0.6327753199322559,0,51.0,0,1.0,-0.6425321120229327,0.4007340017520981,-0.13107973067417975,0.0,0.0,-0.482803364193296,0.0,2
199052,0,0,0.4010826301611865,0.1325869451429388,12190.58,-0.5552186655992074,0,52.0,0,2.0,-0.3037588069248943,-0.3062660293261461,-0.13107973067417975,0.0,0.0,-0.482803364193296,0.0,2
199053,0,0,0.32801923307834285,0.1655859825122208,12200.58,2.1177678018465853,0,52.0,0,2.0,0.03501449817314403,-0.5419327063522275,-0.13107973067417975,0.0,0.0,-0.482803364193296,0.0,2
199054,2,2,0.4944817231552176,0.3109452736318408,1274.058,-0.5552186655992074,0,52.0,0,2.0,-0.4166832419575738,-0.07059935230006469,-0.13107973067417975,0.0,0.0,-0.482803364193296,0.0,2
199055,2,2,0.5841194551296724,0.07765435464042483,12200.58,1.2267723126979877,0,51.0,0,2.0,0.1479389332058235,0.1650673247260167,-0.13107973067417975,0.0,0.0,-0.482803364193296,0.0,2
199056,0,2,0.4443918036997025,0.14734050390452336,4046.86,-1.149215658364939,0,51.0,0,2.0,-0.8683809820882916,-0.3062660293261461,-0.13107973067417975,0.0,0.0,-0.482803364193296,0.0,2
199057,0,0,0.38806698524991484,0.22679410335331282,4046.86,0.6327753199322559,0,62.0,0,2.0,-0.6425321120229327,-0.07059935230006469,-0.13107973067417975,0.0,0.0,-0.482803364193296,0.0,2
199058,0,0,0.42793522668791356,0.3401616330898758,0.0,0.3357768235493901,0,52.0,1,2.0,-0.3037588069248943,0.6364006787781795,-0.13107973067417975,0.0,0.0,-0.482803364193296,0.0,2
199059,0,0,0.39888434188238975,0.20195673637914013,4046.86,-0.8522171619820733,0,51.0,0,1.0,-0.8683809820882916,-0.07059935230006469,-0.13107973067417975,0.0,0.0,-0.482803364193296,0.0,2
199060,0,0,0.27916618600194826,0.2671370014079697,7284.348,0.03877832716652424,0,51.0,0,1.0,-0.1908343718922149,-0.3062660293261461,-0.13107973067417975,0.0,0.0,-0.482803364193296,0.0,2
199061,0,0,0.2725408914235581,0.0641276651579391,11323.54,0.3357768235493901,1,34.0,0,2.0,0.5996366733365414,1.8147340639085865,-0.13107973067417975,0.0,3.0,-0.482803364193296,0.0,2
199062,2,2,0.6424630487160372,0.0,4106.860000000001,0.6327753199322559,0,52.0,0,2.0,-1.0942298521536507,-1.2489327374304717,-0.13107973067417975,0.0,0.0,-0.482803364193296,0.0,2
199064,0,0,0.1810308936288648,0.20827076241560138,16247.44,-0.5552186655992074,1,51.0,0,1.0,0.7125611083692208,-0.07059935230006469,-0.13107973067417975,0.0,1.0,-0.06767108840311596,0.0,2
199065,0,0,0.29132419448079744,0.07042590541664775,8153.72,1.2267723126979877,1,51.0,0,1.0,-0.8683809820882916,-0.3062660293261461,-0.13107973067417975,0.0,3.0,-0.482803364193296,0.0,2
199066,0,0,0.1543079501944982,0.14741222972996137,4046.86,0.3357768235493901,1,42.0,1,2.0,2.5193520688920925,-1.2489327374304717,-0.13107973067417975,0.0,0.0,0.20908376212367072,0.0,2
199067,2,2,0.628577423651291,0.34990703673383267,26304.59,3.3057617873780485,1,51.0,0,2.0,1.7288810236633358,0.1650673247260167,-0.13107973067417975,0.0,2.0,0.9009708884406373,0.0,2
199068,0,0,0.21644599480858118,0.06657268170426066,8143.72,0.9297738163151218,1,52.0,0,2.0,0.1479389332058235,-0.5419327063522275,-0.13107973067417975,0.0,3.0,-0.482803364193296,0.0,2
199069,0,0,0.3589972318154307,0.11239502197176476,17070.29,-0.5552186655992074,1,51.0,0,2.0,-0.4166832419575738,-0.3062660293261461,-0.13107973067417975,0.0,0.0,-0.13685980103481263,0.0,2
199071,0,0,0.1569127989557405,0.045993928801398215,4046.86,1.2267723126979877,1,43.0,0,1.0,1.503032153597977,-0.5419327063522275,-0.13107973067417975,0.0,0.0,-0.06767108840311596,0.0,2
199072,0,0,0.2084066065288109,0.10280159707216714,18243.72,1.2267723126979877,1,34.0,0,2.0,2.5193520688920925,-0.07059935230006469,-0.13107973067417975,3.0,0.0,-0.13685980103481263,0.0,2
199073,0,0,0.246121351964114,0.08780491988719773,12440.58,0.9297738163151218,1,26.0,0,2.0,-0.1908343718922149,-1.2489327374304717,-0.13107973067417975,0.0,0.0,0.07070633686027739,0.0,2
199074,0,0,0.2438752619820709,0.3036813061702947,12190.58,0.9297738163151218,1,52.0,0,2.0,-0.07790993685953543,-0.7775993833783089,-0.13107973067417975,0.0,0.0,-0.13685980103481263,0.0,2
199075,0,0,0.2394395485576941,0.21182332766675543,14414.01,-0.2582201692163416,1,51.0,0,2.0,-0.07790993685953543,-1.2489327374304717,-0.13107973067417975,0.0,0.0,0.07070633686027739,0.0,2
199077,0,0,0.3413315469475462,0.011317003211293227,8143.72,0.6327753199322559,1,51.0,0,1.0,-0.6425321120229327,-0.07059935230006469,-0.13107973067417975,0.0,0.0,-0.13685980103481263,0.0,2
199078,2,2,0.5794191888963806,0.07538741598223925,8163.72,0.6327753199322559,1,34.0,0,2.0,-0.8683809820882916,1.1077340328303422,-0.13107973067417975,0.0,2.4,-0.482803364193296,0.0,2
199079,0,0,0.4270440028372377,0.06864988558352403,4106.860000000001,0.03877832716652424,1,52.0,0,2.0,-0.7554565470556122,-0.3062660293261461,-0.13107973067417975,0.0,0.0,-0.27523722629820596,0.0,2
199080,0,0,0.2288372715887735,0.043564608192701276,0.0,1.2267723126979877,1,51.0,1,1.0,0.9384099784345797,-0.07059935230006469,-0.13107973067417975,0.0,0.6,-0.06767108840311596,0.0,2
199081,0,0,0.2559349832436014,0.12167066373827025,8143.72,-0.8522171619820733,1,52.0,0,2.0,-0.4166832419575738,-1.2489327374304717,-0.13107973067417975,0.0,2.4,-0.482803364193296,0.0,2
199082,0,0,0.29187275666880647,0.08637280392879246,14214.01,0.6327753199322559,1,52.0,0,2.0,-0.07790993685953543,-0.3062660293261461,-0.13107973067417975,0.0,0.0,0.20908376212367072,0.0,2
199083,0,0,0.2697311009465335,0.0,0.0,-0.2582201692163416,1,34.0,0,2.0,-0.3037588069248943,-1.2489327374304717,-0.13107973067417975,0.0,2.25,-0.482803364193296,0.0,2
199085,0,0,0.29551734322432904,0.6182821268905165,4046.86,0.3357768235493901,1,51.0,1,2.0,-0.1908343718922149,-0.07059935230006469,-0.13107973067417975,0.0,0.0,1.5928580147576041,0.0,2
199086,2,2,0.6951829848394545,0.08681805787693482,4086.86,0.03877832716652424,1,15.0,1,2.0,-0.9813054171209711,0.1650673247260167,-0.13107973067417975,0.0,0.0,1.2469144515991206,0.0,2
199087,0,0,0.3220852645305931,0.060933257824835205,8093.72,0.9297738163151218,1,52.0,0,2.0,-0.5296076769902532,-0.3062660293261461,-0.13107973067417975,0.0,0.0,-0.482803364193296,0.0,2
199088,0,0,0.33602516779026,0.3855710736012339,4046.86,0.9297738163151218,1,51.0,0,2.0,-0.6425321120229327,-0.7775993833783089,-0.13107973067417975,0.0,0.0,1.5928580147576041,0.0,2
199090,0,0,0.21299102277169793,0.9997000899730081,2023.43,-0.2582201692163416,1,16.0,1,2.0,-0.6425321120229327,0.1650673247260167,-0.13107973067417975,0.0,1.0,-0.482803364193296,0.0,2
199091,0,0,0.33073979410709775,0.48352781896718455,4096.860000000001,-0.2582201692163416,1,51.0,0,1.0,-0.8683809820882916,-0.3062660293261461,-0.13107973067417975,0.0,1.5,-0.482803364193296,0.0,2
199092,0,0,0.4087649573115595,0.31818522123231263,1000.0,0.6327753199322559,1,51.0,0,2.0,-0.6425321120229327,-0.07059935230006469,-0.13107973067417975,0.0,0.0,0.6934047505455474,0.0,2
199093,0,0,0.16178626530086188,0.05430060816681147,8153.72,2.1177678018465853,1,51.0,0,0.0,0.03501449817314403,0.1650673247260167,-0.13107973067417975,0.0,1.5,0.555027325282154,0.0,2
199094,0,0,0.26644070185922125,0.3178841630109988,60000.0,0.3357768235493901,1,51.0,0,2.0,0.7125611083692208,-0.5419327063522275,-0.13107973067417975,0.0,0.0,1.5928580147576041,0.0,2
199095,0,0,0.3300215650550216,0.048510619661687966,8093.72,0.3357768235493901,1,52.0,0,2.0,-0.3037588069248943,-0.5419327063522275,-0.13107973067417975,0.0,0.0,-0.2060485136665093,0.0,2
199097,0,0,0.24466046637957184,0.12395969937934274,9146.86,2.1177678018465853,1,52.0,0,2.0,0.7125611083692208,0.6364006787781795,-0.13107973067417975,0.0,2.0,0.20908376212367072,0.0,2
200011,0,0,0.15990304289255183,0.030035802036541603,8093.72,-0.8522171619820733,0,16.0,0,2.0,-0.9813054171209711,1.1077340328303422,-0.13107973067417975,0.0,0.0,-0.482803364193296,0.0,2
200013,0,0,0.0938673468610703,0.07009939657160268,10000.0,2.414766298229451,0,13.0,0,2.0,1.3901077185652975,0.8720673558042609,-0.13107973067417975,0.0,0.0,-0.482803364193296,0.0,2
200014,0,0,0.09297700660093004,0.12664153890140223,20100.0,0.9297738163151218,0,0.0,0,2.0,0.03501449817314403,-0.3062660293261461,-0.13107973067417975,0.0,0.0,-0.482803364193296,0.0,2
200015,0,0,0.14415468001529758,0.0379003221527383,10000.0,-0.5552186655992074,0,21.0,0,1.0,-0.8683809820882916,-0.3062660293261461,-0.13107973067417975,0.0,0.0,-0.482803364193296,0.0,2
200016,0,0,0.12339309476936187,0.05544374002689586,30100.0,0.6327753199322559,0,0.0,0,2.0,-0.4166832419575738,0.1650673247260167,-0.13107973067417975,0.0,0.0,-0.482803364193296,0.0,2
200020,2,2,0.6319697693281839,0.014323680707941622,10117.15,0.6327753199322559,0,52.0,0,2.0,-1.3200787222190096,0.8720673558042609,-0.13107973067417975,0.0,0.0,-0.482803364193296,0.0,2
200071,2,2,0.48999451278697204,0.05517828117338688,0.0,0.3357768235493901,1,0.0,0,2.0,-0.4166832419575738,0.4007340017520981,-0.13107973067417975,0.0,1.5,0.20908376212367072,0.0,2
200072,0,0,0.12305994159626506,0.15652718355421058,0.0,0.9297738163151218,1,51.0,0,1.0,0.1479389332058235,-0.07059935230006469,-0.13107973067417975,0.0,2.0,-0.482803364193296,0.0,2
200074,2,0,0.33038465927100324,0.04213709273076435,50.0,-0.8522171619820733,1,0.0,0,1.0,-0.3037588069248943,2.9930674490389935,-0.13107973067417975,0.0,1.0,2.9766322673915373,0.0,2
200075,0,0,0.28511071910722635,0.21922583681725674,0.0,-1.446214154747805,1,51.0,0,0.0,-1.3200787222190096,-0.07059935230006469,-0.13107973067417975,0.0,0.0,-0.482803364193296,0.0,2
200076,0,0,0.10062663922078297,0.23789760110633243,0.0,-0.8522171619820733,1,51.0,0,0.0,-0.8683809820882916,1.1077340328303422,-0.13107973067417975,0.0,0.0,-0.13685980103481263,0.0,2
200077,2,2,0.6175516958782664,0.034426229911681996,55.0,-0.8522171619820733,1,0.0,0,2.0,-0.6425321120229327,0.6364006787781795,-0.13107973067417975,0.0,0.75,0.9009708884406373,0.0,2
200078,0,0,0.10724932412845349,0.26777346364975235,0.0,-1.149215658364939,1,51.0,0,0.0,-0.8683809820882916,0.6364006787781795,-0.13107973067417975,0.0,0.0,-0.13685980103481263,0.0,2
200079,2,0,0.3702413935326643,0.2591904361972046,50.0,-0.8522171619820733,1,51.0,0,0.0,-0.1908343718922149,-1.2489327374304717,-0.13107973067417975,0.0,0.0,0.9009708884406373,0.0,2
200101,2,2,0.6362313174466708,1.954821894005213,0.0,0.6327753199322559,1,51.0,0,2.0,0.03501449817314403,0.4007340017520981,-0.13107973067417975,0.0,1.8,3.6685193937085043,0.0,2
200102,0,0,0.07160882848313323,0.22749834546657843,0.0,1.5237708090808535,1,51.0,0,0.0,0.2608633682385029,-0.3062660293261461,-0.13107973067417975,0.0,0.0,-0.482803364193296,0.0,2
200103,2,2,0.6331134326971147,0.22585599421808653,0.0,0.03877832716652424,1,51.0,0,2.0,0.3737878032711824,-0.3062660293261461,-0.13107973067417975,0.0,1.2,2.9766322673915373,0.0,2
200104,2,2,0.615048450934102,0.5010271055664112,6027.7,3.3057617873780485,1,26.0,0,2.0,2.6322765039247717,0.1650673247260167,-0.13107973067417975,0.0,2.0,5.070594060833525,0.0,2
200105,0,0,0.08490107299408849,0.23840270189728818,50.0,1.2267723126979877,0,51.0,0,0.0,2.5193520688920925,0.8720673558042609,-0.13107973067417975,2.0,0.0,-0.482803364193296,0.0,2
200106,0,0,0.058180749710013226,0.04068513771919118,7418.7,1.5237708090808535,1,26.0,0,2.0,2.180578763794054,0.4007340017520981,-0.13107973067417975,0.0,3.0,-0.482803364193296,0.0,2
200107,2,0,0.21980105064766522,0.1686091849853521,40.0,-0.2582201692163416,1,43.0,0,2.0,1.7288810236633358,-0.3062660293261461,-0.13107973067417975,2.0,3.0,-0.482803364193296,0.0,2
200108,0,0,0.08429512428908464,1.3677084045681462,0.0,0.9297738163151218,1,34.0,0,2.0,0.9384099784345797,1.1077340328303422,-0.13107973067417975,0.0,3.0,-0.482803364193296,0.0,2
200109,0,0,0.14320855640148236,0.3699593044765076,0.0,1.2267723126979877,1,51.0,0,2.0,0.5996366733365414,-0.3062660293261461,-0.13107973067417975,0.0,0.0,-0.482803364193296,0.0,2
200110,2,2,0.6236471126062386,0.33910437947757005,4738.0,0.6327753199322559,1,41.0,0,2.0,3.561644604243726,0.6364006787781795,-0.13107973067417975,1.0,1.7142857142857142,5.070594060833525,0.0,2
200161,0,0,0.11538466049725198,0.2721201502521664,14164.01,-1.446214154747805,0,0.0,0,2.0,-0.7554565470556122,-0.3062660293261461,-0.13107973067417975,0.0,0.0,-0.482803364193296,0.0,2
200162,0,0,0.09560319837880475,0.3594727241812211,18213.72,0.6327753199322559,0,26.0,0,2.0,1.051334413467259,0.4007340017520981,-0.13107973067417975,0.0,0.0,-0.482803364193296,0.0,2
200165,0,0,0.18023617259306532,0.038779008036053955,12140.58,-0.8522171619820733,0,16.0,0,2.0,-0.8683809820882916,0.6364006787781795,-0.13107973067417975,0.0,0.0,-0.482803364193296,0.0,2
200166,0,0,0.08735559521221442,0.04496475328076133,22257.73,3.0087632909951827,0,52.0,0,0.0,1.277183283532618,0.1650673247260167,-0.13107973067417975,0.0,0.0,-0.482803364193296,0.0,2
200167,0,0,0.2124903399769423,0.16028321346936497,20000.0,-0.5552186655992074,0,51.0,0,2.0,0.3737878032711824,0.6364006787781795,-0.13107973067417975,0.0,0.0,-0.482803364193296,0.0,2
200168,0,0,0.21892008233290125,0.03281062611725839,10050.0,0.03877832716652424,0,23.0,0,2.0,-0.5296076769902532,-0.3062660293261461,-0.13107973067417975,0.0,0.0,-0.482803364193296,0.0,2
200170,2,2,0.4994206278691679,0.2197983069724963,20100.0,0.9297738163151218,0,26.0,0,1.0,-0.7554565470556122,0.1650673247260167,-0.13107973067417975,0.0,0.0,-0.482803364193296,0.0,2
200181,2,2,0.37007953026835017,0.036214389183969097,0.0,0.9297738163151218,1,42.0,1,2.0,3.3098231141208485,-0.07059935230006469,-0.13107973067417975,0.0,1.5,5.070594060833525,0.0,2
200186,2,2,0.5676046473727698,0.033173914245431674,0.0,1.8207693054637193,1,52.0,0,2.0,1.954729893728695,0.1650673247260167,-0.13107973067417975,2.0,1.0,-0.482803364193296,0.0,2
200187,2,0,0.40893882449049174,0.6447831184056272,1710.0,-0.2582201692163416,1,51.0,0,1.0,3.561644604243726,-0.3062660293261461,-0.13107973067417975,1.0,1.0,0.20908376212367072,0.0,2
200189,0,0,0.2309419343730786,0.053639216811992206,4046.86,0.9297738163151218,1,41.0,1,2.0,2.406427633859413,-0.3062660293261461,-0.13107973067417975,0.0,1.5,2.9766322673915373,0.0,2
200190,0,0,0.047571247261716194,0.051740643946342174,0.0,3.3057617873780485,1,43.0,0,0.0,3.1968986790881693,-0.5419327063522275,-0.13107973067417975,0.0,2.0,-0.482803364193296,0.0,2
209014,0,0,0.2994785492554943,0.3319688092035265,0.0,0.6327753199322559,1,51.0,0,2.0,-0.4166832419575738,0.6364006787781795,-0.13107973067417975,0.0,0.6,-0.482803364193296,0.0,2
209015,0,0,0.07305988234525847,0.3218200669516457,2987.0,1.2267723126979877,1,51.0,0,0.0,0.2608633682385029,0.4007340017520981,-0.13107973067417975,0.0,0.0,-0.482803364193296,0.0,2
209016,0,0,0.2515502132063167,0.4240881339251312,0.0,2.711764794612317,1,51.0,0,2.0,-0.07790993685953543,1.3434007098564238,-0.13107973067417975,0.0,0.0,0.20908376212367072,0.0,2
209017,2,2,0.7756474950342144,0.6887483563959677,1597.1,-0.2582201692163416,1,51.0,0,2.0,-0.6425321120229327,0.4007340017520981,-0.13107973067417975,0.0,0.6,3.6685193937085043,0.0,2
209018,2,2,0.8111882694599943,0.5922525405205988,5910.4,1.2267723126979877,1,51.0,0,2.0,-1.5459275922843685,-0.07059935230006469,-0.13107973067417975,0.0,0.5,3.6685193937085043,0.0,2
209019,0,0,0.2186414188021443,0.3938299967180834,0.0,2.1177678018465853,1,51.0,0,2.0,-0.1908343718922149,1.8147340639085865,-0.13107973067417975,0.0,3.0,0.20908376212367072,0.0,2
209020,0,0,0.08302085166353963,0.17415730808769916,7198.099999999999,1.8207693054637193,1,34.0,0,2.0,1.7288810236633358,0.4007340017520981,-0.13107973067417975,0.0,2.0,-0.482803364193296,0.0,2
209021,0,0,0.18558918980986205,0.2672163689112842,0.0,-0.8522171619820733,1,51.0,0,2.0,-0.4166832419575738,2.286067417960749,-0.13107973067417975,0.0,0.0,-0.482803364193296,0.0,2
209022,0,0,0.07244492612347934,0.3159774694326144,5515.9,3.3057617873780485,1,51.0,0,0.0,0.48671223830386184,0.6364006787781795,-0.13107973067417975,0.0,0.0,-0.482803364193296,0.0,2
209023,2,2,0.622893952584023,0.322367362161305,0.0,-0.5552186655992074,1,51.0,0,2.0,-0.6425321120229327,0.6364006787781795,-0.13107973067417975,0.0,0.5,1.5928580147576041,0.0,2
209026,2,2,0.4299854657763797,0.03413941005585285,20234.300000000003,3.0087632909951827,1,52.0,0,0.0,1.1642588484999385,-1.2489327374304717,-0.13107973067417975,0.0,0.75,0.001517624228580711,0.0,2
209027,2,2,0.4354081921383132,0.25526814667976966,20050.0,-0.2582201692163416,1,51.0,0,2.0,-0.3037588069248943,-0.07059935230006469,-0.13107973067417975,0.0,0.0,-0.34442593892990264,0.0,2
209029,0,0,0.07863739821094087,0.03230466063953998,20000.0,0.9297738163151218,1,26.0,0,2.0,1.6159565886306564,-0.7775993833783089,-0.13107973067417975,0.0,3.0,-0.06767108840311596,0.0,2
209033,0,0,0.18721571033506476,0.051685262842684536,6070.29,0.03877832716652424,1,41.0,0,2.0,1.954729893728695,1.3434007098564238,-0.13107973067417975,0.0,0.25,0.9009708884406373,0.0,2
209036,0,0,0.06994859926635368,0.024039121953899834,20000.0,-0.5552186655992074,1,52.0,1,0.0,3.561644604243726,-1.2489327374304717,-0.13107973067417975,0.0,0.0,-0.13685980103481263,0.0,2
209045,0,0,0.07725106358041878,0.3422752748898301,18093.72,2.1177678018465853,1,52.0,0,0.0,3.561644604243726,0.1650673247260167,-0.13107973067417975,0.0,0.0,0.20908376212367072,0.0,2
209062,0,0,0.09331030861984184,0.18904485089087383,10100.0,-0.2582201692163416,1,52.0,0,0.0,1.277183283532618,0.6364006787781795,-0.13107973067417975,0.0,0.6,0.20908376212367072,0.0,2
209063,0,0,0.11353041409245286,0.07114311520235576,20100.0,-0.2582201692163416,1,52.0,0,0.0,1.1642588484999385,-0.07059935230006469,-0.13107973067417975,0.0,0.75,-0.06767108840311596,0.0,2
209069,0,0,0.1163837688056073,0.03325894435165977,20000.0,3.0087632909951827,1,41.0,0,2.0,0.9384099784345797,-0.07059935230006469,-0.13107973067417975,0.0,3.0,-0.482803364193296,0.0,2
209071,0,0,0.11077776218253048,0.005303061286332124,20234.300000000003,1.8207693054637193,1,26.0,1,2.0,0.8254855434019003,-0.5419327063522275,-0.13107973067417975,0.0,3.0,-0.482803364193296,0.0,2
209077,0,0,0.11855796711524924,0.028731549451416843,13152.295,-0.2582201692163416,1,52.0,1,1.0,1.051334413467259,0.4007340017520981,-0.13107973067417975,0.0,3.0,-0.482803364193296,0.0,2
209079,0,0,0.07274109485013365,0.2868699618462951,18093.72,0.9297738163151218,1,41.0,0,2.0,1.503032153597977,-0.7775993833783089,-0.13107973067417975,0.0,3.0,-0.482803364193296,0.0,2
209081,0,0,0.09484019983161696,0.04715845182970295,4096.860000000001,0.9297738163151218,1,26.0,0,2.0,1.1642588484999385,-0.07059935230006469,-0.13107973067417975,0.0,3.0,-0.482803364193296,0.0,2
209082,0,0,0.05316052233317615,0.014055274932025559,3035.145,-0.5552186655992074,1,26.0,0,0.0,0.48671223830386184,-0.3062660293261461,-0.13107973067417975,0.0,3.0,-0.482803364193296,0.0,2
209084,2,2,0.6457377791798031,0.01866253698383567,10050.0,1.8207693054637193,1,51.0,0,2.0,0.8254855434019003,0.8720673558042609,-0.13107973067417975,0.0,1.8,0.9009708884406373,0.0,2
209085,0,0,0.21762022116995464,0.6349432769246226,0.0,-0.8522171619820733,1,51.0,0,2.0,-0.7554565470556122,0.6364006787781795,-0.13107973067417975,0.0,0.0,-0.06767108840311596,0.0,2
209086,2,2,0.5610788825910654,0.419356712914546,0.0,-0.5552186655992074,1,16.0,0,2.0,-0.3037588069248943,-0.07059935230006469,-0.13107973067417975,0.0,0.6,0.9009708884406373,0.0,2
209087,0,0,0.08632277459476544,0.5294505454973398,0.0,2.414766298229451,1,51.0,0,0.0,-0.07790993685953543,0.4007340017520981,-0.13107973067417975,0.0,0.0,-0.27523722629820596,0.0,2
209088,2,2,0.6368957523195129,1.2057408478437375,0.0,0.03877832716652424,1,0.0,0,2.0,-0.8683809820882916,0.4007340017520981,-0.13107973067417975,0.0,0.75,2.9766322673915373,0.0,2
209089,0,0,0.1942559515523774,0.27779180766705386,0.0,-0.5552186655992074,1,51.0,0,2.0,-0.3037588069248943,1.3434007098564238,-0.13107973067417975,0.0,0.0,0.001517624228580711,0.0,2
209090,2,2,0.7976448457385396,0.07687053458673956,0.0,-0.5552186655992074,1,51.0,0,2.0,-0.5296076769902532,0.4007340017520981,-0.13107973067417975,0.0,0.6,4.360406520025471,0.0,2
209091,2,2,0.6277492650442699,0.3898016553180513,70.0,3.0087632909951827,1,52.0,0,2.0,-0.1908343718922149,-0.3062660293261461,-0.13107973067417975,2.0,0.0,0.20908376212367072,0.0,2
209094,2,2,0.5624090938213596,0.06459322417078449,50.0,-0.5552186655992074,1,52.0,0,2.0,-0.7554565470556122,-0.07059935230006469,-0.13107973067417975,0.0,1.0,-0.482803364193296,0.0,2
209095,0,0,0.1339039397002235,0.0907808550159914,55.0,0.6327753199322559,1,51.0,0,0.0,-0.1908343718922149,1.3434007098564238,-0.13107973067417975,2.0,2.0,-0.482803364193296,0.0,2
209096,2,0,0.058879373266501146,0.038367149424492764,60.0,-0.5552186655992074,1,16.0,0,0.0,-0.3037588069248943,1.1077340328303422,-0.13107973067417975,0.0,3.0,-0.482803364193296,0.0,2
209098,0,0,0.06455556862947458,0.10913401916530326,20100.0,3.0087632909951827,1,51.0,0,0.0,0.8254855434019003,0.6364006787781795,-0.13107973067417975,0.0,0.0,-0.482803364193296,0.0,2
209100,0,0,0.14565540770671992,0.11838631863405981,30100.0,1.8207693054637193,1,51.0,0,1.0,0.5996366733365414,0.1650673247260167,-0.13107973067417975,0.0,0.0,-0.482803364193296,0.0,2
209101,2,2,0.6089151980698754,0.024606166323576317,9105.435,-0.2582201692163416,1,51.0,0,2.0,-0.3037588069248943,1.1077340328303422,-0.13107973067417975,0.0,1.0,0.9009708884406373,0.0,2
209102,0,0,0.10624788280282106,0.1410591815493586,35050.0,-0.5552186655992074,1,51.0,0,0.0,-0.1908343718922149,0.1650673247260167,-0.13107973067417975,0.0,0.0,-0.482803364193296,0.0,2
209103,0,0,0.24641234704409806,0.11102299406655189,15175.725,-0.2582201692163416,1,51.0,0,2.0,-0.1908343718922149,1.1077340328303422,-0.13107973067417975,0.0,0.0,0.20908376212367072,0.0,2
209105,2,2,0.6637574950968151,0.04149135109864422,8093.72,0.03877832716652424,1,51.0,0,2.0,-0.07790993685953543,1.1077340328303422,-0.13107973067417975,0.0,0.75,0.9009708884406373,0.0,2
209106,0,0,0.1045881255505603,0.0841798080700376,9105.435,-0.8522171619820733,1,51.0,0,0.0,-0.3037588069248943,0.6364006787781795,-0.13107973067417975,0.0,0.0,-0.482803364193296,0.0,2
209107,2,2,0.6790256990899405,0.2743223745005379,18093.72,1.8207693054637193,1,51.0,0,2.0,0.5996366733365414,0.4007340017520981,-0.13107973067417975,0.0,0.75,0.9009708884406373,0.0,2
209108,0,0,0.052307293211097505,0.22427882759777232,18143.72,1.2267723126979877,1,51.0,0,0.0,1.1642588484999385,0.4007340017520981,-0.13107973067417975,0.0,0.0,-0.482803364193296,0.0,2
209121,0,0,0.23054342687457852,0.0743087332316477,10050.0,0.03877832716652424,1,34.0,0,1.0,-0.4166832419575738,0.1650673247260167,-0.13107973067417975,0.0,0.75,0.4858386126504574,0.0,2
209122,0,0,0.28937537480090564,0.021902120896181876,18093.72,-0.8522171619820733,1,51.0,0,2.0,-0.6425321120229327,3.935734157143319,-0.13107973067417975,0.0,0.0,0.9009708884406373,0.0,2
209123,0,0,0.18510161877665196,0.1118129535665669,28378.02,0.6327753199322559,1,0.0,0,1.0,-0.5296076769902532,0.1650673247260167,-0.13107973067417975,0.0,0.0,3.322575830550021,0.0,2
209124,0,0,0.23391429536605768,0.03901480303287407,28328.02,2.1177678018465853,1,52.0,0,1.0,-0.07790993685953543,0.6364006787781795,-0.13107973067417975,0.0,0.0,1.1085370263357273,0.0,2
209125,0,0,0.09424712246826202,0.5099560200210932,22140.58,0.3357768235493901,1,23.0,0,1.0,0.48671223830386184,0.8720673558042609,-0.13107973067417975,0.0,0.0,0.34746118738706405,0.0,2
209126,0,0,0.12214217175167132,0.06906162391625767,36187.44,0.3357768235493901,1,26.0,0,2.0,1.503032153597977,-0.5419327063522275,-0.13107973067417975,0.0,1.5,0.20908376212367072,0.0,2
209127,2,2,0.41831876453395506,0.040855779022220186,40468.6,1.5237708090808535,1,51.0,0,2.0,0.2608633682385029,0.6364006787781795,-0.13107973067417975,0.0,0.0,1.5928580147576041,0.0,2
209128,0,0,0.2474024721614191,0.04987398785846598,33143.72,0.9297738163151218,1,52.0,0,1.0,-0.5296076769902532,0.1650673247260167,-0.13107973067417975,0.0,0.0,0.9009708884406373,0.0,2
209131,2,2,0.6151459605356874,0.06269032526649075,14164.01,1.8207693054637193,1,22.0,1,2.0,-0.3037588069248943,1.8147340639085865,-0.13107973067417975,0.0,0.5,1.5928580147576041,1.0,2
210001,0,0,0.30737261284892353,0.0,0.0,0.3357768235493901,0,51.0,1,0.0,-0.6425321120229327,-0.07059935230006469,-0.13107973067417975,0.0,0.0,-0.482803364193296,0.0,2
210004,2,2,0.5473519030364532,0.0,20000.0,2.711764794612317,1,42.0,0,2.0,1.954729893728695,0.6364006787781795,-0.13107973067417975,0.0,0.0,2.9766322673915373,0.0,2
210005,0,0,0.06819741997107755,0.1213869530446704,60.0,3.0087632909951827,1,43.0,1,0.0,3.5356719841862074,0.1650673247260167,-0.13107973067417975,0.0,0.0,-0.2060485136665093,0.0,2
210006,0,0,0.06275722446208455,0.0,40784.3,1.2267723126979877,1,43.0,1,0.0,3.561644604243726,-1.2489327374304717,-0.13107973067417975,0.0,0.0,-0.482803364193296,0.0,2
210010,0,0,0.04764700616464788,0.0,600.0,1.5237708090808535,1,43.0,0,0.0,3.561644604243726,0.6364006787781795,-0.13107973067417975,0.0,0.0,-0.482803364193296,0.0,2
210051,2,2,0.77540914351823,0.21341983950828067,4046.86,-0.8522171619820733,0,0.0,0,2.0,-0.1908343718922149,-0.07059935230006469,-0.13107973067417975,0.0,0.0,2.2847451410745707,0.0,0
210052,0,0,0.18983160386091236,0.08358196161507978,0.0,-0.8522171619820733,0,0.0,0,0.0,-0.8683809820882916,-0.07059935230006469,-0.13107973067417975,0.0,0.0,-0.482803364193296,0.0,2
210053,0,0,0.08897603399229924,0.19465180024205883,100.0,-1.149215658364939,0,0.0,0,0.0,-0.6425321120229327,-1.2489327374304717,-0.13107973067417975,0.0,0.0,-0.482803364193296,0.0,2
210054,0,0,0.07212213858250353,0.19018881777428728,4046.86,0.03877832716652424,0,26.0,0,0.0,1.3901077185652975,1.1077340328303422,-0.13107973067417975,0.0,0.0,-0.482803364193296,0.0,2
210055,2,2,0.5285565830362348,0.03549532070171255,4146.860000000001,-0.8522171619820733,1,0.0,0,2.0,-0.6425321120229327,1.1077340328303422,-0.13107973067417975,0.0,0.5,0.20908376212367072,0.0,2
210056,0,0,0.0826635749753668,0.035945363048166784,0.0,0.3357768235493901,0,0.0,0,0.0,-0.5296076769902532,0.4007340017520981,-0.13107973067417975,0.0,0.0,-0.482803364193296,0.0,2
210057,0,0,0.1104204028728626,0.1752751156416533,16187.44,0.3357768235493901,0,26.0,0,0.0,-0.3037588069248943,-1.2489327374304717,-0.13107973067417975,0.0,1.5,0.20908376212367072,0.0,2
210058,0,0,0.2775237531526883,0.042999656002751976,0.0,0.3357768235493901,1,0.0,0,2.0,-0.8683809820882916,1.3434007098564238,-0.13107973067417975,1.0,0.75,1.2469144515991206,0.0,2
210060,0,0,0.24822448547392698,0.060938452163315046,200.0,0.6327753199322559,1,0.0,0,2.0,-0.3037588069248943,0.8720673558042609,-0.13107973067417975,0.0,0.75,0.9009708884406373,0.0,2
219001,2,2,0.4441913375455277,0.2600841726958907,850.0,2.711764794612317,0,34.0,1,2.0,2.2935031988267336,-0.3062660293261461,-0.13107973067417975,0.0,0.0,-0.482803364193296,0.0,2
219002,0,0,0.10619496700895671,0.06472640792982935,260.0,-0.5552186655992074,0,16.0,0,0.0,-0.4166832419575738,-1.2489327374304717,-0.13107973067417975,0.0,0.0,-0.482803364193296,0.0,2
219003,0,0,0.2553747490333264,0.7206301185155961,390.0,-0.8522171619820733,0,51.0,0,2.0,1.277183283532618,0.1650673247260167,-0.13107973067417975,1.0,0.0,-0.482803364193296,0.0,2
219005,0,0,0.34344983664320505,0.0371892738304952,8093.72,2.711764794612317,0,51.0,0,2.0,1.051334413467259,0.8720673558042609,-0.13107973067417975,0.0,0.0,-0.482803364193296,0.0,2
219006,2,2,0.47587118987622185,0.33374654333937254,0.0,0.03877832716652424,0,14.0,0,1.0,-0.4166832419575738,-0.3062660293261461,-0.13107973067417975,0.0,0.0,-0.482803364193296,0.0,2
219009,2,2,0.5180955467217718,0.09861002525094692,0.0,0.3357768235493901,0,23.0,1,1.0,-0.9813054171209711,0.6364006787781795,-0.13107973067417975,1.0,0.0,-0.482803364193296,0.0,2
219010,0,0,0.2610738515332473,0.0,0.0,1.2267723126979877,0,51.0,0,1.0,-0.9813054171209711,-1.2489327374304717,-0.13107973067417975,0.0,0.0,-0.482803364193296,0.0,2
219014,2,2,0.4472323930460203,0.06055529202789581,8093.72,0.03877832716652424,0,0.0,0,2.0,-0.1908343718922149,1.5790673868825051,-0.13107973067417975,0.0,0.0,-0.482803364193296,0.0,2
219015,0,0,0.1207506882554038,0.027907347605948252,4046.86,-0.2582201692163416,0,0.0,0,0.0,-0.5296076769902532,0.8720673558042609,-0.13107973067417975,0.0,0.0,-0.482803364193296,0.0,2
219017,0,0,0.3462931040023625,0.0814209112163121,12140.58,0.6327753199322559,1,0.0,0,2.0,-0.8683809820882916,1.3434007098564238,-0.13107973067417975,0.0,0.0,1.5928580147576041,0.0,2
219018,0,0,0.07647074727574475,0.06224563083552789,125.0,1.8207693054637193,0,0.0,0,0.0,-0.4166832419575738,-1.2489327374304717,-0.13107973067417975,0.0,0.0,-0.482803364193296,0.0,2
219020,0,2,0.6226302756443647,0.20906506104699782,0.0,0.6327753199322559,1,51.0,0,2.0,-0.4166832419575738,1.5790673868825051,1.663175858218027,0.0,0.0,2.9766322673915373,0.0,2
219022,0,0,0.11647375026226992,0.02860775588048315,0.0,-0.2582201692163416,0,0.0,0,0.0,-1.0942298521536507,-1.2489327374304717,-0.13107973067417975,0.0,0.0,-0.482803364193296,0.0,2
219023,0,0,0.12109727245526974,0.04969729827414837,0.0,0.03877832716652424,0,0.0,0,0.0,-1.0942298521536507,0.4007340017520981,-0.13107973067417975,0.0,0.0,-0.482803364193296,0.0,2
219024,0,0,0.15179045590744825,0.13095410731383098,12280.58,1.8207693054637193,0,0.0,0,0.0,-0.9813054171209711,-1.2489327374304717,-0.13107973067417975,0.0,0.0,-0.482803364193296,0.0,2
219025,2,2,0.737928079466235,0.3700667951847374,0.0,1.5237708090808535,1,51.0,0,2.0,-0.1908343718922149,0.6364006787781795,-0.13107973067417975,0.0,0.5,2.2847451410745707,0.0,2
219026,2,2,0.49840557914604106,0.16538683155910344,16187.44,-0.5552186655992074,1,51.0,0,2.0,-0.3037588069248943,-0.07059935230006469,-0.13107973067417975,1.0,1.5,0.9009708884406373,0.0,2
219027,0,0,0.13068338955998535,0.2104278700023381,20000.0,0.03877832716652424,0,0.0,0,0.0,-0.9813054171209711,-0.3062660293261461,-0.13107973067417975,0.0,0.0,-0.482803364193296,0.0,2
219028,0,0,0.179462204961481,0.07137603500899778,0.0,3.3057617873780485,0,51.0,0,0.0,-0.6425321120229327,-1.2489327374304717,-0.13107973067417975,0.0,0.0,-0.482803364193296,0.0,2
219031,2,2,0.7098643984365288,0.39957964572163296,12140.58,0.03877832716652424,1,51.0,0,2.0,-0.6425321120229327,1.1077340328303422,-0.13107973067417975,0.0,0.75,1.9388015779160874,0.0,2
219032,0,0,0.08115692558245939,0.3088326127239036,125.0,0.9297738163151218,0,0.0,0,0.0,-0.6425321120229327,1.1077340328303422,-0.13107973067417975,0.0,0.0,-0.482803364193296,0.0,2
219033,0,2,0.49335951059429056,0.15799555923039185,0.0,0.03877832716652424,1,51.0,0,2.0,-0.9813054171209711,0.1650673247260167,-0.13107973067417975,0.0,1.5,0.9009708884406373,0.0,2
219034,2,2,0.4565109913739931,0.2160849388284276,4046.86,0.9297738163151218,0,0.0,0,1.0,-0.6425321120229327,0.4007340017520981,-0.13107973067417975,0.0,0.0,-0.482803364193296,0.0,2
219035,0,0,0.16250251260428109,0.11357613386840311,4046.86,-0.2582201692163416,0,51.0,0,0.0,-0.9813054171209711,-1.2489327374304717,-0.13107973067417975,0.0,0.0,-0.482803364193296,0.0,2
219036,0,0,0.15119354479345906,0.12269254363950699,0.0,0.9297738163151218,0,51.0,0,0.0,-0.5296076769902532,-1.2489327374304717,-0.13107973067417975,0.0,0.0,-0.482803364193296,0.0,2
219038,0,0,0.11094310726216601,0.2661633759194735,8093.72,1.2267723126979877,0,51.0,0,0.0,-0.3037588069248943,-1.2489327374304717,-0.13107973067417975,0.0,0.0,-0.482803364193296,0.0,2
219039,0,0,0.20090103303867793,0.04846839860411012,0.0,-0.2582201692163416,0,51.0,0,0.0,-0.5296076769902532,-1.2489327374304717,-0.13107973067417975,0.0,0.0,-0.482803364193296,0.0,2
219040,0,0,0.11476544237104226,0.02583144979011947,8093.72,0.6327753199322559,0,0.0,0,0.0,-0.9813054171209711,-0.5419327063522275,-0.13107973067417975,0.0,0.0,-0.482803364193296,0.0,2
219041,0,2,0.41992125934726937,0.23194322029967063,0.0,-0.2582201692163416,1,51.0,0,2.0,0.7125611083692208,-0.07059935230006469,-0.13107973067417975,0.0,0.0,2.9766322673915373,0.0,2
219042,2,0,0.16118078026919097,0.27657926761809937,8093.72,2.1177678018465853,0,0.0,1,0.0,-0.4166832419575738,0.1650673247260167,-0.13107973067417975,0.0,0.0,-0.482803364193296,0.0,2
219043,0,2,0.7011401222684212,0.18096272167933408,200.0,0.6327753199322559,1,51.0,0,2.0,-1.20715428718633,-0.07059935230006469,-0.13107973067417975,0.0,0.0,1.5928580147576041,0.0,2
219045,0,0,0.09879025649512235,0.1429796968830426,60000.0,1.2267723126979877,0,26.0,0,1.0,1.277183283532618,2.9930674490389935,-0.13107973067417975,0.0,0.0,-0.482803364193296,0.0,2
219047,2,2,0.7416704322527382,0.30126185680593576,0.0,-0.2582201692163416,1,51.0,0,2.0,-0.9813054171209711,1.3434007098564238,-0.13107973067417975,0.0,0.5,1.9388015779160874,0.0,2
219049,0,0,0.1419401448868219,0.0,12140.58,-0.8522171619820733,0,0.0,0,2.0,0.3737878032711824,-1.2489327374304717,-0.13107973067417975,0.0,0.0,-0.482803364193296,0.0,2
219051,2,2,0.6648554711898876,0.0,4221.860000000001,0.9297738163151218,1,51.0,0,2.0,-0.9813054171209711,1.5790673868825051,-0.13107973067417975,0.0,0.0,2.2847451410745707,0.0,2
219052,2,2,0.43259871942740996,0.32766741757116524,4046.86,-0.5552186655992074,0,0.0,0,1.0,-0.7554565470556122,-0.07059935230006469,-0.13107973067417975,0.0,0.0,-0.482803364193296,0.0,2
219054,0,0,0.2755052733952343,0.0,4046.86,0.6327753199322559,0,0.0,0,1.0,-0.8683809820882916,-1.2489327374304717,-0.13107973067417975,0.0,0.0,-0.482803364193296,0.0,2
219057,2,2,0.6439781376364441,0.0,0.0,1.5237708090808535,1,51.0,0,2.0,0.1479389332058235,0.8720673558042609,-0.13107973067417975,0.0,0.0,2.2847451410745707,0.0,2
219058,0,0,0.05352401459799622,0.0,0.0,0.03877832716652424,0,0.0,0,0.0,0.48671223830386184,-1.2489327374304717,-0.13107973067417975,0.0,0.0,-0.482803364193296,0.0,2
219059,0,0,0.21871543886209643,0.12701868989294138,4216.860000000001,2.414766298229451,0,0.0,0,2.0,-0.1908343718922149,1.5790673868825051,-0.13107973067417975,0.0,0.0,-0.482803364193296,0.0,2
219076,0,0,0.06803760889457282,0.2149151085321298,8093.72,3.3057617873780485,0,0.0,0,0.0,0.5996366733365414,-0.07059935230006469,-0.13107973067417975,0.0,0.0,-0.482803364193296,0.0,2
220011,0,0,0.18352500709328937,0.0456516302628207,0.0,-0.2582201692163416,0,26.0,0,0.0,-0.7554565470556122,0.1650673247260167,-0.13107973067417975,0.0,0.0,-0.482803364193296,0.0,0
220012,0,0,0.2088590898015892,0.13000278577398086,20234.3,0.3357768235493901,0,34.0,1,1.0,0.7125611083692208,0.1650673247260167,-0.13107973067417975,0.0,0.0,-0.482803364193296,0.0,0
220013,0,2,0.37669178023857713,0.09310120100549298,12140.58,1.8207693054637193,0,26.0,0,2.0,-0.8683809820882916,-1.2489327374304717,-0.13107973067417975,0.0,0.0,-0.482803364193296,0.0,0
220014,0,0,0.37901849100247137,0.09022671268844223,14164.01,-1.446214154747805,0,0.0,1,2.0,-0.9813054171209711,-0.3062660293261461,-0.13107973067417975,0.0,0.0,-0.482803364193296,0.0,0
220016,0,0,0.3335221425419012,0.3162074956564905,0.0,3.3057617873780485,0,26.0,1,2.0,-0.3037588069248943,0.1650673247260167,-0.13107973067417975,0.0,0.0,-0.482803364193296,0.0,0
220017,2,0,0.1998758613998205,0.033780272320964554,0.0,0.3357768235493901,0,25.0,1,0.0,-0.3037588069248943,-0.7775993833783089,-0.13107973067417975,0.0,0.0,-0.482803364193296,0.0,0
220018,2,2,0.6421244447244134,0.4773725415314111,0.0,0.3357768235493901,0,41.0,1,2.0,-0.9813054171209711,2.5217340949868303,2.1117397554410786,0.0,0.0,-0.482803364193296,0.0,0
220019,0,0,0.4332862166024903,0.0368989457444073,10000.0,3.3057617873780485,0,26.0,1,2.0,-1.20715428718633,0.6364006787781795,-0.13107973067417975,1.0,0.0,-0.482803364193296,0.0,0
220020,0,0,0.3511622537662416,0.5625037798408646,46538.89,2.1177678018465853,0,42.0,0,2.0,-0.3037588069248943,1.8147340639085865,-0.13107973067417975,0.0,0.0,-0.482803364193296,0.0,0
220021,2,2,0.7892426170697763,0.05680452552360973,0.0,0.03877832716652424,0,41.0,1,2.0,-0.5296076769902532,-0.07059935230006469,0.3174841665488719,1.0,3.0,-0.482803364193296,0.0,0
220022,0,0,0.19631174455762165,0.0,0.0,-1.149215658364939,0,0.0,0,2.0,0.9384099784345797,-1.2489327374304717,-0.13107973067417975,0.0,0.0,-0.482803364193296,0.0,0
220024,0,2,0.7319048695646574,0.0910782489472138,0.0,-0.8522171619820733,0,41.0,1,2.0,-1.0942298521536507,0.6364006787781795,-0.13107973067417975,0.0,0.0,-0.06767108840311596,0.0,0
220025,2,2,0.5154066618666242,0.43020811192804836,4046.86,-0.5552186655992074,0,34.0,1,1.0,-0.5296076769902532,0.4007340017520981,-0.13107973067417975,1.0,0.0,-0.482803364193296,0.0,0
220026,2,2,0.7652807204679237,0.14401919984320782,0.0,0.3357768235493901,0,34.0,1,2.0,-0.7554565470556122,-0.3062660293261461,-0.13107973067417975,1.0,0.0,-0.482803364193296,0.0,0
220027,2,2,0.6705256889490041,0.039196475561488295,8093.72,0.03877832716652424,0,34.0,0,2.0,0.1479389332058235,0.4007340017520981,-0.13107973067417975,1.0,0.0,-0.2060485136665093,0.0,0
220028,2,2,0.6077425417571469,0.3160023594842841,0.0,0.3357768235493901,0,26.0,1,2.0,-0.3037588069248943,-0.07059935230006469,0.7660480637719236,0.0,1.5,-0.482803364193296,0.0,0
220029,2,2,0.7381656969587386,0.06561755995586784,0.0,-0.8522171619820733,0,26.0,1,2.0,-1.0942298521536507,2.0504007409346676,0.7660480637719236,0.0,3.0,-0.482803364193296,0.0,0
220051,2,2,0.7144479386238162,0.267443242600737,8093.72,-0.5552186655992074,0,43.0,1,2.0,-1.3200787222190096,0.6364006787781795,-0.13107973067417975,0.0,0.0,-0.482803364193296,0.0,0
220052,2,2,0.573027939139067,0.0,0.0,-0.5552186655992074,1,43.0,1,2.0,1.3901077185652975,-0.3062660293261461,-0.13107973067417975,0.0,3.0,-0.482803364193296,0.0,0
220054,2,2,0.6302677493158525,0.013142906960394028,10117.15,-0.5552186655992074,0,42.0,0,2.0,0.5996366733365414,-0.3062660293261461,8.840198213786854,1.0,0.0,-0.482803364193296,0.0,0
220055,2,2,0.8125708724884162,0.1364755785644023,0.0,0.03877832716652424,1,41.0,1,2.0,-0.9813054171209711,-0.3062660293261461,-0.13107973067417975,1.0,3.0,0.555027325282154,0.0,0
220056,0,2,0.6696383498640004,0.29743087368484655,0.0,-0.8522171619820733,0,26.0,1,2.0,-0.7554565470556122,-0.07059935230006469,-0.13107973067417975,0.0,0.0,0.34746118738706405,0.0,0
220057,2,2,0.8097680929634539,0.023461455155781928,0.0,0.9297738163151218,0,26.0,1,2.0,-0.5296076769902532,-0.3062660293261461,-0.13107973067417975,0.0,3.0,0.9009708884406373,0.0,0
220059,0,2,0.48201562736439724,0.08666402561036649,0.0,0.03877832716652424,0,42.0,0,2.0,0.8254855434019003,-0.07059935230006469,-0.13107973067417975,0.0,0.0,0.07070633686027739,0.0,0
220060,2,2,0.7541046076060236,0.14217861982108884,12140.58,-0.8522171619820733,0,24.0,0,2.0,-0.9813054171209711,-0.07059935230006469,5.25168703600244,1.0,3.0,-0.482803364193296,0.0,0
220111,0,0,0.1888202533096505,0.9064868196816418,12140.58,0.03877832716652424,0,21.0,1,2.0,0.2608633682385029,0.1650673247260167,-0.13107973067417975,0.0,0.0,-0.482803364193296,0.0,0
220112,2,2,0.6350408589663786,0.18986884312582408,12140.58,-0.2582201692163416,0,34.0,1,2.0,-0.7554565470556122,0.1650673247260167,-0.13107973067417975,1.0,0.0,-0.482803364193296,0.0,0
220113,0,0,0.3650830054441833,0.24382215611932653,16187.44,0.9297738163151218,1,34.0,1,2.0,-1.0942298521536507,-0.3062660293261461,-0.13107973067417975,0.0,3.0,-0.482803364193296,0.0,0
220114,0,0,0.18821066476125617,0.008791970800599333,0.0,2.1177678018465853,0,16.0,0,1.0,0.5996366733365414,-0.07059935230006469,-0.13107973067417975,0.0,0.0,-0.482803364193296,0.0,0
220115,0,0,0.3032180281590339,0.3904439671933774,16187.44,0.6327753199322559,0,41.0,0,2.0,0.3737878032711824,0.4007340017520981,-0.13107973067417975,0.0,3.0,-0.2060485136665093,0.0,0
220116,0,0,0.30180376310156554,0.15178546391127845,4046.86,-0.8522171619820733,0,23.0,0,1.0,-0.1908343718922149,-0.07059935230006469,-0.13107973067417975,0.0,0.0,-0.27523722629820596,0.0,0
220117,0,0,0.41285262549680907,0.23955538520505942,8093.72,0.03877832716652424,0,42.0,0,2.0,-0.4166832419575738,0.8720673558042609,-0.13107973067417975,1.0,0.0,-0.482803364193296,0.0,0
220118,0,2,0.511637229597929,0.08646325651331335,20234.3,-0.5552186655992074,0,42.0,1,2.0,-0.6425321120229327,-0.5419327063522275,-0.13107973067417975,1.0,0.0,-0.27523722629820596,0.0,0
220119,2,2,0.6110992569275518,0.08172891685834044,8093.72,-0.5552186655992074,0,15.0,0,2.0,-1.0942298521536507,0.1650673247260167,-0.13107973067417975,0.0,0.0,-0.482803364193296,0.0,0
220120,0,0,0.27225730346972754,0.12058367815498645,16187.44,2.1177678018465853,0,34.0,0,2.0,1.7288810236633358,0.8720673558042609,-0.13107973067417975,0.0,0.0,0.555027325282154,0.0,0
229002,0,0,0.17586337663809035,0.027174122245007194,14164.01,0.6327753199322559,0,34.0,0,0.0,0.2608633682385029,0.8720673558042609,-0.13107973067417975,1.0,0.0,0.9009708884406373,0.0,0
229003,0,0,0.2883685867550591,0.11860218849276385,12140.58,-0.2582201692163416,0,26.0,1,0.0,-1.0942298521536507,-0.5419327063522275,-0.13107973067417975,1.0,0.0,1.2469144515991206,0.0,0
229004,2,2,0.7037774621357274,0.0,28328.02,0.03877832716652424,0,26.0,1,2.0,-0.9813054171209711,-0.7775993833783089,-0.13107973067417975,0.0,0.0,1.2469144515991206,0.0,0
229005,2,2,0.7318900220773262,0.1142711432350231,32374.88,0.6327753199322559,0,26.0,1,2.0,-0.8683809820882916,0.4007340017520981,-0.13107973067417975,0.0,0.0,1.2469144515991206,0.0,0
229007,0,0,0.25512178832701754,0.0050635760099021045,28328.02,1.8207693054637193,0,0.0,0,1.0,-0.6425321120229327,-0.07059935230006469,-0.13107973067417975,1.0,0.0,-0.482803364193296,0.0,0
229009,2,2,0.787690289518043,0.32841062043921504,0.0,-0.5552186655992074,0,26.0,0,2.0,-0.8683809820882916,0.1650673247260167,0.09320221793734608,0.0,0.0,3.9452742442352906,0.0,0
229010,0,0,0.2281463743194522,0.15785485772015492,16187.44,-0.2582201692163416,1,26.0,0,1.0,-0.07790993685953543,0.6364006787781795,-0.13107973067417975,1.0,0.0,0.9009708884406373,0.0,0
229011,0,0,0.31671462488036484,0.04955128558057589,4046.86,-0.2582201692163416,0,0.0,0,2.0,0.8254855434019003,-0.3062660293261461,-0.13107973067417975,0.0,0.0,-0.482803364193296,0.0,0
229012,2,2,0.6618155473480133,0.0,28328.02,-0.8522171619820733,1,26.0,0,2.0,-0.7554565470556122,-0.07059935230006469,0.22777138710426162,0.0,0.0,5.070594060833525,0.0,0
229014,0,0,0.27430888021892136,0.10917507314729902,12140.58,-0.5552186655992074,0,0.0,0,1.0,-0.8683809820882916,-0.07059935230006469,-0.13107973067417975,0.0,0.0,-0.482803364193296,0.0,0
229015,2,2,0.5763747593357272,0.0,20234.3,-0.2582201692163416,0,0.0,0,2.0,-0.9813054171209711,-1.2489327374304717,-0.13107973067417975,0.0,0.0,1.5928580147576041,0.0,0
229016,0,2,0.5036995194600605,0.03197941278273563,12140.58,-1.446214154747805,0,13.0,0,2.0,-1.3200787222190096,-0.3062660293261461,-0.13107973067417975,0.0,0.0,1.9388015779160874,0.0,0
229017,0,0,0.2701369902589805,0.11016084186815893,12140.58,-0.8522171619820733,0,0.0,0,1.0,-1.3200787222190096,-0.07059935230006469,-0.13107973067417975,0.0,0.0,-0.482803364193296,0.0,0
229018,2,2,0.6843334999582907,0.23456078193827135,24281.16,0.3357768235493901,0,42.0,1,2.0,-0.8683809820882916,0.1650673247260167,-0.13107973067417975,0.0,3.0,0.555027325282154,0.0,0
229020,0,2,0.534814829485447,0.024572037021869116,12140.58,0.3357768235493901,1,26.0,0,2.0,-0.1908343718922149,0.1650673247260167,-0.13107973067417975,1.0,0.0,2.2847451410745707,0.0,0
229021,2,2,0.6692746374915425,0.037391564463057136,12140.58,-0.5552186655992074,0,24.0,0,2.0,-1.20715428718633,0.1650673247260167,-0.13107973067417975,1.0,3.0,0.20908376212367072,0.0,0
229023,2,2,0.7789501367262899,0.058687742086936105,20234.3,-0.2582201692163416,0,0.0,1,2.0,-0.9813054171209711,-0.07059935230006469,0.7660480637719236,0.0,0.0,1.5928580147576041,0.0,0
229024,0,2,0.5925847690306343,0.11406410402646287,16187.44,-0.5552186655992074,0,0.0,1,2.0,-0.9813054171209711,-0.3062660293261461,0.5417661151603977,0.0,0.0,-0.482803364193296,0.0,0
229025,2,2,0.6211668878665622,0.039780872116721155,12140.58,-0.8522171619820733,0,21.0,1,2.0,-0.9813054171209711,-0.07059935230006469,-0.13107973067417975,0.0,0.0,-0.482803364193296,0.0,0
229026,2,2,0.5847266439367387,0.040633223613466815,20234.3,-0.2582201692163416,0,26.0,0,2.0,-0.6425321120229327,0.1650673247260167,0.3174841665488719,0.0,0.0,-0.482803364193296,0.0,0
229028,0,0,0.40799994172321347,0.03139142860805282,10117.15,0.6327753199322559,0,26.0,0,2.0,-0.9813054171209711,2.757400772012912,-0.13107973067417975,0.0,0.0,-0.482803364193296,0.0,0
229029,0,0,0.22106802651610077,0.25872340425531914,0.0,-1.149215658364939,0,0.0,0,1.0,-1.3200787222190096,-0.07059935230006469,-0.13107973067417975,0.0,0.0,-0.482803364193296,0.0,0
229031,2,2,0.810996968690738,0.07548078920892483,36421.74,-0.2582201692163416,0,26.0,1,2.0,-0.7554565470556122,0.1650673247260167,-0.13107973067417975,0.0,0.0,-0.482803364193296,0.0,0
229032,2,2,0.6913990555676855,0.3333707687148299,24281.16,0.03877832716652424,0,26.0,0,2.0,-0.9813054171209711,0.1650673247260167,0.3174841665488719,1.0,0.0,-0.482803364193296,0.0,0
229033,0,0,0.21618462160280139,0.20935831675913325,4046.86,-1.149215658364939,0,0.0,0,1.0,-0.9813054171209711,-0.07059935230006469,-0.13107973067417975,0.0,0.0,-0.482803364193296,0.0,0
229035,2,2,0.7690612884849415,0.07907924238792326,12140.58,1.2267723126979877,0,26.0,1,2.0,-0.7554565470556122,0.1650673247260167,8.840198213786854,0.0,0.0,-0.482803364193296,0.0,0
229036,0,0,0.3170809976857271,0.24006457206062598,22257.73,-0.5552186655992074,0,26.0,0,1.0,-1.0942298521536507,0.1650673247260167,-0.13107973067417975,0.0,0.0,-0.482803364193296,0.0,0
229039,0,2,0.5099193376368318,0.16909074867009857,36421.74,-0.8522171619820733,1,41.0,0,2.0,-0.4166832419575738,2.9930674490389935,-0.13107973067417975,0.0,0.0,1.2469144515991206,0.0,0
229040,2,2,0.7010263868409435,0.0,0.0,-1.149215658364939,0,26.0,1,2.0,-1.0942298521536507,-0.3062660293261461,-0.13107973067417975,0.0,0.0,-0.482803364193296,0.0,0
229041,0,0,0.361182739349798,0.0,12140.58,-0.2582201692163416,0,0.0,1,1.0,-0.6425321120229327,0.1650673247260167,-0.13107973067417975,1.0,0.0,-0.482803364193296,0.0,0
229042,2,2,0.6459384461985627,0.5503198734264291,0.0,0.3357768235493901,1,34.0,1,2.0,-0.1908343718922149,-1.2489327374304717,1.663175858218027,0.0,3.0,0.9009708884406373,0.0,0
229044,0,2,0.5298172221450992,0.34390479787584427,0.0,0.03877832716652424,0,26.0,1,2.0,-1.0942298521536507,0.4007340017520981,-0.13107973067417975,1.0,0.0,-0.482803364193296,0.0,0
229046,2,2,0.7180922584914944,0.034013605442176874,0.0,-0.2582201692163416,0,16.0,1,2.0,0.2608633682385029,-0.3062660293261461,-0.13107973067417975,0.0,0.0,-0.482803364193296,0.0,0
229047,0,2,0.6471363023965688,0.022572140561233703,0.0,-0.2582201692163416,0,41.0,1,2.0,-0.8683809820882916,0.4007340017520981,-0.13107973067417975,0.0,0.0,-0.482803364193296,0.0,0
229049,2,2,0.7758747657037168,0.05127679212388473,8093.72,-0.5552186655992074,0,26.0,1,2.0,-0.07790993685953543,0.1650673247260167,-0.13107973067417975,0.0,0.0,-0.06767108840311596,0.0,0
229050,2,2,0.5196476627149079,0.0,0.0,-0.2582201692163416,0,26.0,1,2.0,-0.6425321120229327,-1.2489327374304717,-0.13107973067417975,0.0,3.0,-0.482803364193296,0.0,0
229051,0,2,0.531314992485842,0.27749469392780624,8093.72,0.3357768235493901,0,41.0,0,2.0,-0.3037588069248943,0.6364006787781795,-0.13107973067417975,1.0,0.0,0.20908376212367072,0.0,0
229052,2,2,0.7900472565561215,0.009024727754046086,0.0,0.03877832716652424,0,41.0,1,2.0,-0.7554565470556122,0.6364006787781795,-0.13107973067417975,1.0,0.0,0.20908376212367072,0.0,0
229053,2,2,0.6952495213443797,0.12074378169524269,0.0,0.3357768235493901,1,26.0,1,2.0,-0.07790993685953543,-0.3062660293261461,-0.13107973067417975,0.0,3.0,0.555027325282154,0.0,0
229056,2,2,0.613442001677526,0.013913043478260868,12140.58,-0.5552186655992074,1,26.0,0,2.0,-0.7554565470556122,-0.07059935230006469,-0.13107973067417975,0.0,3.0,0.20908376212367072,0.0,0
229057,0,0,0.22389065807212372,0.12642378483539937,0.0,0.3357768235493901,0,26.0,0,2.0,1.6159565886306564,1.3434007098564238,4.5788411901678625,0.0,0.0,-0.482803364193296,0.0,5
229058,0,0,0.3640890495265443,0.0,0.0,-1.149215658364939,0,26.0,0,2.0,-0.9813054171209711,-1.2489327374304717,-0.13107973067417975,0.0,0.0,-0.482803364193296,0.0,0
229059,2,0,0.36366619107892184,0.0,0.0,-1.149215658364939,0,0.0,1,2.0,-1.0942298521536507,-1.2489327374304717,-0.13107973067417975,0.0,0.0,-0.482803364193296,0.0,0
229060,0,0,0.18586684366689007,1.6174175212299329,0.0,-0.2582201692163416,0,26.0,0,2.0,0.2608633682385029,0.4007340017520981,-0.13107973067417975,1.0,0.0,-0.482803364193296,0.0,0
229061,2,2,0.7831582570104265,0.016960409896339873,0.0,-1.149215658364939,0,25.0,1,2.0,-1.0942298521536507,0.1650673247260167,-0.13107973067417975,0.0,0.0,-0.06767108840311596,0.0,0
229063,0,0,0.3846689222655306,0.18648622397772527,0.0,0.3357768235493901,0,34.0,1,2.0,0.2608633682385029,0.4007340017520981,-0.13107973067417975,0.0,0.0,-0.482803364193296,0.0,0
229064,2,2,0.6465434377042282,0.0,12140.58,0.03877832716652424,0,42.0,0,2.0,-0.7554565470556122,-0.07059935230006469,5.25168703600244,0.0,3.0,-0.482803364193296,0.0,0
229065,2,2,0.6995941698130177,0.05439193747622246,0.0,1.5237708090808535,0,26.0,1,2.0,0.2608633682385029,-0.07059935230006469,-0.13107973067417975,0.0,3.0,0.20908376212367072,0.0,0
229070,0,0,0.3936438903048031,0.0,12140.58,-0.5552186655992074,0,26.0,0,2.0,-0.4166832419575738,0.4007340017520981,7.045942624894646,0.0,3.0,-0.482803364193296,0.0,0
229071,2,2,0.5695681530082523,0.12773023374632775,0.0,-1.446214154747805,0,16.0,1,2.0,-1.433003157251689,-1.2489327374304717,-0.13107973067417975,0.0,0.0,-0.482803364193296,0.0,0
229087,0,2,0.6217007141608267,0.04883858689487415,16187.44,1.8207693054637193,1,26.0,1,2.0,0.1479389332058235,0.8720673558042609,-0.13107973067417975,0.0,0.0,3.6685193937085043,0.0,0
229090,0,0,0.3734105032134342,0.007302081984698432,26304.59,-0.2582201692163416,0,13.0,0,2.0,-0.8683809820882916,1.1077340328303422,-0.13107973067417975,0.0,0.0,-0.482803364193296,0.0,0
229094,0,0,0.2961803014860782,0.6973251323129739,8093.72,-0.5552186655992074,0,26.0,0,2.0,-0.1908343718922149,0.4007340017520981,-0.13107973067417975,0.0,0.0,-0.482803364193296,0.0,0
230072,2,0,0.24617005999010788,0.2577966305480718,8234.220000000001,0.03877832716652424,0,26.0,0,1.0,0.7125611083692208,-1.2489327374304717,-0.13107973067417975,0.0,0.0,-0.482803364193296,0.0,0
230074,0,0,0.16459122485378874,0.0,4046.86,0.9297738163151218,0,43.0,0,0.0,1.7288810236633358,-1.2489327374304717,-0.13107973067417975,0.0,0.0,-0.482803364193296,0.0,0
230076,0,0,0.12286114658486236,1.724574654097274,4046.86,1.8207693054637193,0,42.0,0,2.0,2.0676543287613747,-0.3062660293261461,-0.13107973067417975,0.0,0.0,-0.482803364193296,0.0,0
230078,0,0,0.09541986316001783,0.0051528361949881,8357.720000000001,0.03877832716652424,0,34.0,0,0.0,1.277183283532618,-1.2489327374304717,-0.13107973067417975,0.0,0.0,-0.482803364193296,0.0,0
230088,2,2,0.5082102859917653,0.17009998986093325,12140.58,-0.5552186655992074,0,26.0,0,2.0,2.6322765039247717,1.8147340639085865,-0.13107973067417975,0.0,0.0,0.20908376212367072,0.0,5
230089,0,0,0.3351329809169517,0.0,8093.72,-0.2582201692163416,0,34.0,0,2.0,0.5996366733365414,-0.3062660293261461,-0.13107973067417975,0.0,0.0,-0.482803364193296,0.0,0
230091,2,0,0.408803405393567,0.2933128739330249,8093.72,1.5237708090808535,0,0.0,0,0.0,-0.6425321120229327,0.1650673247260167,-0.13107973067417975,0.0,0.0,-0.482803364193296,0.0,0
230092,0,0,0.3724840095717858,0.20630822635681714,56421.74,0.9297738163151218,1,0.0,1,1.0,-0.3037588069248943,0.4007340017520981,-0.13107973067417975,0.0,0.0,2.2847451410745707,0.0,0
230093,0,0,0.2447337656937918,0.20655496659928957,8093.72,1.5237708090808535,1,0.0,0,0.0,0.3737878032711824,0.4007340017520981,-0.13107973067417975,0.0,0.0,1.5928580147576041,0.0,0
230095,0,0,0.05871782401159914,0.46838354360183043,8093.72,0.9297738163151218,0,0.0,0,0.0,0.7125611083692208,1.3434007098564238,-0.13107973067417975,0.0,0.0,-0.482803364193296,0.0,0
230097,2,2,0.574448335547792,0.07533814042428545,38093.72,2.1177678018465853,0,26.0,1,1.0,-0.4166832419575738,-0.07059935230006469,-0.13107973067417975,0.0,0.0,-0.482803364193296,0.0,0
230098,0,0,0.14321569120218683,0.40612531322091083,8093.72,-0.2582201692163416,1,0.0,0,0.0,-0.3037588069248943,0.6364006787781795,-0.13107973067417975,0.0,0.0,0.555027325282154,0.0,0
230099,0,0,0.14908903272529742,0.012925281060376508,8093.72,2.414766298229451,0,0.0,0,0.0,-0.6425321120229327,0.4007340017520981,-0.13107973067417975,0.0,0.0,-0.482803364193296,0.0,0
239002,0,0,0.41882590657154983,0.04352067804926683,8093.72,-0.5552186655992074,0,0.0,0,2.0,-0.7554565470556122,0.1650673247260167,-0.13107973067417975,0.0,0.0,-0.482803364193296,0.0,0
239003,0,0,0.11499611691911177,2.071629420861291,12140.58,1.5237708090808535,1,26.0,0,0.0,-0.1908343718922149,0.6364006787781795,-0.13107973067417975,0.0,0.0,0.9009708884406373,0.0,0
239004,0,0,0.1691626162358315,0.053342680667402546,12140.58,-1.149215658364939,0,0.0,0,1.0,-0.1908343718922149,0.1650673247260167,-0.13107973067417975,0.0,0.0,-0.482803364193296,0.0,0
239005,0,0,0.0982649524238562,0.08150990837379289,8093.72,0.6327753199322559,0,0.0,0,0.0,0.03501449817314403,1.1077340328303422,-0.13107973067417975,0.0,0.0,-0.482803364193296,0.0,0
239009,0,0,0.34794389442443263,1.1145924926003443,4046.86,0.6327753199322559,1,0.0,0,2.0,-0.07790993685953543,0.1650673247260167,-0.13107973067417975,0.0,1.3333333333333333,5.070594060833525,0.0,0
239010,0,0,0.09838604182009802,0.4515319506226549,8093.72,-0.5552186655992074,0,0.0,0,0.0,-0.7554565470556122,1.1077340328303422,-0.13107973067417975,0.0,0.0,-0.482803364193296,0.0,0
239012,0,0,0.25875451446276926,0.29063869988422847,26.0,-0.2582201692163416,1,0.0,0,0.0,-0.7554565470556122,0.8720673558042609,-0.13107973067417975,0.0,0.0,0.9009708884406373,0.0,0
239013,0,0,0.27092665061514226,0.13004140503618666,20000.0,-0.2582201692163416,0,34.0,0,2.0,0.3737878032711824,0.1650673247260167,-0.13107973067417975,0.0,0.0,-0.482803364193296,0.0,0
239014,0,0,0.17685255719874649,0.35549235691432635,16187.44,0.03877832716652424,0,26.0,0,2.0,1.503032153597977,0.1650673247260167,-0.13107973067417975,0.0,0.0,-0.482803364193296,0.0,0
239016,0,0,0.26714074551684064,0.17858205845586048,0.0,0.6327753199322559,0,26.0,0,2.0,1.051334413467259,0.1650673247260167,-0.13107973067417975,0.0,0.0,-0.482803364193296,0.0,0
239017,0,0,0.27153906872560984,0.2845960907607686,12269.08,1.2267723126979877,0,21.0,0,2.0,0.2608633682385029,0.1650673247260167,-0.13107973067417975,0.0,0.0,-0.482803364193296,0.0,0
239018,0,0,0.2065687096154786,0.4074545686091889,16187.44,0.9297738163151218,0,16.0,0,2.0,0.3737878032711824,0.1650673247260167,-0.13107973067417975,0.0,0.0,-0.482803364193296,0.0,0
239021,0,0,0.12247031298942619,1.145962936284461,6070.29,0.3357768235493901,0,11.0,0,2.0,1.6159565886306564,0.4007340017520981,-0.13107973067417975,0.0,1.0,-0.482803364193296,0.0,0
239022,0,0,0.17009434339486085,0.0934137790819074,8093.72,0.3357768235493901,0,16.0,0,0.0,-0.6425321120229327,0.6364006787781795,-0.13107973067417975,0.0,0.0,-0.482803364193296,0.0,0
239024,0,0,0.08475233401835887,0.4367085535895745,12140.58,-0.2582201692163416,0,14.0,0,0.0,-0.3037588069248943,-1.2489327374304717,-0.13107973067417975,0.0,0.0,-0.482803364193296,0.0,0
239025,2,2,0.6226530975880981,0.1537776174477981,14046.86,0.9297738163151218,1,43.0,0,2.0,3.5356719841862074,0.1650673247260167,-0.13107973067417975,0.0,0.0,5.070594060833525,0.0,0
239026,0,0,0.1010043461176986,2.3603067509037485,8668.0,0.03877832716652424,1,42.0,1,0.0,0.03501449817314403,0.6364006787781795,-0.13107973067417975,0.0,0.0,0.9009708884406373,0.0,0
239033,2,2,0.5348083299379498,0.03552294516102462,0.0,-0.2582201692163416,0,25.0,0,2.0,-0.1908343718922149,-1.2489327374304717,-0.13107973067417975,0.0,0.0,-0.482803364193296,0.0,0
239037,0,0,0.21364145637838505,0.016398186553487026,4046.86,-0.5552186655992074,0,42.0,0,2.0,2.5193520688920925,0.4007340017520981,-0.13107973067417975,0.0,0.0,-0.482803364193296,0.0,0
239047,2,0,0.44068919838778237,0.08158250116656514,0.0,0.3357768235493901,0,41.0,0,2.0,0.3737878032711824,-0.3062660293261461,-0.13107973067417975,0.0,0.0,-0.482803364193296,0.0,0
239049,2,2,0.5161976856360851,0.04685450115574436,4259.18,0.03877832716652424,1,0.0,0,1.0,-0.5296076769902532,-0.3062660293261461,-0.13107973067417975,0.0,0.0,-0.482803364193296,0.0,0
239050,2,2,0.5336641713030525,0.09281603861147206,453.25,0.3357768235493901,0,0.0,0,1.0,0.3737878032711824,-0.3062660293261461,-0.13107973067417975,0.0,0.0,-0.482803364193296,0.0,0
239052,0,0,0.29929310738656584,0.7174239199385682,4046.86,1.2267723126979877,1,0.0,0,0.0,-1.0942298521536507,0.6364006787781795,-0.13107973067417975,0.0,0.0,1.2469144515991206,0.0,0
239053,0,2,0.5603761750866119,0.15730847231513934,27103.7,1.2267723126979877,1,26.0,0,0.0,-0.8683809820882916,0.8720673558042609,-0.13107973067417975,0.0,0.0,1.5928580147576041,0.0,0
239054,0,0,0.10409463428634635,0.5596873242086567,0.0,-1.149215658364939,0,16.0,0,0.0,0.1479389332058235,0.1650673247260167,-0.13107973067417975,0.0,0.0,-0.482803364193296,0.0,0
239062,0,0,0.3698859245913393,0.0,4046.86,0.3357768235493901,0,16.0,1,1.0,0.48671223830386184,-0.07059935230006469,-0.13107973067417975,0.0,0.0,0.9009708884406373,0.0,0
239064,0,0,0.39354008361844944,0.0,42281.08,2.711764794612317,0,41.0,0,2.0,0.8254855434019003,0.4007340017520981,-0.13107973067417975,0.0,0.0,-0.482803364193296,0.0,0
239077,2,0,0.3953738974948477,0.09179770743851956,0.0,-0.2582201692163416,1,16.0,1,0.0,0.9384099784345797,-1.2489327374304717,-0.13107973067417975,2.0,0.0,-0.482803364193296,0.0,0
239084,0,0,0.41733589615171907,0.0,2629.5,0.3357768235493901,0,43.0,1,2.0,1.051334413467259,-0.5419327063522275,0.7660480637719236,3.0,0.0,-0.482803364193296,0.0,0
239085,0,0,0.3263273250729947,0.14181178739576833,4046.86,-0.2582201692163416,0,26.0,0,2.0,-0.07790993685953543,0.4007340017520981,-0.13107973067417975,0.0,0.0,0.555027325282154,0.0,0
239086,0,0,0.20855286131380588,0.5397176912558387,8093.72,0.6327753199322559,1,26.0,0,2.0,0.1479389332058235,0.8720673558042609,-0.13107973067417975,0.0,0.0,0.20908376212367072,0.0,0
239087,0,0,0.3981777604144752,0.6295247088448221,8221.92,-1.149215658364939,0,0.0,0,2.0,-1.0942298521536507,0.1650673247260167,-0.13107973067417975,0.0,0.0,0.555027325282154,0.0,0
239088,0,0,0.2980437462914003,0.4699202058819785,16187.44,0.03877832716652424,0,26.0,1,2.0,0.03501449817314403,0.1650673247260167,-0.13107973067417975,0.0,0.0,0.20908376212367072,0.0,0
239089,0,0,0.19492287511554088,0.6129040084922354,12140.58,-0.5552186655992074,0,26.0,0,1.0,-0.1908343718922149,0.6364006787781795,-0.13107973067417975,0.0,0.0,0.20908376212367072,0.0,0
239090,0,0,0.23578131260876778,0.6810829218457347,8093.72,0.6327753199322559,0,16.0,0,2.0,-0.07790993685953543,0.1650673247260167,-0.13107973067417975,0.0,0.0,0.555027325282154,0.0,0
239092,0,0,0.30244296745540145,0.30584896903585024,0.0,-1.446214154747805,0,0.0,0,2.0,-1.0942298521536507,-1.2489327374304717,-0.13107973067417975,0.0,0.0,-0.482803364193296,0.0,0
239095,0,0,0.29203171444920956,0.46051540884558,7284.348,-1.149215658364939,0,0.0,1,2.0,0.2608633682385029,0.6364006787781795,-0.13107973067417975,0.0,0.0,1.5928580147576041,0.0,0
239096,0,0,0.2666404536150196,0.45545702070279714,28328.02,0.03877832716652424,0,26.0,0,2.0,-0.07790993685953543,0.6364006787781795,-0.13107973067417975,0.0,0.0,0.20908376212367072,0.0,0
239097,0,0,0.26209737585466947,0.0,4046.86,-0.8522171619820733,1,26.0,0,0.0,0.03501449817314403,0.4007340017520981,-0.13107973067417975,2.0,1.5,1.5928580147576041,0.0,0
239099,0,0,0.11180039657380318,0.0,0.0,0.3357768235493901,1,42.0,0,0.0,3.561644604243726,-0.5419327063522275,2.5603036526641305,0.0,3.0,-0.13685980103481263,0.0,0
239104,0,0,0.1393125996096244,0.5639776213679841,4046.86,0.03877832716652424,1,42.0,0,0.0,0.3737878032711824,0.6364006787781795,-0.13107973067417975,0.0,0.0,-0.13685980103481263,0.0,0
239106,2,0,0.3949318865337161,0.0,16187.44,0.3357768235493901,0,43.0,0,1.0,2.5193520688920925,0.8720673558042609,-0.13107973067417975,0.0,0.0,-0.482803364193296,0.0,0
239123,0,0,0.16458882688663123,0.07813895338453294,18093.72,-0.5552186655992074,1,42.0,0,0.0,1.1642588484999385,0.4007340017520981,-0.13107973067417975,0.0,0.0,2.2847451410745707,0.0,0
239124,2,0,0.44004922913889066,0.05427548144705516,16187.44,0.3357768235493901,0,14.0,0,2.0,0.3737878032711824,0.1650673247260167,-0.13107973067417975,0.0,0.0,-0.482803364193296,0.0,0
239125,2,2,0.5670565997057135,0.12150303437170636,0.0,0.3357768235493901,1,43.0,1,2.0,0.03501449817314403,0.1650673247260167,-0.13107973067417975,0.0,0.0,-0.482803364193296,0.0,0
239129,0,0,0.1367017392088355,0.9907469907213605,12140.58,0.3357768235493901,1,26.0,0,0.0,0.03501449817314403,1.1077340328303422,-0.13107973067417975,2.0,0.0,2.2847451410745707,0.0,0
239130,0,0,0.06398318475661363,2.7165410036456583,174.82,-0.5552186655992074,0,42.0,0,0.0,0.3737878032711824,-1.2489327374304717,-0.13107973067417975,0.0,0.0,-0.482803364193296,0.0,0
239131,0,0,0.06161929628014512,2.7165410036456583,8093.72,-0.8522171619820733,1,22.0,0,0.0,-0.07790993685953543,0.8720673558042609,-0.13107973067417975,0.0,0.0,1.5928580147576041,0.0,0
239136,0,0,0.22764036130277607,0.47372375724187704,0.0,0.3357768235493901,0,0.0,1,1.0,-0.4166832419575738,0.6364006787781795,-0.13107973067417975,0.0,0.0,-0.482803364193296,0.0,0
239142,0,0,0.19789247092430653,0.5633161001361336,0.0,-0.2582201692163416,0,16.0,0,2.0,-0.4166832419575738,0.4007340017520981,-0.13107973067417975,0.0,0.0,-0.482803364193296,0.0,0
239143,0,0,0.1509211666305911,1.0186979118614878,14046.86,-0.5552186655992074,0,12.0,0,2.0,0.1479389332058235,0.1650673247260167,-0.13107973067417975,0.0,0.0,-0.482803364193296,0.0,0
239144,2,0,0.3935971563171868,0.8648866810398351,8093.72,0.9297738163151218,0,41.0,1,2.0,1.1642588484999385,0.1650673247260167,-0.13107973067417975,0.0,0.0,-0.482803364193296,0.0,0
239148,0,0,0.11277919060017098,0.0,76.83,-0.5552186655992074,0,43.0,0,0.0,2.2935031988267336,-1.2489327374304717,-0.13107973067417975,0.0,0.0,-0.482803364193296,0.0,0
239150,0,0,0.046287470844399985,2.7165410036456583,30000.0,0.6327753199322559,0,26.0,0,0.0,2.180578763794054,0.4007340017520981,-0.13107973067417975,0.0,0.0,-0.482803364193296,0.0,0
239151,2,2,0.5132348356255628,0.15884922561002515,14046.86,0.6327753199322559,0,34.0,0,2.0,0.48671223830386184,0.1650673247260167,-0.13107973067417975,0.0,0.0,-0.482803364193296,0.0,0
239161,0,0,0.07852294928930519,1.444604343990628,3237.4880000000003,0.03877832716652424,0,41.0,0,2.0,3.561644604243726,0.1650673247260167,-0.13107973067417975,0.0,0.0,-0.482803364193296,0.0,0
239165,0,0,0.21430006243354152,0.6242904231117351,0.0,0.3357768235493901,1,42.0,0,2.0,0.3737878032711824,1.1077340328303422,-0.13107973067417975,0.0,0.0,-0.482803364193296,0.0,0
239167,0,0,0.112062206333715,0.05918688493787726,60000.0,0.3357768235493901,0,26.0,0,0.0,1.3901077185652975,-0.07059935230006469,-0.13107973067417975,0.0,0.0,-0.482803364193296,0.0,0
239168,0,0,0.18795610586738673,0.8457471055114021,60000.0,2.414766298229451,0,41.0,1,0.0,-0.8683809820882916,0.6364006787781795,-0.13107973067417975,1.0,0.0,-0.482803364193296,0.0,0
239169,2,0,0.43771921844125367,1.1456831551332844,16187.44,-0.5552186655992074,1,1.0,0,1.0,-0.07790993685953543,0.4007340017520981,-0.13107973067417975,0.0,3.0,1.5928580147576041,0.0,0
239170,0,0,0.17922243722166478,1.0748891150552502,12140.58,-1.149215658364939,1,26.0,0,1.0,-1.0942298521536507,0.6364006787781795,-0.13107973067417975,0.0,3.0,0.20908376212367072,0.0,0
239171,0,0,0.33934455104474665,0.3377085350203751,20234.3,-0.8522171619820733,1,26.0,1,1.0,-1.20715428718633,0.8720673558042609,-0.13107973067417975,0.0,0.0,0.9009708884406373,0.0,0
239172,0,0,0.13676988416486968,0.17777942020239954,8093.72,-0.2582201692163416,0,3.0,0,0.0,-0.7554565470556122,3.935734157143319,-0.13107973067417975,0.0,0.0,-0.482803364193296,0.0,0
239173,2,0,0.36269391388779115,2.680390264822558,4046.86,-1.446214154747805,1,34.0,0,1.0,-0.9813054171209711,-0.3062660293261461,-0.13107973067417975,0.0,3.0,0.20908376212367072,0.0,0
239175,0,0,0.21662579639924065,1.51894888736994,10026.0,-0.2582201692163416,1,26.0,1,1.0,-0.7554565470556122,0.8720673558042609,-0.13107973067417975,0.0,0.0,0.20908376212367072,0.0,0
239176,0,0,0.06532155008812256,2.032520325203252,8093.72,0.6327753199322559,0,26.0,0,0.0,-0.5296076769902532,1.5790673868825051,-0.13107973067417975,0.0,0.0,-0.482803364193296,0.0,0
239177,0,0,0.13982326483138566,2.7165410036456583,8093.72,0.3357768235493901,1,26.0,0,1.0,-0.5296076769902532,0.8720673558042609,-0.13107973067417975,1.0,0.0,0.555027325282154,0.0,0
239180,0,0,0.2728702889584999,0.556986240346194,12140.58,0.3357768235493901,0,21.0,0,2.0,-0.7554565470556122,-0.07059935230006469,-0.13107973067417975,0.0,1.0,-0.482803364193296,0.0,0
239181,0,0,0.22484578081971493,0.3840518056343354,16187.44,-1.446214154747805,0,34.0,0,2.0,-1.0942298521536507,-1.2489327374304717,-0.13107973067417975,0.0,0.0,-0.482803364193296,0.0,0
239182,0,0,0.3395333365976055,0.1610088884038703,8093.72,-1.149215658364939,0,32.0,0,2.0,-0.8683809820882916,0.4007340017520981,-0.13107973067417975,0.0,1.0,-0.482803364193296,0.0,0
239183,0,0,0.4291546254796133,0.2553637660143933,8093.72,1.2267723126979877,1,34.0,0,2.0,-0.5296076769902532,0.4007340017520981,-0.13107973067417975,0.0,0.0,0.9009708884406373,0.0,0
239184,0,0,0.30355614802048975,0.5104181884989106,16187.44,0.6327753199322559,0,34.0,0,2.0,-0.6425321120229327,-0.07059935230006469,-0.13107973067417975,0.0,1.0,-0.482803364193296,0.0,0
239186,0,0,0.23487054447237185,0.2356558729740386,12140.58,-0.2582201692163416,0,34.0,0,1.0,-0.07790993685953543,0.6364006787781795,-0.13107973067417975,0.0,0.5,-0.482803364193296,0.0,0
239187,0,0,0.37738005033714145,0.2622040569369263,12140.58,0.6327753199322559,0,26.0,0,2.0,-0.8683809820882916,0.1650673247260167,-0.13107973067417975,0.0,0.5,-0.482803364193296,0.0,0
239188,0,0,0.21923582066608635,0.25738140503272966,12140.58,0.9297738163151218,0,34.0,0,2.0,0.2608633682385029,-1.2489327374304717,-0.13107973067417975,0.0,0.0,-0.482803364193296,0.0,0
239189,0,0,0.2422542553949676,0.26278270387483454,36421.74,0.3357768235493901,1,26.0,0,1.0,-0.3037588069248943,1.1077340328303422,-0.13107973067417975,0.0,0.4,0.20908376212367072,0.0,0
239190,0,0,0.1846528815560654,0.2587385840703748,12140.58,-1.149215658364939,0,0.0,0,1.0,-0.8683809820882916,0.1650673247260167,-0.13107973067417975,0.0,0.0,-0.482803364193296,0.0,0
239210,0,0,0.2959786053772268,0.0,0.0,0.03877832716652424,0,41.0,0,2.0,0.7125611083692208,-0.3062660293261461,-0.13107973067417975,0.0,0.0,-0.482803364193296,0.0,0
239211,0,0,0.09365214303331543,1.27733727331505,0.0,-0.2582201692163416,0,16.0,0,0.0,-1.0942298521536507,0.6364006787781795,-0.13107973067417975,0.0,0.0,-0.482803364193296,0.0,0
239213,0,0,0.12089798958390226,0.8509747492717651,8093.72,0.3357768235493901,1,26.0,0,0.0,-0.07790993685953543,0.4007340017520981,-0.13107973067417975,0.0,0.0,1.5928580147576041,0.0,0
239214,2,0,0.465104154699465,0.16145094912363434,16187.44,0.03877832716652424,1,11.0,0,1.0,-1.0942298521536507,-0.3062660293261461,-0.13107973067417975,0.0,0.0,-0.482803364193296,0.0,0
239216,0,0,0.21381001901390606,0.11986963346416885,52609.18,-0.5552186655992074,0,35.0,0,0.0,-0.7554565470556122,0.8720673558042609,-0.13107973067417975,0.0,0.0,-0.482803364193296,0.0,0
239218,2,0,0.285303513051717,0.2856832291879391,0.0,0.03877832716652424,0,3.0,0,1.0,-0.3037588069248943,0.6364006787781795,-0.13107973067417975,0.0,0.0,-0.482803364193296,0.0,0
239219,0,0,0.19642260636045492,0.5152058937058,24046.86,-0.8522171619820733,1,16.0,0,0.0,-0.8683809820882916,0.4007340017520981,-0.13107973067417975,0.0,0.0,1.5928580147576041,0.0,0
239221,0,0,0.1758086866765324,0.12085827972184002,4046.86,0.3357768235493901,0,12.0,0,0.0,-0.8683809820882916,0.6364006787781795,-0.13107973067417975,0.0,0.0,-0.482803364193296,0.0,0
239222,0,0,0.400208116142245,0.18452706396938218,0.0,0.3357768235493901,0,16.0,0,0.0,-0.7554565470556122,0.4007340017520981,-0.13107973067417975,0.0,0.0,1.5928580147576041,0.0,0
240118,0,0,0.22627732194094294,0.0,0.0,-0.5552186655992074,0,16.0,0,2.0,-0.4166832419575738,-1.2489327374304717,-0.13107973067417975,0.0,0.0,-0.482803364193296,0.0,3
249019,2,2,0.44494606240731,0.0,0.0,-0.5552186655992074,0,16.0,0,2.0,1.277183283532618,-1.2489327374304717,-0.13107973067417975,0.0,0.0,-0.482803364193296,0.0,4
249241,2,0,0.3568711528688188,0.0,0.0,-1.149215658364939,0,16.0,0,1.0,1.1642588484999385,-1.2489327374304717,-0.13107973067417975,0.0,0.0,-0.482803364193296,0.0,5
250011,0,0,0.08244063772934533,0.1715361264246452,0.0,0.03877832716652424,0,34.0,1,0.0,1.277183283532618,0.4007340017520981,-0.13107973067417975,0.0,0.0,-0.482803364193296,0.0,0
250012,0,0,0.09315835971737409,0.10634294297515433,3000.0,-0.5552186655992074,0,26.0,0,0.0,0.3737878032711824,0.4007340017520981,-0.13107973067417975,0.0,0.0,-0.482803364193296,0.0,0
250013,0,0,0.2252167769978847,0.01996712464108253,7100.0,-0.2582201692163416,0,43.0,1,0.0,-0.4166832419575738,-0.07059935230006469,-0.13107973067417975,0.0,0.0,-0.482803364193296,0.0,0
250014,0,0,0.13542983629869826,0.049222163524335255,0.0,-0.5552186655992074,0,42.0,0,0.0,1.051334413467259,-0.07059935230006469,-0.13107973067417975,0.0,0.0,-0.482803364193296,0.0,0
250015,2,2,0.6705803438904039,0.0965227673077387,0.0,0.3357768235493901,1,41.0,1,2.0,0.7125611083692208,2.9930674490389935,-0.13107973067417975,1.0,0.0,1.2469144515991206,0.0,2
250016,0,0,0.12165937699549205,0.5588569512490453,536.81,-0.2582201692163416,0,43.0,0,0.0,0.7125611083692208,0.4007340017520981,-0.13107973067417975,0.0,0.0,-0.482803364193296,0.0,0
250017,0,0,0.1260938051897047,0.8547008547008547,940.0,-0.2582201692163416,0,43.0,1,0.0,0.48671223830386184,0.4007340017520981,-0.13107973067417975,0.0,0.0,-0.482803364193296,0.0,0
250018,0,0,0.07709677698859785,0.6587446284390356,21456.0,3.3057617873780485,0,41.0,0,0.0,1.6159565886306564,0.4007340017520981,-0.13107973067417975,0.0,0.0,-0.482803364193296,0.0,0
250019,0,0,0.1257625195581752,0.0993105013761598,13500.0,0.9297738163151218,0,41.0,0,0.0,1.051334413467259,-0.07059935230006469,-0.13107973067417975,0.0,0.0,-0.482803364193296,0.0,0
250020,0,0,0.09743696540724582,0.1681121484795416,0.0,0.6327753199322559,0,41.0,0,0.0,0.9384099784345797,-0.3062660293261461,-0.13107973067417975,0.0,0.0,-0.482803364193296,0.0,0
259001,0,0,0.10500006828504486,0.03364307249684149,0.0,2.414766298229451,1,43.0,1,0.0,0.7125611083692208,-0.3062660293261461,-0.13107973067417975,1.0,3.0,-0.482803364193296,0.0,0
259002,0,0,0.09030306824773428,0.1664333478436857,0.0,1.5237708090808535,0,26.0,1,0.0,1.3901077185652975,0.6364006787781795,-0.13107973067417975,2.0,3.0,-0.482803364193296,0.0,0
259003,0,0,0.09771267497949326,0.08521113425487598,3490.5,0.3357768235493901,1,34.0,1,0.0,0.3737878032711824,0.1650673247260167,-0.13107973067417975,1.0,3.0,-0.482803364193296,0.0,0
259004,0,0,0.08736106406063038,0.1230219059596831,0.0,-0.5552186655992074,0,41.0,1,0.0,0.9384099784345797,0.1650673247260167,-0.13107973067417975,0.0,3.0,-0.482803364193296,0.0,0
259007,0,0,0.10808960861034848,0.05354213917916343,0.0,0.6327753199322559,0,26.0,0,0.0,0.1479389332058235,0.4007340017520981,-0.13107973067417975,0.0,3.0,-0.482803364193296,0.0,0
259008,0,2,0.49735399780679584,0.0804764204088202,0.0,0.3357768235493901,0,32.0,0,2.0,-0.5296076769902532,-0.3062660293261461,-0.13107973067417975,0.0,0.3333333333333333,-0.482803364193296,0.0,0
259009,0,0,0.30168315463171047,0.04968944099378882,0.0,-0.5552186655992074,1,26.0,1,0.0,-0.1908343718922149,-0.07059935230006469,-0.13107973067417975,0.0,1.5,3.5301419684451107,0.0,0
259010,0,0,0.07677634455838604,0.015447594037228701,0.0,0.03877832716652424,0,26.0,1,0.0,0.7125611083692208,0.1650673247260167,-0.13107973067417975,0.0,3.0,-0.482803364193296,0.0,0
259011,0,0,0.09420494592573236,0.0977122309656574,1918.9,-0.2582201692163416,0,26.0,0,0.0,0.7125611083692208,-0.07059935230006469,-0.13107973067417975,0.0,3.0,-0.482803364193296,0.0,0
259012,0,0,0.18831673109334524,0.1300882089091277,356.0,0.03877832716652424,0,35.0,0,0.0,-0.8683809820882916,-0.3062660293261461,-0.13107973067417975,0.0,3.0,-0.482803364193296,0.0,0
260081,0,0,0.17127063442933851,0.0,8093.72,0.6327753199322559,0,32.0,0,0.0,-0.5296076769902532,0.4007340017520981,-0.13107973067417975,1.0,0.0,-0.482803364193296,0.0,0
260082,0,0,0.29963087727798104,0.5104775517496618,4046.86,-1.446214154747805,0,0.0,0,2.0,-1.3200787222190096,-0.3062660293261461,-0.13107973067417975,0.0,0.0,-0.482803364193296,0.0,0
260083,2,2,0.7205754885478296,0.027106735481632477,15000.0,1.5237708090808535,0,51.0,1,2.0,-0.1908343718922149,0.1650673247260167,-0.13107973067417975,0.0,0.0,-0.482803364193296,0.0,0
260084,0,0,0.2578026192001244,0.11268512556342564,8093.72,-1.446214154747805,0,26.0,0,1.0,-0.6425321120229327,-0.5419327063522275,-0.13107973067417975,1.0,0.0,-0.482803364193296,1.0,0
260085,2,2,0.587077211251214,0.03788955195604812,4046.86,-1.446214154747805,0,26.0,0,2.0,-1.20715428718633,-0.5419327063522275,-0.13107973067417975,1.0,0.0,-0.482803364193296,0.0,0
260086,0,0,0.3943337644284533,0.044438801422041645,8093.72,-1.149215658364939,0,26.0,0,2.0,-0.6425321120229327,-0.5419327063522275,-0.13107973067417975,0.0,0.0,-0.482803364193296,0.0,0
260087,0,0,0.24141810963989754,1.1988251513516752,40000.0,0.03877832716652424,0,26.0,0,2.0,-0.4166832419575738,-0.3062660293261461,-0.13107973067417975,1.0,0.0,-0.482803364193296,0.0,0
260088,0,0,0.15373197841638733,0.33039978373832335,8093.72,-0.8522171619820733,0,0.0,0,0.0,-0.5296076769902532,0.4007340017520981,-0.13107973067417975,0.0,0.0,-0.482803364193296,0.0,0
260089,2,2,0.5432921140263434,0.10694771229120889,8093.72,0.03877832716652424,0,26.0,0,2.0,-0.3037588069248943,-0.3062660293261461,-0.13107973067417975,1.0,0.0,-0.482803364193296,0.0,0
260090,0,0,0.14574988832064437,0.0,12140.58,0.03877832716652424,0,41.0,1,0.0,0.1479389332058235,0.8720673558042609,-0.13107973067417975,0.0,0.0,-0.482803364193296,0.0,0
260116,0,2,0.6550525885630959,0.0,30000.0,0.9297738163151218,0,34.0,0,2.0,2.5193520688920925,-0.07059935230006469,-0.13107973067417975,2.0,0.0,1.2469144515991206,0.0,0
260117,0,2,0.49010034808895364,0.0,12140.58,1.2267723126979877,1,43.0,0,2.0,1.503032153597977,-0.5419327063522275,-0.13107973067417975,1.0,3.0,-0.27523722629820596,0.0,0
260151,0,0,0.2580429687294606,1.135267187354479,40234.3,-0.5552186655992074,1,26.0,0,2.0,-0.6425321120229327,-0.3062660293261461,-0.13107973067417975,0.0,0.0,0.20908376212367072,0.0,0
260152,0,0,0.11943703787759945,0.14949440171302336,20234.300000000003,1.5237708090808535,1,26.0,1,0.0,0.7125611083692208,0.6364006787781795,-0.13107973067417975,1.0,0.0,-0.482803364193296,0.0,0
260153,0,0,0.058840753223603194,0.1465789047526835,24046.86,0.6327753199322559,1,43.0,1,0.0,3.5356719841862074,0.4007340017520981,-0.13107973067417975,0.0,0.0,-0.482803364193296,0.0,0
260154,0,0,0.21136930748643126,0.25590447836046337,48093.72,-0.8522171619820733,1,26.0,0,0.0,-0.3037588069248943,0.4007340017520981,-0.13107973067417975,0.0,0.0,-0.13685980103481263,0.0,0
260155,0,0,0.43998270135295714,0.2947541978785009,48093.72,0.3357768235493901,0,26.0,0,2.0,0.2608633682385029,-0.07059935230006469,-0.13107973067417975,1.0,0.0,1.2469144515991206,0.0,0
260156,0,2,0.4747358159637864,0.06975623367069984,30000.0,0.3357768235493901,0,0.0,1,2.0,-0.1908343718922149,-0.07059935230006469,-0.13107973067417975,0.0,0.0,0.9009708884406373,0.0,0
260157,0,0,0.27476351296730134,0.06576784749950196,26304.59,-1.149215658364939,1,43.0,0,2.0,0.2608633682385029,-0.5419327063522275,-0.13107973067417975,0.0,0.0,-0.06767108840311596,0.0,0
260158,0,0,0.24080633881379077,0.05582710964444334,16187.44,0.6327753199322559,1,26.0,0,2.0,1.1642588484999385,-0.5419327063522275,-0.13107973067417975,0.0,0.0,-0.06767108840311596,0.0,0
260159,0,0,0.4276343588392577,0.020644810288709244,32374.88,0.3357768235493901,1,26.0,1,2.0,-0.1908343718922149,-0.5419327063522275,-0.13107973067417975,0.0,0.0,-0.06767108840311596,0.0,0
260160,0,0,0.3563546431821483,0.039194773165657504,30351.45,-0.2582201692163416,0,41.0,1,2.0,0.7125611083692208,-0.3062660293261461,-0.13107973067417975,0.0,0.0,-0.482803364193296,0.0,0
260161,0,0,0.21474551896527702,0.040436716538617065,4046.86,-0.5552186655992074,1,0.0,0,0.0,-0.9813054171209711,0.1650673247260167,-0.13107973067417975,1.0,0.0,-0.482803364193296,0.0,0
260162,0,0,0.37528678867493337,0.03339988981650224,12140.58,0.3357768235493901,0,0.0,0,2.0,0.2608633682385029,-0.5419327063522275,-0.13107973067417975,0.0,0.0,-0.482803364193296,0.0,0
260163,0,0,0.4226848318586611,0.011018925611594262,24281.16,-0.8522171619820733,1,22.0,0,2.0,0.03501449817314403,-0.5419327063522275,-0.13107973067417975,0.0,0.0,1.0393483137040307,0.0,0
260164,0,0,0.4036950791396019,0.04787010470168441,16187.44,0.03877832716652424,0,0.0,0,2.0,0.1479389332058235,-0.5419327063522275,-0.13107973067417975,0.0,0.0,-0.482803364193296,0.0,0
260165,0,0,0.15629772122556837,0.0,14164.01,-0.5552186655992074,1,34.0,0,0.0,-0.6425321120229327,-1.2489327374304717,-0.13107973067417975,1.0,0.0,-0.06767108840311596,0.0,0
260166,0,0,0.16709664777375677,0.1417055044715959,26187.440000000002,-0.5552186655992074,1,21.0,0,1.0,0.48671223830386184,-0.5419327063522275,-0.13107973067417975,1.0,0.0,0.34746118738706405,0.0,0
260167,2,2,0.6312225138084411,0.08886820448760563,16187.44,0.9297738163151218,1,0.0,0,2.0,0.1479389332058235,-0.07059935230006469,-0.13107973067417975,0.0,0.0,0.9009708884406373,0.0,0
260168,0,0,0.16381663143111194,0.1876723203847936,40000.0,-1.149215658364939,1,0.0,0,1.0,0.3737878032711824,-0.5419327063522275,-0.13107973067417975,0.0,0.0,0.34746118738706405,0.0,0
260169,0,0,0.4328880175404121,0.1278731864927476,10117.15,0.6327753199322559,1,23.0,0,2.0,-0.5296076769902532,-0.3062660293261461,-0.13107973067417975,1.0,0.0,1.2469144515991206,0.0,0
260170,0,0,0.39749042655291883,0.4820204358860418,28093.72,-0.2582201692163416,1,51.0,0,2.0,-0.4166832419575738,-0.3062660293261461,-0.13107973067417975,0.0,0.0,1.5928580147576041,0.0,0
269013,0,0,0.0668866738190799,0.6294983919002883,8093.72,0.03877832716652424,1,0.0,0,0.0,0.03501449817314403,0.8720673558042609,-0.13107973067417975,0.0,0.0,-0.482803364193296,0.0,0
269014,2,2,0.73849672832342,0.38886081896994873,8093.72,0.03877832716652424,1,0.0,0,2.0,-0.3037588069248943,0.4007340017520981,-0.13107973067417975,0.0,0.0,2.2847451410745707,0.0,0
269015,0,0,0.1074521254472689,0.41304924335971555,21187.440000000002,-0.8522171619820733,1,0.0,0,0.0,0.48671223830386184,0.4007340017520981,-0.13107973067417975,0.0,0.0,1.5928580147576041,0.0,0
269017,0,0,0.2978369086414789,0.6067400271896257,14164.01,0.03877832716652424,1,0.0,0,2.0,1.277183283532618,0.1650673247260167,-0.13107973067417975,0.0,0.0,2.9766322673915373,0.0,0
269018,0,0,0.16979511394759159,0.23724447732648551,18210.870000000003,-0.2582201692163416,1,11.0,0,2.0,2.5193520688920925,-0.3062660293261461,-0.13107973067417975,1.0,0.0,-0.10226544471896429,1.0,0
269019,0,0,0.3890985344481633,0.5993718623385587,12140.58,3.3057617873780485,0,41.0,0,2.0,0.5996366733365414,0.1650673247260167,-0.13107973067417975,0.0,0.0,5.070594060833525,0.0,0
269020,2,2,0.5162330675605737,0.30443538944311743,8093.72,-1.149215658364939,0,0.0,0,2.0,-0.7554565470556122,-0.07059935230006469,-0.13107973067417975,0.0,0.0,-0.482803364193296,0.0,0
269021,0,0,0.05106804990121721,1.4392245069616791,12140.58,3.0087632909951827,1,26.0,0,0.0,1.3901077185652975,-0.3062660293261461,-0.13107973067417975,0.0,0.0,-0.13685980103481263,0.0,0
269023,2,2,0.5683879204496836,0.3875809540061774,10521.836,0.3357768235493901,1,16.0,0,2.0,0.03501449817314403,-0.3062660293261461,-0.13107973067417975,0.0,1.5,0.555027325282154,0.0,0
269024,0,0,0.25370754371625376,0.12628508210539552,16187.44,0.03877832716652424,1,0.0,0,2.0,-0.5296076769902532,-0.3062660293261461,-0.13107973067417975,1.0,0.0,-0.27523722629820596,1.0,0
269025,0,0,0.1330073201622538,0.3935114336933234,4046.86,0.3357768235493901,0,42.0,0,0.0,1.3901077185652975,0.6364006787781795,-0.13107973067417975,1.0,0.0,-0.482803364193296,0.0,0
269026,0,0,0.3726225574952182,0.16861855417254276,40000.0,1.2267723126979877,0,43.0,0,2.0,0.9384099784345797,-0.3062660293261461,-0.13107973067417975,1.0,0.0,-0.482803364193296,0.0,0
269027,0,0,0.36589314547610546,0.35571365051133835,33210.87,0.03877832716652424,0,0.0,0,2.0,-0.5296076769902532,-0.3062660293261461,-0.13107973067417975,0.0,0.0,-0.482803364193296,0.0,0
269028,2,2,0.5144315120497549,0.18706074129499478,28093.72,-0.5552186655992074,1,26.0,0,2.0,-0.4166832419575738,-0.3062660293261461,-0.13107973067417975,0.0,0.0,0.555027325282154,0.0,0
269030,2,2,0.6807142462313388,0.14677672498982736,18210.870000000003,0.9297738163151218,0,51.0,0,2.0,0.1479389332058235,-0.07059935230006469,-0.13107973067417975,0.0,0.0,-0.482803364193296,0.0,0
269031,0,0,0.27115331372442436,0.15125349144288153,28328.02,0.03877832716652424,0,34.0,0,2.0,1.051334413467259,-0.3062660293261461,-0.13107973067417975,0.0,0.0,-0.482803364193296,0.0,0
269033,0,0,0.31685272220275223,0.1389440347010361,19020.242000000002,0.03877832716652424,1,26.0,0,2.0,-0.4166832419575738,-0.5419327063522275,-0.13107973067417975,0.0,0.0,-0.2060485136665093,0.0,0
269034,0,0,0.4233596193224873,0.14740188161706272,14046.86,-0.2582201692163416,0,23.0,1,2.0,-0.5296076769902532,-0.07059935230006469,-0.13107973067417975,0.0,0.0,-0.482803364193296,0.0,0
269035,0,0,0.27553586450686324,0.046551684007168956,12140.58,-0.8522171619820733,0,34.0,1,2.0,0.7125611083692208,-0.5419327063522275,-0.13107973067417975,1.0,0.0,-0.482803364193296,0.0,0
269036,0,0,0.1280007234928088,0.0,6070.29,-0.5552186655992074,0,42.0,1,0.0,0.5996366733365414,0.8720673558042609,-0.13107973067417975,1.0,0.0,-0.482803364193296,0.0,0
269037,2,2,0.5884612296349051,0.10281949371189936,8093.72,0.3357768235493901,0,26.0,1,2.0,-1.20715428718633,-0.3062660293261461,-0.13107973067417975,0.0,0.0,-0.482803364193296,0.0,0
269038,0,0,0.46516026444351716,0.0371032482207306,20234.3,0.6327753199322559,0,22.0,0,2.0,-0.4166832419575738,-0.3062660293261461,-0.13107973067417975,0.0,0.0,-0.482803364193296,0.0,0
269039,2,2,0.5466938866138858,0.03511386099773898,30000.0,0.3357768235493901,0,43.0,1,2.0,0.2608633682385029,0.6364006787781795,-0.13107973067417975,0.0,0.0,-0.482803364193296,0.0,0
269040,2,2,0.5670287945796776,0.0821601938151196,55000.0,0.9297738163151218,0,34.0,0,2.0,1.954729893728695,-0.07059935230006469,-0.13107973067417975,0.0,0.0,-0.482803364193296,0.0,0
269042,0,0,0.1222760806987903,0.13325634078088214,25000.0,0.3357768235493901,0,34.0,0,0.0,0.2608633682385029,0.6364006787781795,-0.13107973067417975,0.0,0.0,-0.482803364193296,0.0,0
269043,0,0,0.27822554889197054,0.2537439648741689,20000.0,0.3357768235493901,0,41.0,1,1.0,-0.3037588069248943,-0.07059935230006469,-0.13107973067417975,0.0,0.0,-0.482803364193296,1.0,0
269044,2,2,0.5352582451228344,0.15320583775074062,14214.01,-0.2582201692163416,0,23.0,0,2.0,-0.7554565470556122,0.6364006787781795,-0.13107973067417975,0.0,0.0,-0.482803364193296,0.0,0
269046,2,0,0.43112172937656124,0.49685948225755805,38093.72,-0.2582201692163416,0,26.0,0,1.0,0.03501449817314403,-0.07059935230006469,-0.13107973067417975,1.0,0.0,-0.482803364193296,1.0,0
269047,0,0,0.16559651614125456,0.16007316719213724,8093.72,-0.5552186655992074,0,26.0,0,0.0,-0.8683809820882916,0.6364006787781795,-0.13107973067417975,0.0,0.0,-0.482803364193296,0.0,0
269049,2,2,0.6442989889110938,0.1863908927329573,40000.0,3.3057617873780485,1,24.0,0,2.0,1.503032153597977,-0.07059935230006469,-0.13107973067417975,1.0,3.0,0.555027325282154,0.0,0
269050,0,0,0.22350132154420913,1.0435581157514662,15117.150000000001,1.5237708090808535,0,0.0,0,2.0,0.3737878032711824,-0.3062660293261461,-0.13107973067417975,1.0,0.0,0.9009708884406373,0.0,0
269051,0,0,0.30754987408701073,0.12095993806851171,4046.86,-0.5552186655992074,1,26.0,0,2.0,-0.5296076769902532,-0.5419327063522275,-0.13107973067417975,0.0,3.0,-0.34442593892990264,0.0,0
269053,0,0,0.27183404973085584,0.054572623816204015,20117.15,0.6327753199322559,1,15.0,0,2.0,0.3737878032711824,-0.5419327063522275,-0.13107973067417975,1.0,0.0,-0.2060485136665093,0.0,0
269054,0,2,0.47774785240948964,0.10725194343024644,8093.72,0.3357768235493901,1,22.0,0,2.0,-0.8683809820882916,-0.5419327063522275,-0.13107973067417975,1.0,0.0,0.001517624228580711,0.0,0
269055,0,0,0.16585212452391804,0.4886243786228619,60000.0,1.5237708090808535,1,51.0,0,0.0,-0.07790993685953543,0.4007340017520981,-0.13107973067417975,1.0,0.0,-0.482803364193296,0.0,0
269056,2,2,0.6266454880652104,0.16158323189372095,43328.020000000004,1.5237708090808535,0,0.0,0,2.0,1.6159565886306564,0.1650673247260167,-0.13107973067417975,1.0,0.0,0.20908376212367072,0.0,0
269059,0,0,0.30595851200216523,0.09169908127043352,8093.72,0.3357768235493901,1,21.0,0,2.0,-0.07790993685953543,-0.3062660293261461,-0.13107973067417975,1.0,3.0,-0.34442593892990264,0.0,0
269060,0,0,0.10379354238092799,0.0,12140.58,-0.5552186655992074,1,12.0,1,0.0,-0.3037588069248943,-1.2489327374304717,-0.13107973067417975,1.0,0.0,-0.34442593892990264,0.0,0
269061,0,0,0.44907768705791345,0.16752584105904134,28093.72,-0.8522171619820733,0,26.0,0,2.0,-1.0942298521536507,-0.7775993833783089,-0.13107973067417975,0.0,0.0,-0.482803364193296,0.0,0
269062,0,0,0.32422032928242067,0.04751109723485414,14164.01,-0.5552186655992074,1,22.0,0,2.0,-0.3037588069248943,-0.5419327063522275,-0.13107973067417975,0.0,0.0,-0.06767108840311596,0.0,0
269063,0,0,0.45977619325272173,0.3395024586122193,18093.72,-0.2582201692163416,0,0.0,0,2.0,-0.8683809820882916,-0.3062660293261461,-0.13107973067417975,0.0,0.0,1.2469144515991206,0.0,0
269064,0,0,0.15709802185077618,0.10507267526705971,20234.300000000003,-0.2582201692163416,1,0.0,0,0.0,-0.07790993685953543,0.4007340017520981,-0.13107973067417975,0.0,0.0,1.177725738967424,0.0,0
269066,0,0,0.1165389423707112,0.0,8093.72,-0.5552186655992074,1,0.0,0,0.0,-0.3037588069248943,-1.2489327374304717,-0.13107973067417975,0.0,0.0,0.41664990001876073,0.0,0
269067,2,0,0.35221524158155,0.10089508352671558,26304.59,0.03877832716652424,1,51.0,0,2.0,0.7125611083692208,-0.3062660293261461,-0.13107973067417975,0.0,3.0,0.6242160379138507,0.0,0
269068,0,0,0.3728351437971397,0.0350811693773006,12140.58,-0.8522171619820733,0,0.0,0,2.0,-0.1908343718922149,-1.2489327374304717,-0.13107973067417975,0.0,0.0,-0.482803364193296,0.0,0
269069,0,0,0.164621286030753,0.081445479027264,10117.15,0.03877832716652424,1,25.0,0,0.0,-0.3037588069248943,-0.5419327063522275,-0.13107973067417975,0.0,0.0,0.20908376212367072,0.0,0
269070,0,0,0.1044924977209496,0.0,14164.01,0.03877832716652424,1,26.0,0,0.0,-0.07790993685953543,-1.2489327374304717,-0.13107973067417975,0.0,0.0,-0.06767108840311596,0.0,0
269071,0,2,0.4950923994892266,0.046052670230593694,16187.44,-0.5552186655992074,0,26.0,0,2.0,-0.8683809820882916,-0.3062660293261461,-0.13107973067417975,0.0,0.0,0.9009708884406373,0.0,0
269074,0,0,0.11358928920738791,0.0,0.0,-0.2582201692163416,1,41.0,1,0.0,0.1479389332058235,1.1077340328303422,-0.13107973067417975,0.0,3.0,-0.482803364193296,0.0,0
269075,0,0,0.24708257625413152,0.0,4046.86,-0.2582201692163416,1,26.0,1,0.0,0.48671223830386184,1.1077340328303422,-0.13107973067417975,1.0,0.0,4.360406520025471,0.0,0
269077,2,0,0.43453446070392404,0.0,4046.86,-1.446214154747805,1,34.0,0,0.0,-0.8683809820882916,0.8720673558042609,-0.13107973067417975,0.0,0.0,-0.27523722629820596,0.0,0
269079,2,2,0.5146780483577849,0.0,5000.0,-0.5552186655992074,1,26.0,0,2.0,0.5996366733365414,-0.07059935230006469,-0.13107973067417975,0.0,3.0,-0.482803364193296,0.0,0
269085,2,2,0.5807765500819771,0.0,8093.72,0.03877832716652424,1,16.0,0,2.0,-0.5296076769902532,-0.07059935230006469,-0.13107973067417975,0.0,3.0,-0.482803364193296,0.0,0
269086,0,2,0.4884911663121074,0.0,10117.15,-0.5552186655992074,0,0.0,1,2.0,-0.8683809820882916,-0.3062660293261461,-0.13107973067417975,0.0,0.0,0.9009708884406373,0.0,0
269087,2,2,0.7624149471953497,0.0,30000.0,0.9297738163151218,1,23.0,0,2.0,-0.7554565470556122,-0.07059935230006469,-0.13107973067417975,1.0,0.0,0.9009708884406373,0.0,0
269088,0,2,0.541176998579367,0.0,32140.58,-0.5552186655992074,0,0.0,0,2.0,-0.9813054171209711,-0.5419327063522275,-0.13107973067417975,0.0,0.0,0.9009708884406373,0.0,0
269089,0,0,0.23013919312646816,0.0,14164.01,0.9297738163151218,1,21.0,0,0.0,-0.9813054171209711,0.4007340017520981,-0.13107973067417975,0.0,0.0,-0.482803364193296,0.0,0
269090,0,0,0.3211691718899598,0.0,10167.15,-0.2582201692163416,1,26.0,1,2.0,-0.7554565470556122,-0.5419327063522275,-0.13107973067417975,0.0,3.0,-0.38593916650892063,0.0,0
269092,0,0,0.18578034488819117,0.0,8093.72,-0.2582201692163416,1,52.0,0,0.0,-0.3037588069248943,0.4007340017520981,-0.13107973067417975,0.0,0.0,-0.27523722629820596,0.0,0
269093,0,0,0.4148866091581717,0.0,12140.58,1.2267723126979877,1,22.0,0,2.0,-0.6425321120229327,-0.3062660293261461,-0.13107973067417975,0.0,3.0,-0.379020295245751,0.0,0
269094,0,0,0.37968964499683855,0.0,4046.86,-1.149215658364939,1,0.0,1,2.0,-0.9813054171209711,-0.3062660293261461,-0.13107973067417975,0.0,3.0,0.6934047505455474,0.0,0
269095,0,0,0.3967226288653524,0.0,10117.15,-0.2582201692163416,1,21.0,0,2.0,-0.3037588069248943,-0.07059935230006469,-0.13107973067417975,0.0,3.0,-0.39977690903526,0.0,0
269100,0,0,0.07756670251996778,0.3578211444771683,14046.86,-0.8522171619820733,1,0.0,0,0.0,0.48671223830386184,0.4007340017520981,-0.13107973067417975,0.0,0.0,0.20908376212367072,0.0,0
269101,2,2,0.580825002432262,0.8162484901150611,8093.72,0.6327753199322559,1,12.0,0,2.0,-0.07790993685953543,-0.5419327063522275,-0.13107973067417975,0.0,3.0,1.2469144515991206,0.0,0
269102,0,0,0.08158361337345647,1.2752395698197168,8093.72,-0.2582201692163416,1,15.0,0,0.0,-0.07790993685953543,-0.07059935230006469,-0.13107973067417975,0.0,0.0,-0.06767108840311596,0.0,0
269104,0,0,0.20765721918661817,0.6684484803567078,12140.58,-0.8522171619820733,1,12.0,0,1.0,-0.8683809820882916,-0.3062660293261461,-0.13107973067417975,0.0,0.0,-0.06767108840311596,0.0,0
269105,2,2,0.5714489811801134,0.09559185011197902,8143.72,0.03877832716652424,0,0.0,0,2.0,2.7452009389574514,-0.3062660293261461,-0.13107973067417975,0.0,0.0,1.5928580147576041,0.0,0
270002,0,0,0.2020925692630187,0.0,4046.86,-0.8522171619820733,0,16.0,0,1.0,0.9384099784345797,1.3434007098564238,-0.13107973067417975,0.0,0.0,-0.482803364193296,0.0,5
270004,0,0,0.16929160893035902,0.0,0.0,-1.446214154747805,0,16.0,1,1.0,0.7125611083692208,-1.2489327374304717,-0.13107973067417975,0.0,0.0,-0.482803364193296,1.0,5
270023,0,0,0.10711910708775323,0.53137544897528,2918.69,-0.5552186655992074,0,16.0,0,1.0,-1.20715428718633,-0.3062660293261461,-0.13107973067417975,0.0,0.0,-0.482803364193296,0.0,5
270024,0,0,0.07274827545489766,0.7963183827869939,830.07,-0.8522171619820733,0,14.0,1,1.0,-0.5296076769902532,-0.07059935230006469,-0.13107973067417975,0.0,0.0,-0.482803364193296,0.0,5
270028,0,0,0.0718889698495495,0.46696714987615223,0.0,-1.446214154747805,0,0.0,0,1.0,0.03501449817314403,1.1077340328303422,0.3174841665488719,0.0,0.0,-0.482803364193296,0.0,5
270030,0,0,0.10518074540277005,0.1469478533698717,4046.86,-1.446214154747805,0,16.0,0,0.0,-0.3037588069248943,0.8720673558042609,-0.13107973067417975,0.0,0.0,1.2469144515991206,0.0,5
270041,0,0,0.13491430823525905,0.05241639584862145,4046.86,-0.5552186655992074,0,42.0,0,2.0,1.277183283532618,-1.2489327374304717,-0.13107973067417975,0.0,0.0,-0.482803364193296,0.0,5
270047,0,0,0.07647749961281365,0.09805746042481442,9263.11,0.6327753199322559,0,14.0,0,0.0,-0.6425321120229327,0.4007340017520981,-0.13107973067417975,0.0,0.0,-0.482803364193296,0.0,5
270049,2,0,0.2860028004824447,0.0,0.0,0.3357768235493901,0,42.0,0,2.0,2.8581253739901307,-1.2489327374304717,-0.13107973067417975,0.0,0.0,-0.482803364193296,0.0,4
270067,2,0,0.3431219728345856,0.0,0.0,-0.2582201692163416,0,41.0,1,0.0,1.051334413467259,-1.2489327374304717,-0.13107973067417975,0.0,0.0,-0.482803364193296,0.0,5
279006,0,0,0.11617056593419128,0.0,20234.3,-0.5552186655992074,0,26.0,0,2.0,0.3737878032711824,-0.7775993833783089,-0.13107973067417975,0.0,0.0,-0.482803364193296,0.0,5
279008,2,0,0.14951362113772534,0.0,0.0,-1.446214154747805,0,16.0,1,2.0,1.277183283532618,-1.2489327374304717,-0.13107973067417975,0.0,0.0,-0.482803364193296,0.0,5
279009,0,0,0.10450361703500423,0.0,0.0,-1.446214154747805,0,42.0,0,0.0,0.5996366733365414,-1.2489327374304717,-0.13107973067417975,0.0,0.0,-0.482803364193296,0.0,5
279010,0,0,0.09223765805221001,0.0,4046.86,-1.149215658364939,0,16.0,0,1.0,-0.6425321120229327,-1.2489327374304717,-0.13107973067417975,0.0,0.0,-0.482803364193296,0.0,5
279016,0,0,0.10420583507938648,0.0025303643724696357,0.0,-1.446214154747805,0,12.0,1,1.0,-0.3037588069248943,-0.5419327063522275,-0.13107973067417975,0.0,0.0,-0.482803364193296,0.0,5
279017,2,2,0.49765244770786743,0.004267303917384996,0.0,-0.2582201692163416,1,16.0,1,1.0,0.5996366733365414,-1.2489327374304717,-0.13107973067417975,0.0,1.0,-0.482803364193296,0.0,5
279018,0,0,0.1035396133522402,0.0,6070.29,-0.5552186655992074,0,0.0,0,1.0,-0.5296076769902532,0.4007340017520981,-0.13107973067417975,0.0,0.0,-0.482803364193296,0.0,5
279019,0,0,0.1922597575163172,0.2454541884302714,509.26,-1.446214154747805,0,16.0,0,2.0,-1.0942298521536507,-0.5419327063522275,-0.13107973067417975,0.0,0.0,-0.482803364193296,0.0,5
279023,0,0,0.09367432245816582,0.0,8093.72,-0.2582201692163416,0,16.0,0,0.0,-0.1908343718922149,0.8720673558042609,-0.13107973067417975,0.0,0.0,-0.482803364193296,0.0,5
279024,0,0,0.08080637124210376,0.018781377867759904,31232.0,-0.8522171619820733,0,23.0,0,0.0,-0.9813054171209711,0.4007340017520981,-0.13107973067417975,0.0,3.0,-0.482803364193296,0.0,5
279025,0,0,0.18928737766193326,0.06548502575744347,22140.58,-1.446214154747805,0,16.0,0,2.0,-0.7554565470556122,-1.2489327374304717,-0.13107973067417975,0.0,1.0,-0.13685980103481263,0.0,5
279029,2,2,0.42037620934644354,1.9010202141816108,9671.82,-0.8522171619820733,0,22.0,0,2.0,-0.5296076769902532,1.3434007098564238,-0.13107973067417975,0.0,0.0,-0.482803364193296,0.0,5
279032,0,0,0.05000949843350359,0.35739814152966404,0.0,-1.149215658364939,0,26.0,1,0.0,0.7125611083692208,0.1650673247260167,-0.13107973067417975,0.0,0.0,-0.482803364193296,0.0,5
279034,0,0,0.15958290580973336,0.02801774457156199,0.0,-1.149215658364939,0,16.0,1,2.0,0.48671223830386184,0.1650673247260167,0.7660480637719236,0.0,0.0,-0.482803364193296,0.0,5
279036,0,0,0.13687715167057193,0.0,0.0,-1.446214154747805,0,16.0,1,2.0,1.954729893728695,-1.2489327374304717,-0.13107973067417975,0.0,0.0,-0.482803364193296,0.0,5
279045,2,0,0.14610958995212361,0.40057683063611604,124.82,-0.5552186655992074,0,24.0,0,1.0,-0.5296076769902532,-0.3062660293261461,-0.13107973067417975,0.0,0.0,-0.482803364193296,0.0,5
279054,0,0,0.10761732655949019,0.0,4046.86,-0.5552186655992074,0,34.0,0,2.0,0.2608633682385029,-1.2489327374304717,-0.13107973067417975,0.0,0.0,-0.482803364193296,0.0,5
279073,0,0,0.17557235747360242,0.16902063320474595,15086.6,0.03877832716652424,0,25.0,1,1.0,-0.7554565470556122,0.4007340017520981,-0.13107973067417975,0.0,0.0,-0.482803364193296,0.0,5
279074,0,0,0.06809340511179203,0.10843634786380395,0.0,-1.446214154747805,0,0.0,1,0.0,-0.07790993685953543,0.8720673558042609,-0.13107973067417975,0.0,0.0,-0.482803364193296,0.0,5
279080,2,0,0.10220934766368077,0.18277554473341617,6688.42,-1.149215658364939,0,12.0,0,1.0,-0.9813054171209711,0.4007340017520981,-0.13107973067417975,0.0,0.0,-0.482803364193296,0.0,5
279081,0,0,0.1637948332694761,0.10165983164151311,7972.3,-1.446214154747805,0,12.0,0,2.0,-1.20715428718633,-0.07059935230006469,-0.13107973067417975,0.0,0.0,-0.482803364193296,0.0,5
279082,0,0,0.04387971463410866,2.7165410036456583,9727.529999999999,-1.149215658364939,0,0.0,0,1.0,-0.4166832419575738,1.1077340328303422,-0.13107973067417975,0.0,0.0,-0.482803364193296,0.0,5
279083,0,0,0.1036829385335485,0.2586866993646655,0.0,-1.149215658364939,0,0.0,1,2.0,1.277183283532618,1.1077340328303422,-0.13107973067417975,0.0,0.0,-0.482803364193296,0.0,5
279088,2,2,0.629846029764042,0.0,8093.72,0.03877832716652424,0,34.0,0,2.0,-0.8683809820882916,2.0504007409346676,-0.13107973067417975,0.0,0.0,-0.13685980103481263,0.0,5
279101,0,0,0.12249312678297371,0.12859286071488105,0.0,-0.5552186655992074,0,26.0,0,0.0,-0.3037588069248943,-0.07059935230006469,-0.13107973067417975,0.0,0.0,-0.482803364193296,0.0,5
279105,0,0,0.11624025391844173,0.0,8093.72,-1.149215658364939,0,41.0,1,1.0,1.503032153597977,-1.2489327374304717,-0.13107973067417975,0.0,0.0,-0.482803364193296,0.0,5
279112,0,0,0.07768563147410741,0.0,4046.86,-1.446214154747805,0,16.0,0,1.0,-0.07790993685953543,-1.2489327374304717,-0.13107973067417975,0.0,0.0,-0.482803364193296,0.0,5
280083,0,0,0.1621970360552571,0.023524286647789154,0.0,-1.149215658364939,0,41.0,0,1.0,0.3737878032711824,-1.2489327374304717,-0.13107973067417975,0.0,0.0,-0.482803364193296,0.0,5
280084,0,0,0.12443813756675176,0.0,0.0,-1.446214154747805,0,25.0,0,2.0,0.1479389332058235,-1.2489327374304717,-0.13107973067417975,0.0,3.0,-0.482803364193296,0.0,5
280085,0,0,0.19655400232256914,0.0,0.0,-1.149215658364939,0,16.0,0,2.0,-0.1908343718922149,-1.2489327374304717,-0.13107973067417975,0.0,0.0,-0.482803364193296,0.0,5
280086,0,0,0.11588152635425546,1.374276525080327,40468.6,-0.8522171619820733,0,41.0,0,2.0,2.0676543287613747,-0.7775993833783089,-0.13107973067417975,0.0,0.0,-0.482803364193296,0.0,5
280087,0,0,0.1231769441043799,0.15641293013555788,4046.86,0.03877832716652424,0,26.0,0,1.0,-0.1908343718922149,-1.2489327374304717,-0.13107973067417975,0.0,0.0,-0.482803364193296,0.0,5
280088,2,0,0.33498055367000257,0.16361219886529288,20234.3,-0.8522171619820733,0,21.0,0,2.0,-0.9813054171209711,2.0504007409346676,-0.13107973067417975,0.0,0.0,-0.482803364193296,0.0,5
280089,2,2,0.4918009934704077,0.6887158262189657,0.0,-0.2582201692163416,0,26.0,0,2.0,-0.07790993685953543,3.935734157143319,-0.13107973067417975,0.0,0.0,-0.482803364193296,0.0,5
280112,0,0,0.15850897443354586,0.0,36421.740000000005,-0.8522171619820733,0,26.0,0,2.0,-0.4166832419575738,-0.5419327063522275,-0.13107973067417975,0.0,0.0,-0.482803364193296,0.0,5
280116,0,0,0.22509775490250764,0.0,44515.46,-0.5552186655992074,0,16.0,0,2.0,0.2608633682385029,2.757400772012912,-0.13107973067417975,0.0,0.0,0.9009708884406373,0.0,5
280118,0,0,0.15167654773457465,0.0,4046.86,-0.8522171619820733,0,16.0,0,2.0,-0.6425321120229327,-0.3062660293261461,-0.13107973067417975,0.0,0.0,-0.482803364193296,0.0,5
280120,0,0,0.18115674090011016,0.0,2023.43,-0.2582201692163416,0,26.0,0,2.0,-0.6425321120229327,-0.5419327063522275,-0.13107973067417975,0.0,0.0,-0.482803364193296,0.0,5
289001,0,0,0.1442414525254217,0.38169293813264144,0.0,0.3357768235493901,0,34.0,0,0.0,0.2608633682385029,-1.2489327374304717,-0.13107973067417975,0.0,0.0,-0.482803364193296,0.0,5
289002,0,0,0.1828261566767457,0.2332937835549201,0.0,-0.2582201692163416,0,26.0,0,1.0,1.3901077185652975,0.8720673558042609,-0.13107973067417975,0.0,0.0,-0.482803364193296,0.0,5
289005,2,2,0.4985263731307599,0.04119479271552175,0.0,0.03877832716652424,0,41.0,0,2.0,-0.8683809820882916,-1.2489327374304717,-0.13107973067417975,0.0,0.0,-0.482803364193296,0.0,5
289007,0,0,0.3086018395092197,0.0,24281.16,-1.149215658364939,0,26.0,0,2.0,0.7125611083692208,-1.2489327374304717,-0.13107973067417975,0.0,0.0,-0.482803364193296,0.0,5
289009,0,0,0.10650996801648666,0.0,4046.86,-1.446214154747805,0,25.0,0,1.0,-0.07790993685953543,-1.2489327374304717,-0.13107973067417975,0.0,3.0,-0.482803364193296,0.0,5
289014,0,0,0.1137570801235324,0.010858272495583115,0.0,0.03877832716652424,0,23.0,0,0.0,-0.1908343718922149,-0.07059935230006469,-0.13107973067417975,0.0,0.0,-0.482803364193296,0.0,5
289015,0,0,0.12102484193202571,0.5558474566810494,0.0,-0.8522171619820733,0,26.0,0,0.0,-0.8683809820882916,0.6364006787781795,-0.13107973067417975,0.0,0.0,-0.482803364193296,0.0,5
289016,0,0,0.04784618830303931,1.4481389447482564,28093.72,-0.5552186655992074,0,26.0,0,0.0,-0.4166832419575738,3.935734157143319,-0.13107973067417975,0.0,0.0,-0.482803364193296,0.0,5
289017,0,0,0.22153108584916548,0.019043624522367218,0.0,-0.8522171619820733,0,26.0,0,2.0,0.03501449817314403,0.1650673247260167,-0.13107973067417975,0.0,0.0,-0.482803364193296,0.0,3
289019,2,2,0.4747577004539723,0.0,0.0,-1.446214154747805,0,26.0,0,1.0,-1.0942298521536507,-1.2489327374304717,-0.13107973067417975,0.0,0.0,-0.482803364193296,0.0,5
289020,2,0,0.366788074244375,0.0,2023.43,-0.2582201692163416,0,42.0,1,2.0,1.954729893728695,-0.3062660293261461,-0.13107973067417975,0.0,0.0,-0.482803364193296,0.0,5
289021,0,0,0.10426347745391895,0.01712646267299837,2023.43,-0.8522171619820733,0,26.0,0,1.0,0.2608633682385029,0.6364006787781795,-0.13107973067417975,0.0,0.0,-0.482803364193296,0.0,5
289022,2,0,0.36179230560514014,0.055616631640199116,0.0,-0.8522171619820733,0,41.0,0,0.0,-0.07790993685953543,-1.2489327374304717,-0.13107973067417975,0.0,0.0,-0.482803364193296,0.0,5
289025,0,0,0.1747878258609575,0.0,16187.44,-0.8522171619820733,0,16.0,1,2.0,-0.5296076769902532,-0.3062660293261461,-0.13107973067417975,0.0,0.0,-0.482803364193296,0.0,5
289027,0,0,0.35630333415648524,0.26815498000632687,0.0,-1.149215658364939,0,2.0,0,2.0,-1.0942298521536507,-1.2489327374304717,-0.13107973067417975,0.0,0.0,-0.482803364193296,0.0,5
289028,0,0,0.1444964030614789,0.0,30351.45,0.03877832716652424,0,26.0,1,0.0,0.9384099784345797,3.935734157143319,-0.13107973067417975,0.0,0.0,2.9766322673915373,0.0,5
289030,0,0,0.07651220695572719,2.7165410036456583,8093.72,0.03877832716652424,0,26.0,0,2.0,-1.20715428718633,-0.5419327063522275,-0.13107973067417975,0.0,0.0,-0.482803364193296,0.0,5
289031,0,0,0.17887675814355117,0.46699703719699487,16187.44,0.3357768235493901,0,16.0,0,2.0,-0.9813054171209711,2.9930674490389935,-0.13107973067417975,0.0,0.0,-0.482803364193296,0.0,5
289034,0,0,0.04003611147811379,1.249067090536136,28093.72,-0.8522171619820733,0,43.0,1,0.0,2.5193520688920925,1.3434007098564238,-0.13107973067417975,0.0,0.0,-0.482803364193296,0.0,5
289036,2,2,0.5233488760279766,0.5854963193394204,0.0,0.3357768235493901,0,16.0,0,2.0,-0.9813054171209711,-1.2489327374304717,-0.13107973067417975,0.0,0.0,-0.482803364193296,0.0,5
289042,2,2,0.6037951345730609,0.06458001463813666,8093.72,0.3357768235493901,0,41.0,0,2.0,1.277183283532618,3.935734157143319,-0.13107973067417975,0.0,0.0,0.34746118738706405,0.0,5
289043,0,0,0.06443161263155708,0.19501663301899028,26187.440000000002,-0.8522171619820733,0,25.0,0,0.0,1.7288810236633358,2.757400772012912,-0.13107973067417975,0.0,0.0,0.34746118738706405,0.0,5
289044,0,0,0.056510972307823315,0.06272659984192896,6070.29,0.3357768235493901,0,34.0,0,0.0,0.48671223830386184,-1.2489327374304717,-0.13107973067417975,0.0,0.0,-0.482803364193296,0.0,5
289046,0,0,0.132915791793096,0.6571705521875565,8093.72,-0.8522171619820733,0,26.0,0,1.0,-0.9813054171209711,2.286067417960749,-0.13107973067417975,0.0,0.0,-0.482803364193296,0.0,5
289047,2,2,0.6332403360578793,0.0,16187.44,-0.8522171619820733,0,16.0,0,2.0,-0.4166832419575738,1.3434007098564238,-0.13107973067417975,0.0,0.0,0.07070633686027739,0.0,5
289048,0,0,0.21196836523128357,0.0,20234.3,-0.8522171619820733,0,26.0,0,2.0,-0.5296076769902532,2.757400772012912,-0.13107973067417975,0.0,0.0,-0.482803364193296,0.0,5
289050,0,0,0.24624357552042797,0.0,4046.86,-0.2582201692163416,0,26.0,0,2.0,-0.4166832419575738,-1.2489327374304717,-0.13107973067417975,0.0,0.0,-0.46896562166695666,0.0,5
289053,2,2,0.646433431902719,0.139366347672582,0.0,-0.5552186655992074,0,26.0,0,2.0,-1.20715428718633,3.7000674801172373,-0.13107973067417975,0.0,0.0,-0.482803364193296,0.0,5
289055,2,2,0.5742087562578357,0.3102635171472304,0.0,0.03877832716652424,0,26.0,0,2.0,-0.1908343718922149,2.757400772012912,-0.13107973067417975,0.0,0.0,-0.482803364193296,0.0,5
289056,0,0,0.215855017042302,0.0,0.0,-0.8522171619820733,0,34.0,0,1.0,-0.6425321120229327,1.5790673868825051,-0.13107973067417975,0.0,0.0,-0.34442593892990264,0.0,5
289059,0,0,0.20561968100302017,0.0,0.0,0.3357768235493901,0,41.0,0,1.0,0.2608633682385029,1.1077340328303422,-0.13107973067417975,0.0,0.0,-0.482803364193296,0.0,5
289062,0,0,0.1591444591889294,0.0,8093.72,0.03877832716652424,0,25.0,0,2.0,-0.07790993685953543,-1.2489327374304717,-0.13107973067417975,0.0,0.0,-0.482803364193296,0.0,5
289063,2,0,0.26896306931828773,0.005273276709154054,0.0,-0.8522171619820733,0,26.0,0,0.0,-0.9813054171209711,2.5217340949868303,-0.13107973067417975,0.0,0.0,0.34746118738706405,0.0,5
289064,0,0,0.36934373717746616,0.06202130425226432,0.0,-0.2582201692163416,0,24.0,0,2.0,-1.3200787222190096,0.6364006787781795,-0.13107973067417975,0.0,0.0,-0.482803364193296,0.0,5
289066,0,0,0.1678076454524334,0.20225982171437343,7023.43,-0.8522171619820733,0,26.0,0,2.0,0.48671223830386184,3.935734157143319,8.840198213786854,0.0,0.0,0.20908376212367072,0.0,5
289067,0,0,0.1610909064047995,0.0,0.0,-0.8522171619820733,0,21.0,0,0.0,-0.6425321120229327,0.6364006787781795,-0.13107973067417975,0.0,0.0,-0.482803364193296,0.0,5
289071,0,0,0.17641113333989802,0.3906817990806159,0.0,-0.2582201692163416,0,14.0,0,2.0,-0.8683809820882916,-0.07059935230006469,-0.13107973067417975,0.0,0.0,-0.482803364193296,0.0,3
289072,0,2,0.38504369035766634,1.0127607859023697,0.0,-0.2582201692163416,0,25.0,0,1.0,-0.3037588069248943,2.757400772012912,-0.13107973067417975,0.0,0.0,-0.482803364193296,0.0,5
289073,2,0,0.3296016720544585,0.0,0.0,0.03877832716652424,0,42.0,0,2.0,1.051334413467259,-1.2489327374304717,-0.13107973067417975,0.0,0.0,-0.482803364193296,0.0,5
289088,2,2,0.4931865112409208,0.12092813568939494,0.0,-1.446214154747805,0,16.0,0,2.0,-1.3200787222190096,-1.2489327374304717,-0.13107973067417975,0.0,0.0,-0.482803364193296,0.0,5
289102,0,2,0.48801219552191877,0.05452067242162654,0.0,0.6327753199322559,0,42.0,0,2.0,1.1642588484999385,-0.07059935230006469,-0.13107973067417975,0.0,0.0,-0.482803364193296,0.0,5
290001,0,1,0.2439569836331025,0.0,4046.86,0.03877832716652424,0,26.0,0,2.0,-0.8683809820882916,-1.2489327374304717,-0.13107973067417975,0.0,0.0,-0.482803364193296,0.0,5
290003,0,0,0.2205868147893899,0.3858131011105906,0.0,0.3357768235493901,0,26.0,0,2.0,-0.8683809820882916,2.5217340949868303,-0.13107973067417975,0.0,0.0,-0.482803364193296,0.0,5
290007,0,0,0.13181006272533277,0.0,8093.72,-0.8522171619820733,0,16.0,0,0.0,-0.6425321120229327,2.0504007409346676,-0.13107973067417975,1.0,3.0,0.34746118738706405,0.0,5
290009,2,1,0.2556584525699604,0.17191890001444596,2023.43,0.3357768235493901,0,26.0,1,2.0,0.5996366733365414,1.1077340328303422,-0.13107973067417975,0.0,0.0,-0.482803364193296,0.0,5
290031,0,0,0.2611147866442527,0.0,8093.72,0.03877832716652424,0,26.0,0,2.0,0.7125611083692208,0.1650673247260167,-0.13107973067417975,0.0,0.0,0.9009708884406373,0.0,5
290034,1,1,0.12646032879377264,0.0,4046.86,0.3357768235493901,0,41.0,0,2.0,2.2935031988267336,0.4007340017520981,-0.13107973067417975,1.0,0.0,-0.482803364193296,0.0,5
290039,2,2,0.34697869151982613,0.022020403441281783,0.0,0.3357768235493901,0,26.0,0,2.0,1.8418054586960155,0.8720673558042609,-0.13107973067417975,0.0,0.0,-0.482803364193296,0.0,5
290043,1,1,0.15374212619601083,0.0,0.0,-0.2582201692163416,0,16.0,1,2.0,0.7125611083692208,-1.2489327374304717,-0.13107973067417975,0.0,0.0,-0.482803364193296,0.0,5
290046,2,1,0.34873348162993056,0.01578828659499286,4046.86,-0.8522171619820733,0,13.0,1,2.0,-0.7554565470556122,0.6364006787781795,-0.13107973067417975,0.0,0.0,-0.482803364193296,0.0,5
290047,1,1,0.11635930807741256,0.11960237947237805,100.0,-0.8522171619820733,0,26.0,0,2.0,0.1479389332058235,-0.07059935230006469,-0.13107973067417975,0.0,0.0,-0.482803364193296,0.0,5
290073,1,1,0.13679746609510737,0.0,0.0,0.9297738163151218,0,42.0,1,2.0,2.5193520688920925,-0.07059935230006469,-0.13107973067417975,0.0,0.0,-0.13685980103481263,0.0,5
290075,1,1,0.20926905235128793,0.0,8093.72,0.03877832716652424,0,26.0,0,1.0,-0.1908343718922149,-0.3062660293261461,-0.13107973067417975,0.0,0.0,1.5928580147576041,0.0,5
290080,1,1,0.19074187690145641,0.009000069853067717,40468.6,0.03877832716652424,0,26.0,1,2.0,0.5996366733365414,-1.2489327374304717,-0.13107973067417975,0.0,3.0,5.070594060833525,0.0,5
290084,1,1,0.12725606784642537,0.0,4046.86,-0.2582201692163416,0,43.0,0,2.0,2.5193520688920925,0.1650673247260167,-0.13107973067417975,1.0,0.0,-0.482803364193296,0.0,5
290172,2,2,0.5311332651196036,0.0,40468.6,0.03877832716652424,0,23.0,0,2.0,-0.4166832419575738,3.935734157143319,-0.13107973067417975,0.0,0.0,-0.482803364193296,0.0,5
290173,1,1,0.2269745302771573,0.0,32374.88,-0.5552186655992074,0,25.0,1,2.0,-0.4166832419575738,0.1650673247260167,-0.13107973067417975,0.0,0.0,1.177725738967424,0.0,5
290177,1,1,0.1830224186618871,0.3996254938229316,12140.58,0.6327753199322559,0,22.0,1,2.0,-0.3037588069248943,2.9930674490389935,-0.13107973067417975,1.0,0.0,-0.482803364193296,0.0,5
290178,1,1,0.2462528960673879,0.0323907621546335,20234.3,-0.5552186655992074,0,14.0,1,2.0,-0.8683809820882916,3.935734157143319,-0.13107973067417975,1.0,0.0,-0.482803364193296,0.0,5
290179,1,1,0.18652682061471573,0.08211439082070596,12140.58,0.6327753199322559,0,41.0,1,2.0,-0.07790993685953543,0.8720673558042609,-0.13107973067417975,0.0,0.0,-0.482803364193296,0.0,5
299001,2,1,0.3826044229971974,0.03239303549736807,16187.44,0.6327753199322559,0,26.0,0,2.0,-0.1908343718922149,-0.07059935230006469,-0.13107973067417975,1.0,3.0,-0.482803364193296,0.0,5
299004,1,1,0.27378977250729913,0.017790188812815962,12140.58,-0.2582201692163416,0,41.0,1,2.0,0.1479389332058235,-0.07059935230006469,-0.13107973067417975,0.0,0.0,-0.482803364193296,0.0,5
299005,2,1,0.3143277347342367,0.039459306325630335,30351.45,1.5237708090808535,0,41.0,0,2.0,-0.5296076769902532,0.4007340017520981,-0.13107973067417975,0.0,3.0,-0.13685980103481263,0.0,5
299007,1,1,0.11555440905205416,0.012476029850056603,2023.43,-0.2582201692163416,0,41.0,0,2.0,1.954729893728695,0.1650673247260167,-0.13107973067417975,0.0,0.0,-0.482803364193296,0.0,5
299008,1,1,0.14585822741573196,0.0,6933.27,-0.8522171619820733,0,33.0,1,2.0,0.2608633682385029,-1.2489327374304717,-0.13107973067417975,0.0,3.0,-0.482803364193296,0.0,5
299010,2,1,0.3127860743503528,0.0,4046.86,-0.5552186655992074,0,33.0,1,2.0,-0.07790993685953543,-0.3062660293261461,-0.13107973067417975,0.0,3.0,-0.482803364193296,0.0,5
299011,1,1,0.13945207634088508,0.0,0.0,-1.149215658364939,0,2.0,0,2.0,1.503032153597977,-1.2489327374304717,-0.13107973067417975,0.0,0.0,-0.482803364193296,0.0,5
299012,1,1,0.13795365319336503,0.23250645376369825,584.93,0.03877832716652424,0,41.0,1,2.0,1.3901077185652975,1.8147340639085865,-0.13107973067417975,0.0,0.0,-0.482803364193296,0.0,5
299014,2,2,0.5422334562380456,0.06484957001675135,36421.74,-0.5552186655992074,0,26.0,0,2.0,0.5996366733365414,0.8720673558042609,-0.13107973067417975,0.0,0.0,-0.13685980103481263,0.0,5
299015,1,1,0.12661967380154487,0.0129539189467559,6070.290000000001,-0.5552186655992074,0,34.0,0,2.0,1.1642588484999385,0.6364006787781795,-0.13107973067417975,0.0,3.0,-0.482803364193296,0.0,5
299020,2,2,0.43777519823665556,0.05027118884187045,0.0,-0.5552186655992074,0,26.0,1,2.0,1.1642588484999385,-0.07059935230006469,-0.13107973067417975,0.0,0.0,-0.482803364193296,0.0,5
299025,2,2,0.5454279584671667,0.0021125890137129364,6070.29,-0.2582201692163416,0,26.0,0,2.0,0.2608633682385029,-0.3062660293261461,-0.13107973067417975,0.0,0.0,-0.482803364193296,0.0,5
299027,2,2,0.45598464526775057,0.02602941218544455,0.0,-0.5552186655992074,0,16.0,1,2.0,0.03501449817314403,-0.3062660293261461,-0.13107973067417975,0.0,3.0,-0.482803364193296,0.0,5
299028,2,2,0.485684572485169,0.0,8093.72,-0.2582201692163416,0,16.0,0,2.0,0.3737878032711824,1.1077340328303422,-0.13107973067417975,0.0,0.0,-0.482803364193296,0.0,5
299032,2,2,0.4944294034660759,0.668354728536097,16287.44,-1.149215658364939,0,0.0,0,2.0,-1.20715428718633,0.1650673247260167,-0.13107973067417975,3.0,3.0,-0.482803364193296,0.0,5
299034,1,1,0.23154401080164475,1.1878398235047867,0.0,-0.5552186655992074,0,16.0,1,2.0,0.3737878032711824,0.4007340017520981,-0.13107973067417975,0.0,0.25,5.070594060833525,0.0,5
299036,2,1,0.18469061574149478,0.0,4046.86,-0.5552186655992074,0,26.0,1,2.0,1.051334413467259,0.6364006787781795,-0.13107973067417975,0.0,0.0,-0.482803364193296,0.0,5
300011,1,1,0.18799676707363663,0.0,0.0,-0.5552186655992074,0,26.0,0,2.0,1.3901077185652975,-1.2489327374304717,-0.13107973067417975,1.0,0.0,-0.482803364193296,0.0,5
300014,1,1,0.05900449335291282,0.0,16187.44,-1.446214154747805,0,0.0,0,0.0,-0.1908343718922149,-1.2489327374304717,-0.13107973067417975,0.0,0.0,-0.482803364193296,0.0,5
300036,1,1,0.18150690889423307,0.33841202039496443,8093.72,-0.2582201692163416,0,31.0,0,2.0,-0.6425321120229327,-0.5419327063522275,-0.13107973067417975,0.0,0.0,-0.482803364193296,0.0,5
300037,2,2,0.48794414394758,0.036347775516138416,20234.3,1.2267723126979877,0,25.0,0,2.0,-0.6425321120229327,0.1650673247260167,-0.13107973067417975,1.0,0.0,-0.482803364193296,0.0,5
300038,1,1,0.06248637626006048,0.0,16187.44,-1.446214154747805,0,0.0,1,0.0,-1.20715428718633,-1.2489327374304717,-0.13107973067417975,0.0,0.0,-0.482803364193296,0.0,5
300040,1,1,0.15774062724578075,0.0,12140.58,-0.8522171619820733,0,26.0,0,2.0,-0.9813054171209711,-1.2489327374304717,-0.13107973067417975,1.0,3.0,0.20908376212367072,0.0,5
300137,2,0,0.3439773082337121,0.0,0.0,-1.149215658364939,0,16.0,0,1.0,0.03501449817314403,-1.2489327374304717,-0.13107973067417975,0.0,0.0,-0.482803364193296,0.0,5
300147,2,1,0.13847297303987754,0.0,4046.86,0.03877832716652424,0,41.0,0,0.0,0.9384099784345797,-0.3062660293261461,-0.13107973067417975,0.0,0.0,0.20908376212367072,0.0,5
300171,1,1,0.04677435954034373,0.0,16187.44,-1.446214154747805,0,0.0,0,0.0,-1.20715428718633,0.1650673247260167,-0.13107973067417975,0.0,0.0,-0.482803364193296,0.0,5
300172,2,2,0.4624274130211785,0.030270008475602374,23093.72,0.3357768235493901,0,23.0,1,2.0,-0.1908343718922149,0.4007340017520981,-0.13107973067417975,0.0,0.0,-0.482803364193296,0.0,5
300175,1,1,0.19889785802928497,0.1363463360210013,10117.150000000001,-0.2582201692163416,0,25.0,0,2.0,-1.20715428718633,0.1650673247260167,-0.13107973067417975,0.0,0.0,-0.482803364193296,0.0,5
300177,1,1,0.12974028728526124,0.0,8093.72,-1.149215658364939,0,21.0,0,1.0,-0.07790993685953543,-1.2489327374304717,-0.13107973067417975,0.0,0.0,-0.13685980103481263,0.0,5
300180,1,1,0.11838273240238283,0.026191380416704862,16187.44,-1.446214154747805,0,15.0,1,2.0,-0.3037588069248943,-1.2489327374304717,-0.13107973067417975,0.0,0.0,-0.482803364193296,0.0,5
309001,1,1,0.12006715953802587,0.00029343043323569505,0.0,-1.149215658364939,0,41.0,1,1.0,2.180578763794054,-1.2489327374304717,-0.13107973067417975,1.0,0.0,-0.482803364193296,0.0,5
309010,2,1,0.340150436975092,0.0,0.0,-0.5552186655992074,0,41.0,0,2.0,1.277183283532618,-1.2489327374304717,-0.13107973067417975,1.0,0.0,-0.482803364193296,0.0,5
309025,1,1,0.10413978347233359,0.0006189584595215614,2023.43,-1.446214154747805,0,0.0,0,2.0,-1.0942298521536507,-1.2489327374304717,-0.13107973067417975,0.0,0.0,-0.482803364193296,0.0,5
309027,1,1,0.12543471683847446,0.06487187804086929,44515.46,-1.149215658364939,0,0.0,0,1.0,-0.7554565470556122,-0.3062660293261461,-0.13107973067417975,1.0,0.0,-0.482803364193296,0.0,5
309028,1,1,0.1382301743474853,0.04950845179998586,6070.29,-1.446214154747805,0,14.0,0,2.0,-1.433003157251689,0.1650673247260167,-0.13107973067417975,0.0,0.0,-0.482803364193296,0.0,5
309029,1,1,0.13976671700427298,0.040373372953069996,16187.44,-0.2582201692163416,0,26.0,0,2.0,-0.4166832419575738,-1.2489327374304717,-0.13107973067417975,0.0,0.0,-0.482803364193296,0.0,5
309031,2,1,0.19035880805821428,0.08527693685242825,8093.72,-0.2582201692163416,0,26.0,1,2.0,-0.4166832419575738,-1.2489327374304717,-0.13107973067417975,0.0,0.0,-0.482803364193296,0.0,5
309032,1,1,0.12965916528669882,0.0,20234.3,-1.149215658364939,0,0.0,0,2.0,-0.8683809820882916,-1.2489327374304717,-0.13107973067417975,0.0,0.0,-0.482803364193296,0.0,5
309033,1,1,0.0729176393244127,0.04585105285480118,28328.02,0.03877832716652424,0,26.0,0,0.0,0.03501449817314403,-1.2489327374304717,-0.13107973067417975,1.0,0.0,-0.482803364193296,0.0,5
309035,2,1,0.2631191530095196,0.0,6070.29,-0.2582201692163416,0,23.0,1,2.0,-0.8683809820882916,-0.5419327063522275,-0.13107973067417975,0.0,0.0,-0.482803364193296,0.0,5
309036,1,1,0.07715406158662481,0.0,8093.72,-0.2582201692163416,0,22.0,0,0.0,-0.3037588069248943,-0.3062660293261461,-0.13107973067417975,1.0,0.0,-0.482803364193296,0.0,5
309037,2,1,0.36294718945551924,0.0,12140.58,0.3357768235493901,0,23.0,0,0.0,0.5996366733365414,-0.07059935230006469,-0.13107973067417975,0.0,0.25,1.8696128652843906,0.0,5
309040,1,1,0.0999923205251461,0.0,8093.72,-1.446214154747805,0,16.0,0,0.0,-1.20715428718633,-1.2489327374304717,-0.13107973067417975,0.0,0.0,-0.482803364193296,0.0,5
309041,2,2,0.4791690596088216,0.0,8093.72,-0.8522171619820733,0,26.0,0,1.0,-0.4166832419575738,-0.3062660293261461,-0.13107973067417975,1.0,3.0,-0.13685980103481263,0.0,5
309043,1,1,0.1122007061958708,0.0,8093.72,-0.5552186655992074,0,34.0,0,1.0,1.6159565886306564,-1.2489327374304717,-0.13107973067417975,0.0,0.0,-0.482803364193296,0.0,5
309044,1,1,0.23397839042588464,0.020783219474646397,4046.86,0.9297738163151218,1,34.0,0,2.0,-0.8683809820882916,-1.2489327374304717,-0.13107973067417975,0.0,1.5,-0.482803364193296,0.0,5
309046,1,1,0.07517735534994925,0.0,20234.3,-1.446214154747805,0,16.0,0,0.0,-0.4166832419575738,-1.2489327374304717,-0.13107973067417975,0.0,3.0,-0.482803364193296,0.0,5
309047,2,2,0.53634106811854,0.04724000283440017,8093.72,-0.8522171619820733,0,25.0,0,1.0,-1.0942298521536507,-0.3062660293261461,-0.13107973067417975,0.0,3.0,-0.482803364193296,0.0,5
309048,1,1,0.18115419594338023,0.0,4046.86,-0.8522171619820733,0,26.0,0,2.0,0.2608633682385029,-1.2489327374304717,-0.13107973067417975,1.0,0.0,0.9009708884406373,0.0,5
309050,1,1,0.07937894869087274,0.7220042838920844,24281.16,0.9297738163151218,0,26.0,0,0.0,-0.9813054171209711,-1.2489327374304717,-0.13107973067417975,1.0,0.0,-0.482803364193296,0.0,5
309053,1,1,0.10321941421521108,0.5859806753604668,12140.58,-0.2582201692163416,0,0.0,0,2.0,-0.5296076769902532,0.6364006787781795,-0.13107973067417975,0.0,0.0,-0.482803364193296,0.0,5
309056,1,1,0.12273410052464524,0.5010962001292262,24281.16,0.9297738163151218,0,0.0,0,0.0,-1.0942298521536507,0.1650673247260167,-0.13107973067417975,0.0,0.0,-0.482803364193296,0.0,5
309058,1,1,0.11818890281059695,0.7149678444167027,20234.300000000003,0.03877832716652424,0,0.0,0,2.0,-0.8683809820882916,0.6364006787781795,-0.13107973067417975,0.0,0.0,-0.482803364193296,0.0,5
309059,1,1,0.1995331445972619,0.014994264377718064,4046.86,0.9297738163151218,0,0.0,0,2.0,-0.5296076769902532,0.6364006787781795,-0.13107973067417975,0.0,0.0,-0.482803364193296,0.0,5
309060,2,1,0.049592789484429724,0.2915451895043732,8093.72,-1.149215658364939,0,0.0,0,0.0,-1.0942298521536507,-1.2489327374304717,-0.13107973067417975,0.0,0.0,-0.482803364193296,0.0,5
309061,1,1,0.08562038009843459,0.13946223362713378,12140.58,-1.149215658364939,0,0.0,0,2.0,-1.0942298521536507,0.4007340017520981,-0.13107973067417975,0.0,3.0,-0.27523722629820596,0.0,5
309064,2,1,0.3171179956442536,0.0,28328.02,-1.149215658364939,0,16.0,0,1.0,-1.3200787222190096,-1.2489327374304717,-0.13107973067417975,0.0,0.0,-0.482803364193296,0.0,5
309065,1,1,0.12391329358573795,0.0,20234.300000000003,-0.5552186655992074,0,26.0,0,2.0,0.03501449817314403,-0.07059935230006469,-0.13107973067417975,1.0,0.0,-0.482803364193296,1.0,5
309068,2,2,0.4842672879059715,0.23610851362741264,32374.879999999997,0.03877832716652424,0,24.0,0,2.0,-0.7554565470556122,-0.3062660293261461,-0.13107973067417975,0.0,0.25,-0.482803364193296,0.0,5
309069,1,1,0.10678299751411435,0.03046265675968339,4046.86,-1.446214154747805,0,0.0,0,1.0,-0.8683809820882916,-0.3062660293261461,-0.13107973067417975,0.0,3.0,-0.27523722629820596,0.0,5
309071,1,1,0.11651049539658835,0.0,0.0,-0.8522171619820733,0,11.0,0,2.0,-0.8683809820882916,-1.2489327374304717,-0.13107973067417975,0.0,0.0,-0.482803364193296,0.0,5
309084,1,1,0.06835785929805333,0.0,0.0,-0.8522171619820733,0,26.0,0,0.0,0.7125611083692208,-1.2489327374304717,-0.13107973067417975,1.0,0.0,-0.482803364193296,0.0,5
309086,1,1,0.16135731778175036,0.0,16187.44,-1.149215658364939,0,16.0,0,2.0,-1.20715428718633,-1.2489327374304717,-0.13107973067417975,0.0,0.0,-0.482803364193296,0.0,5
309087,1,1,0.0961374385886468,0.012521512124409027,12140.58,-0.8522171619820733,0,23.0,0,0.0,-0.5296076769902532,-0.07059935230006469,-0.13107973067417975,0.0,0.0,-0.482803364193296,0.0,5
309088,2,2,0.4221032231112501,0.0,16187.44,-0.2582201692163416,0,16.0,0,1.0,-0.5296076769902532,0.6364006787781795,-0.13107973067417975,0.0,0.0,-0.482803364193296,0.0,5
309093,1,1,0.07911315751548116,0.2616773518251995,12140.58,-1.446214154747805,0,0.0,0,2.0,-0.7554565470556122,-0.7775993833783089,-0.13107973067417975,1.0,3.0,-0.482803364193296,0.0,5
309094,1,1,0.07213959355124956,0.18239114292248626,14164.01,0.3357768235493901,0,25.0,0,0.0,0.2608633682385029,0.1650673247260167,-0.13107973067417975,1.0,3.0,-0.34442593892990264,0.0,5
309095,2,1,0.30389701228657245,0.23436790791757706,4046.86,-0.2582201692163416,0,25.0,0,1.0,-0.1908343718922149,0.1650673247260167,-0.13107973067417975,0.0,0.0,-0.482803364193296,0.0,5
309096,1,1,0.1335118327654372,0.0,8093.72,-0.5552186655992074,0,26.0,0,1.0,-0.1908343718922149,-0.5419327063522275,-0.13107973067417975,1.0,0.0,-0.482803364193296,0.0,5
309101,2,1,0.3352770516967949,0.0,8093.72,-0.5552186655992074,0,34.0,0,1.0,0.1479389332058235,-1.2489327374304717,-0.13107973067417975,1.0,0.0,-0.482803364193296,0.0,5
309103,2,1,0.15120795702720793,0.0,4046.86,-0.2582201692163416,0,41.0,0,0.0,-0.8683809820882916,1.8147340639085865,-0.13107973067417975,0.0,0.0,-0.482803364193296,0.0,5
309105,2,2,0.3872909193975116,0.0,0.0,-1.149215658364939,0,26.0,0,2.0,-0.4166832419575738,-0.5419327063522275,-0.13107973067417975,0.0,0.0,-0.482803364193296,0.0,5
309109,1,0,0.22014540807562114,0.8719943008778002,24402.5658,0.03877832716652424,0,26.0,0,2.0,-0.8683809820882916,0.1650673247260167,-0.13107973067417975,0.0,0.0,2.2847451410745707,0.0,5
309112,2,2,0.3948390062977347,0.0,0.0,0.6327753199322559,0,16.0,0,2.0,-0.4166832419575738,0.6364006787781795,-0.13107973067417975,0.0,0.0,-0.13685980103481263,0.0,5
309113,1,1,0.21841559960420853,0.12377616318649354,28328.02,0.9297738163151218,0,26.0,0,2.0,-0.1908343718922149,0.4007340017520981,-0.13107973067417975,0.0,0.0,-0.482803364193296,0.0,5
309114,2,1,0.15372022337411814,0.04698906052557879,0.0,0.3357768235493901,0,16.0,1,0.0,-0.8683809820882916,-1.2489327374304717,-0.13107973067417975,1.0,3.0,0.07070633686027739,0.0,5
309115,1,1,0.17797166615851698,0.07096560533661352,60000.0,0.03877832716652424,0,16.0,0,1.0,-0.3037588069248943,0.6364006787781795,-0.13107973067417975,0.0,0.0,-0.482803364193296,0.0,5
309116,1,1,0.05524380878767184,0.12110121370327512,32374.879999999997,-1.446214154747805,0,26.0,0,0.0,-0.7554565470556122,-1.2489327374304717,-0.13107973067417975,0.0,3.0,0.555027325282154,0.0,5
309117,1,1,0.23149010659033833,0.0,0.0,-0.5552186655992074,0,0.0,0,2.0,-0.8683809820882916,-0.5419327063522275,-0.13107973067417975,0.0,0.0,4.014462956866987,0.0,5
309119,1,1,0.20012080751618377,0.03751641343087601,10117.15,-0.5552186655992074,0,26.0,0,2.0,-0.7554565470556122,-0.07059935230006469,-0.13107973067417975,0.0,0.0,-0.482803364193296,0.0,5
309120,1,1,0.048402375418990486,0.22897704505123362,8093.72,-1.149215658364939,0,0.0,0,0.0,-1.20715428718633,-1.2489327374304717,-0.13107973067417975,0.0,0.0,-0.482803364193296,0.0,5
309126,1,1,0.0715469222406263,0.031768219073638734,10117.15,0.6327753199322559,0,26.0,1,0.0,-0.3037588069248943,-1.2489327374304717,-0.13107973067417975,1.0,0.0,-0.482803364193296,0.0,5
310071,2,2,0.6134342311349515,0.11144081299358596,0.0,1.5237708090808535,1,26.0,1,1.0,-1.0942298521536507,0.8720673558042609,-0.13107973067417975,0.0,1.5,0.20908376212367072,0.0,0
310072,1,1,0.16505372607467914,0.03471900749930562,60000.0,0.03877832716652424,1,26.0,0,0.0,-1.0942298521536507,1.3434007098564238,-0.13107973067417975,0.0,3.0,-0.482803364193296,0.0,0
310073,1,1,0.1883300706530009,0.10923507623928404,0.0,2.1177678018465853,1,34.0,1,0.0,-1.3200787222190096,0.8720673558042609,-0.13107973067417975,0.0,3.0,-0.482803364193296,0.0,0
310074,1,1,0.14147672544743786,0.04007237128323223,60000.0,0.6327753199322559,1,0.0,0,0.0,-0.8683809820882916,0.8720673558042609,-0.13107973067417975,0.0,3.0,-0.482803364193296,0.0,0
310075,2,2,0.5817054829683089,0.06330831147689246,10000.0,0.3357768235493901,1,13.0,0,1.0,-1.0942298521536507,-0.07059935230006469,-0.13107973067417975,0.0,0.0,-0.482803364193296,0.0,0
310076,2,2,0.4178648368663522,0.04607339491810455,0.0,0.6327753199322559,0,15.0,1,0.0,-1.3200787222190096,0.1650673247260167,-0.13107973067417975,0.0,0.0,-0.482803364193296,0.0,0
310077,2,2,0.6343493688863822,0.04029486247129443,60000.0,0.6327753199322559,1,23.0,1,0.0,-1.20715428718633,0.1650673247260167,-0.13107973067417975,0.0,1.5,0.9009708884406373,0.0,0
310078,1,1,0.13665528067349964,0.05711516560925546,10050.0,-0.8522171619820733,1,26.0,0,0.0,-1.3200787222190096,1.1077340328303422,-0.13107973067417975,0.0,3.0,-0.482803364193296,0.0,0
310079,1,1,0.2630458630933065,0.10903274894002149,0.0,-1.149215658364939,1,0.0,1,0.0,-1.5459275922843685,0.4007340017520981,-0.13107973067417975,0.0,0.0,0.20908376212367072,0.0,0
310080,1,1,0.18646048687536462,0.021305536222844593,60000.0,-0.2582201692163416,1,0.0,0,1.0,-0.8683809820882916,1.3434007098564238,-0.13107973067417975,0.0,3.0,-0.482803364193296,0.0,0
310081,1,1,0.11202434191493489,0.3497923585861282,60000.0,2.1177678018465853,1,26.0,1,0.0,-0.4166832419575738,1.3434007098564238,-0.13107973067417975,0.0,3.0,-0.482803364193296,0.0,0
310082,2,2,0.5110000514824385,0.08938649974510826,0.0,0.9297738163151218,0,21.0,1,1.0,-1.433003157251689,0.6364006787781795,-0.13107973067417975,0.0,0.0,-0.482803364193296,0.0,0
310083,1,1,0.2688617376147512,0.008224125801688483,10000.0,-0.5552186655992074,0,16.0,0,0.0,-1.5459275922843685,-0.3062660293261461,-0.13107973067417975,0.0,0.0,-0.482803364193296,0.0,0
310084,2,0,0.3985209834992687,0.1800548607858842,20234.300000000003,0.3357768235493901,0,23.0,0,0.0,-0.6425321120229327,-0.07059935230006469,-0.13107973067417975,0.0,0.0,-0.482803364193296,0.0,0
310085,1,1,0.14096463648936672,0.05987306909352173,0.0,0.9297738163151218,0,0.0,1,0.0,-1.433003157251689,1.1077340328303422,-0.13107973067417975,0.0,0.0,-0.482803364193296,0.0,0
310086,2,2,0.5795507109957023,0.028773174191564086,40234.3,-0.5552186655992074,0,23.0,0,2.0,-0.07790993685953543,0.1650673247260167,-0.13107973067417975,1.0,0.0,-0.482803364193296,0.0,0
310087,1,0,0.3527502191197045,0.09303581652485417,16187.44,0.9297738163151218,0,21.0,0,1.0,-0.3037588069248943,-0.07059935230006469,-0.13107973067417975,0.0,0.0,-0.482803364193296,0.0,0
310088,2,2,0.7749725219984049,0.04268286671297825,60000.0,0.6327753199322559,0,16.0,0,2.0,-1.433003157251689,0.4007340017520981,-0.13107973067417975,0.0,0.0,-0.482803364193296,0.0,0
310089,2,2,0.6241517528074495,0.1421767256700078,10000.0,0.6327753199322559,0,23.0,1,2.0,-1.20715428718633,0.8720673558042609,-0.13107973067417975,0.0,0.0,-0.482803364193296,0.0,0
310090,1,1,0.12157890773548001,0.12552563861168645,0.0,2.1177678018465853,0,0.0,1,0.0,-0.9813054171209711,1.1077340328303422,-0.13107973067417975,0.0,0.0,-0.482803364193296,0.0,0
310091,2,0,0.43137226882941954,0.5484952201109751,0.0,-0.8522171619820733,1,0.0,1,1.0,0.03501449817314403,-0.07059935230006469,-0.13107973067417975,0.0,0.0,1.5928580147576041,0.0,0
310092,2,2,0.6989745354200579,0.07210754095822115,60000.0,-0.5552186655992074,0,26.0,0,0.0,-1.433003157251689,-0.07059935230006469,-0.13107973067417975,0.0,0.0,0.6242160379138507,0.0,0
310093,2,0,0.3400132931953866,0.07779395078679523,0.0,-0.2582201692163416,1,43.0,1,0.0,0.8254855434019003,0.1650673247260167,-0.13107973067417975,0.0,0.0,0.555027325282154,0.0,0
310094,1,1,0.16690979608889603,0.04302052265002419,10000.0,0.3357768235493901,1,42.0,0,0.0,0.7125611083692208,-0.3062660293261461,-0.13107973067417975,0.0,0.0,1.5928580147576041,0.0,0
310095,1,0,0.14986262569901174,0.4192578421389874,0.0,-0.5552186655992074,1,26.0,0,0.0,0.2608633682385029,-0.07059935230006469,-0.13107973067417975,0.0,0.0,2.2847451410745707,0.0,0
310096,1,1,0.13599561265799007,0.3203375302850493,60000.0,0.03877832716652424,1,26.0,0,0.0,-0.9813054171209711,1.1077340328303422,-0.13107973067417975,0.0,0.0,-0.482803364193296,0.0,0
310097,2,2,0.5642405388122634,0.16137983718979806,20000.0,-0.5552186655992074,1,42.0,0,2.0,-0.6425321120229327,-0.3062660293261461,-0.13107973067417975,0.0,0.0,0.555027325282154,0.0,0
310098,1,0,0.17785272049307285,0.29039198470128663,10000.0,-1.446214154747805,1,31.0,0,0.0,-0.9813054171209711,-1.2489327374304717,-0.13107973067417975,0.0,0.0,-0.482803364193296,0.0,0
310099,1,1,0.13889699055070426,0.2899620097644557,50000.0,0.3357768235493901,1,41.0,0,0.0,-0.4166832419575738,1.1077340328303422,-0.13107973067417975,0.0,0.0,-0.482803364193296,0.0,0
310100,2,2,0.7562838104219657,0.032172627852595476,50000.0,0.9297738163151218,0,24.0,0,2.0,-1.433003157251689,-0.3062660293261461,-0.13107973067417975,3.0,0.0,0.20908376212367072,0.0,0
319001,2,2,0.5767496193021292,0.026817068075833023,0.0,0.3357768235493901,1,16.0,0,0.0,-1.5459275922843685,1.1077340328303422,-0.13107973067417975,0.0,1.5,0.555027325282154,0.0,0
319002,1,1,0.13532314950019533,0.904295851620859,60000.0,2.1177678018465853,1,25.0,1,0.0,0.8254855434019003,1.1077340328303422,-0.13107973067417975,1.0,0.0,0.555027325282154,0.0,0
319004,2,2,0.6675159459572617,0.08230434727928068,42140.58,0.3357768235493901,1,25.0,1,0.0,-0.6425321120229327,0.8720673558042609,-0.13107973067417975,0.0,0.0,0.9009708884406373,0.0,0
319005,1,0,0.1244209791098851,0.029705079379971012,0.0,-0.2582201692163416,1,23.0,0,0.0,-0.5296076769902532,0.8720673558042609,-0.13107973067417975,0.0,3.0,-0.482803364193296,0.0,0
319006,1,1,0.2922622116755353,0.36232759245392404,0.0,0.9297738163151218,1,41.0,1,2.0,-0.5296076769902532,-1.2489327374304717,-0.13107973067417975,0.0,3.0,0.20908376212367072,0.0,0
319007,2,2,0.6023354701983635,0.20798164446259837,40000.0,0.03877832716652424,1,43.0,0,0.0,-0.3037588069248943,0.6364006787781795,-0.13107973067417975,0.0,0.0,1.2469144515991206,0.0,0
319008,1,0,0.24437466364481528,0.1361146109645777,10000.0,-0.2582201692163416,1,41.0,1,1.0,-0.4166832419575738,-1.2489327374304717,-0.13107973067417975,0.0,0.0,0.20908376212367072,0.0,0
319009,2,2,0.5555200358547202,0.5241995488320025,40000.0,0.6327753199322559,1,26.0,0,0.0,0.5996366733365414,0.1650673247260167,-0.13107973067417975,0.0,0.0,5.070594060833525,0.0,0
319010,2,2,0.4985930947346706,0.036185210380813154,0.0,1.2267723126979877,1,26.0,1,0.0,-0.5296076769902532,-0.5419327063522275,-0.13107973067417975,0.0,0.0,0.20908376212367072,0.0,0
319012,2,2,0.6411399165066645,0.06338641945963078,0.0,0.6327753199322559,1,34.0,0,0.0,-0.8683809820882916,-0.07059935230006469,-0.13107973067417975,0.0,1.8,1.5928580147576041,0.0,0
319025,1,1,0.12330980807083997,0.3372271421986745,60000.0,0.3357768235493901,1,26.0,1,0.0,-1.0942298521536507,1.1077340328303422,-0.13107973067417975,0.0,3.0,-0.482803364193296,0.0,0
319026,2,2,0.5084873040228015,0.11099844481874019,60000.0,0.9297738163151218,1,26.0,0,0.0,-1.0942298521536507,0.8720673558042609,-0.13107973067417975,0.0,3.0,-0.482803364193296,0.0,0
319027,1,1,0.13911011053645264,0.046754520856820345,48093.72,0.6327753199322559,1,0.0,0,0.0,-1.3200787222190096,1.1077340328303422,-0.13107973067417975,0.0,3.0,-0.482803364193296,0.0,0
319029,2,2,0.6562473891390304,0.004509525416015139,26187.440000000002,0.03877832716652424,1,26.0,1,2.0,-0.8683809820882916,0.1650673247260167,-0.13107973067417975,0.0,3.0,-0.482803364193296,0.0,0
319030,1,1,0.0881651441075977,0.29170598905323364,30000.0,0.3357768235493901,1,26.0,0,0.0,-0.8683809820882916,1.1077340328303422,-0.13107973067417975,0.0,3.0,-0.482803364193296,0.0,0
319031,2,2,0.6396016776785721,0.030116741182314954,50000.0,-0.2582201692163416,0,26.0,0,2.0,-0.7554565470556122,0.8720673558042609,-0.13107973067417975,0.0,0.3333333333333333,1.2469144515991206,0.0,0
319032,1,1,0.10017879670279671,0.06627675490711817,0.0,-0.5552186655992074,1,0.0,1,0.0,-0.9813054171209711,1.1077340328303422,-0.13107973067417975,0.0,3.0,-0.482803364193296,0.0,0
319033,2,2,0.648210803747489,1.742467626036633,14046.86,0.6327753199322559,1,34.0,1,0.0,-1.433003157251689,0.1650673247260167,-0.13107973067417975,0.0,0.0,2.9766322673915373,0.0,0
319034,2,2,0.6855446918039108,0.010063601964415103,10000.0,0.03877832716652424,0,26.0,0,2.0,-1.0942298521536507,0.4007340017520981,-0.13107973067417975,0.0,3.0,1.2469144515991206,0.0,0
319036,2,2,0.5172880016720849,0.8790048991410888,0.0,-0.2582201692163416,1,14.0,1,1.0,-1.433003157251689,0.4007340017520981,-0.13107973067417975,0.0,3.0,-0.482803364193296,0.0,0
319037,1,1,0.0806591182032423,0.4167291760430731,60000.0,0.3357768235493901,1,34.0,1,0.0,1.1642588484999385,0.4007340017520981,-0.13107973067417975,1.0,3.0,-0.482803364193296,0.0,0
319038,2,2,0.6609373238652564,0.3530303250037039,50000.0,0.6327753199322559,1,41.0,1,0.0,-0.6425321120229327,-0.07059935230006469,-0.13107973067417975,2.0,2.25,-0.2060485136665093,0.0,0
319039,2,2,0.4772810678112775,0.0,0.0,-1.149215658364939,1,43.0,1,0.0,-0.6425321120229327,-0.5419327063522275,-0.13107973067417975,1.0,2.25,-0.482803364193296,0.0,0
319040,1,1,0.11960107192393515,0.0,30000.0,-0.5552186655992074,0,26.0,0,0.0,-0.8683809820882916,-1.2489327374304717,-0.13107973067417975,0.0,0.0,-0.482803364193296,0.0,0
319041,1,0,0.10422454578638636,0.0,30000.0,0.6327753199322559,1,43.0,0,0.0,0.8254855434019003,-1.2489327374304717,-0.13107973067417975,0.0,3.0,-0.482803364193296,0.0,0
319042,2,2,0.5523471494956406,0.515617753006314,40000.0,0.3357768235493901,1,43.0,0,0.0,-0.6425321120229327,-0.07059935230006469,-0.13107973067417975,0.0,3.0,-0.13685980103481263,0.0,0
319043,1,1,0.2338489985904401,0.3278401888359488,0.0,-0.8522171619820733,1,26.0,0,0.0,-1.3200787222190096,-1.2489327374304717,-0.13107973067417975,0.0,3.0,4.706350083183954,0.0,0
319048,1,1,0.2280402528801273,0.030595742820927488,0.0,0.03877832716652424,1,34.0,0,0.0,-0.6425321120229327,-0.7775993833783089,-0.13107973067417975,0.0,1.5,-0.13685980103481263,0.0,0
319049,1,1,0.10779670935058679,0.12769489433247494,0.0,0.6327753199322559,1,26.0,0,0.0,-1.0942298521536507,1.1077340328303422,-0.13107973067417975,0.0,3.0,-0.482803364193296,0.0,0
319050,1,1,0.15976016730473167,0.276999183142455,10900.0,-0.2582201692163416,1,25.0,0,0.0,-1.20715428718633,1.3434007098564238,-0.13107973067417975,0.0,3.0,-0.482803364193296,0.0,0
319051,2,2,0.4718437197759014,2.468636561307848,40000.0,-0.2582201692163416,1,32.0,1,2.0,-0.5296076769902532,0.1650673247260167,-0.13107973067417975,0.0,0.6,1.5928580147576041,0.0,0
319052,1,1,0.20307349490963036,0.05301163390452175,0.0,-1.149215658364939,1,23.0,0,1.0,-1.20715428718633,0.8720673558042609,-0.13107973067417975,0.0,3.0,-0.482803364193296,0.0,0
319054,2,2,0.6605137007731813,0.8105319752459302,49180.0,-0.8522171619820733,0,24.0,1,2.0,-1.433003157251689,-0.07059935230006469,-0.13107973067417975,0.0,0.0,-0.482803364193296,0.0,0
319056,1,1,0.17815865785537388,0.08849557522123894,20000.0,-1.149215658364939,1,26.0,0,0.0,-0.9813054171209711,-0.3062660293261461,-0.13107973067417975,0.0,0.0,0.20908376212367072,0.0,0
319057,1,1,0.33065145827779663,0.4629752645233698,30000.0,0.03877832716652424,1,41.0,0,0.0,-1.5459275922843685,-1.2489327374304717,-0.13107973067417975,0.0,0.0,4.083651669498684,0.0,0
319058,1,1,0.08810814616506825,1.9954105557218398,30000.0,-1.149215658364939,1,41.0,1,0.0,-0.9813054171209711,1.3434007098564238,-0.13107973067417975,0.0,3.0,-0.482803364193296,0.0,0
319059,1,1,0.05262190688237935,0.8680304389340586,0.0,0.03877832716652424,1,26.0,0,0.0,0.03501449817314403,1.3434007098564238,-0.13107973067417975,0.0,3.0,-0.482803364193296,0.0,0
319060,1,1,0.15831748872633852,1.4047903350424948,0.0,0.03877832716652424,1,26.0,1,0.0,0.03501449817314403,-1.2489327374304717,-0.13107973067417975,0.0,0.0,4.360406520025471,0.0,0
319061,2,2,0.821806050875252,0.42121751248574885,40000.0,-0.2582201692163416,1,26.0,1,1.0,-1.0942298521536507,0.8720673558042609,-0.13107973067417975,2.0,0.0,2.9766322673915373,0.0,0
319062,2,2,0.6567812057768474,0.0,0.0,0.3357768235493901,1,16.0,1,1.0,-1.3200787222190096,-1.2489327374304717,-0.13107973067417975,0.0,1.5,0.9009708884406373,0.0,0
319063,1,1,0.11892069855082299,0.022906778573915595,20000.0,0.6327753199322559,1,26.0,0,0.0,-0.1908343718922149,1.1077340328303422,-0.13107973067417975,0.0,3.0,-0.482803364193296,0.0,0
319064,2,2,0.5389186605534954,0.05897600630807731,60000.0,0.03877832716652424,1,26.0,1,0.0,-1.5459275922843685,0.8720673558042609,-0.13107973067417975,0.0,2.0,-0.482803364193296,0.0,0
319065,1,1,0.15732899181870438,0.10298156051456919,8093.72,0.9297738163151218,1,26.0,0,0.0,-1.0942298521536507,1.1077340328303422,-0.13107973067417975,1.0,3.0,-0.482803364193296,0.0,0
319069,2,0,0.13202496315215526,0.03125130213758907,0.0,0.03877832716652424,1,43.0,1,0.0,0.5996366733365414,0.4007340017520981,-0.13107973067417975,0.0,3.0,-0.482803364193296,0.0,0
319070,2,2,0.5801297194406404,0.19503977507548928,30000.0,0.6327753199322559,1,26.0,1,0.0,-0.3037588069248943,-0.07059935230006469,-0.13107973067417975,1.0,0.0,0.9009708884406373,0.0,0
319071,2,2,0.6001448004199842,0.07114169484942469,20000.0,-1.149215658364939,1,0.0,0,0.0,-0.9813054171209711,0.8720673558042609,-0.13107973067417975,0.0,0.0,2.9766322673915373,0.0,0
319072,1,1,0.08368324155658906,0.16409243393432196,40000.0,1.2267723126979877,1,26.0,1,0.0,0.8254855434019003,1.1077340328303422,-0.13107973067417975,1.0,3.0,-0.482803364193296,0.0,0
319079,1,1,0.10923577695511515,0.12237904870686138,0.0,-0.2582201692163416,1,26.0,1,0.0,-0.8683809820882916,1.1077340328303422,-0.13107973067417975,0.0,3.0,-0.482803364193296,0.0,0
319083,2,2,0.5138809274829887,0.4266666666666667,0.0,-1.149215658364939,0,0.0,1,2.0,-1.0942298521536507,-0.3062660293261461,-0.13107973067417975,0.0,3.0,0.20908376212367072,0.0,0
320051,1,1,0.1335654961721594,0.0,100.0,-0.8522171619820733,0,26.0,0,1.0,-0.5296076769902532,-1.2489327374304717,-0.13107973067417975,0.0,0.0,-0.482803364193296,0.0,4
320052,1,1,0.06460061791029274,0.0,200.0,0.03877832716652424,0,26.0,0,1.0,3.422747549153528,-1.2489327374304717,-0.13107973067417975,0.0,0.0,-0.27523722629820596,0.0,4
320054,1,2,0.42037092931367565,0.0,0.0,-1.149215658364939,1,26.0,0,2.0,-0.1908343718922149,-0.3062660293261461,-0.13107973067417975,0.0,0.0,-0.2060485136665093,0.0,4
320055,1,1,0.12484397961364833,0.3264260214869714,0.0,-0.8522171619820733,0,42.0,0,0.0,3.422747549153528,0.4007340017520981,-0.13107973067417975,0.0,0.0,-0.482803364193296,0.0,4
320081,2,2,0.5672755913722339,0.6162182569692455,0.0,-1.446214154747805,0,14.0,0,2.0,-0.7554565470556122,-0.07059935230006469,-0.13107973067417975,0.0,0.0,-0.482803364193296,0.0,4
320181,1,1,0.07061958463598612,0.010047423840527288,550.0,0.3357768235493901,0,42.0,1,0.0,3.561644604243726,-0.3062660293261461,-0.13107973067417975,3.0,0.0,-0.482803364193296,0.0,4
320182,2,2,0.4267881514474114,0.201188271140669,0.0,-0.5552186655992074,0,26.0,0,0.0,0.9384099784345797,0.4007340017520981,-0.13107973067417975,0.0,0.0,-0.482803364193296,0.0,4
320183,1,2,0.4170445938500846,0.1261556088823598,1880.0,-0.2582201692163416,0,32.0,0,2.0,2.0676543287613747,0.6364006787781795,-0.13107973067417975,0.0,0.0,-0.482803364193296,0.0,4
320184,1,1,0.09836291630803512,0.0,0.0,-0.2582201692163416,0,26.0,0,2.0,0.3737878032711824,-1.2489327374304717,-0.13107973067417975,0.0,0.0,-0.482803364193296,0.0,4
320186,2,2,0.5203004377836374,0.04905166775670373,550.0,0.03877832716652424,0,42.0,0,2.0,0.1479389332058235,0.4007340017520981,-0.13107973067417975,0.0,0.0,-0.482803364193296,0.0,4
320191,1,1,0.3902224886025363,0.14151602316738332,0.0,0.6327753199322559,0,42.0,0,2.0,1.277183283532618,0.6364006787781795,-0.13107973067417975,0.0,0.0,-0.482803364193296,0.0,4
329001,1,2,0.45039190015597524,0.003584486343107033,2030.0,-0.2582201692163416,0,26.0,0,1.0,-1.20715428718633,-0.5419327063522275,-0.13107973067417975,0.0,0.0,-0.482803364193296,0.0,4
329002,1,1,0.09634911189488275,0.3691695557284239,0.0,0.6327753199322559,0,26.0,0,2.0,0.03501449817314403,0.1650673247260167,-0.13107973067417975,0.0,0.0,-0.482803364193296,0.0,4
329003,1,1,0.0488502923044753,2.2532862821108384,0.0,0.6327753199322559,0,26.0,0,2.0,1.051334413467259,1.3434007098564238,-0.13107973067417975,0.0,0.0,-0.482803364193296,0.0,4
329005,2,1,0.1696892831385752,0.0,0.0,-0.5552186655992074,0,24.0,0,2.0,-1.0942298521536507,-1.2489327374304717,-0.13107973067417975,0.0,0.0,-0.482803364193296,0.0,4
329006,2,2,0.5586803727640812,0.6133095483727176,1050.0,-1.446214154747805,0,0.0,0,1.0,-1.20715428718633,-1.2489327374304717,-0.13107973067417975,0.0,0.0,-0.482803364193296,0.0,4
329010,2,2,0.4829102189306971,0.0,650.0,-1.446214154747805,0,26.0,0,2.0,-0.4166832419575738,-1.2489327374304717,-0.13107973067417975,0.0,0.0,-0.482803364193296,0.0,4
329011,2,2,0.47234254926009184,0.0,8370.0,0.3357768235493901,0,26.0,0,1.0,1.503032153597977,-1.2489327374304717,-0.13107973067417975,0.0,0.0,-0.482803364193296,0.0,4
329012,1,1,0.07824836687052451,0.504365969561652,0.0,-0.2582201692163416,0,41.0,0,1.0,0.48671223830386184,0.8720673558042609,-0.13107973067417975,0.0,0.0,-0.482803364193296,0.0,4
329049,1,2,0.5204366567442154,0.038107525770795944,1770.0,-0.5552186655992074,0,31.0,0,2.0,0.9384099784345797,0.6364006787781795,-0.13107973067417975,0.0,0.0,-0.34442593892990264,0.0,4
329050,1,1,0.05314574260472513,2.1222210792783343,0.0,0.03877832716652424,1,26.0,0,1.0,0.3737878032711824,0.8720673558042609,-0.13107973067417975,0.0,0.0,-0.482803364193296,0.0,4
329053,1,1,0.2360358335450262,0.0,30.0,-0.5552186655992074,1,26.0,0,2.0,-0.7554565470556122,0.6364006787781795,-0.13107973067417975,0.0,3.0,-0.06767108840311596,0.0,4
329054,2,2,0.5961550101570826,0.3312483718101932,0.0,-1.149215658364939,1,34.0,0,2.0,-0.07790993685953543,1.3434007098564238,-0.13107973067417975,0.0,1.5,-0.13685980103481263,0.0,4
329055,1,2,0.5355026130751183,0.18380771198553236,700.0,-1.149215658364939,1,16.0,1,2.0,-0.07790993685953543,0.4007340017520981,-0.13107973067417975,0.0,0.0,-0.13685980103481263,0.0,4
329057,2,2,0.5475929239327856,0.31496338725108625,600.0,0.03877832716652424,1,26.0,0,2.0,0.7125611083692208,1.3434007098564238,-0.13107973067417975,0.0,3.0,-0.06767108840311596,0.0,4
329059,1,1,0.07257409556768539,0.4443579211421028,0.0,0.03877832716652424,1,26.0,1,1.0,1.277183283532618,0.4007340017520981,-0.13107973067417975,0.0,3.0,-0.06767108840311596,0.0,4
329061,2,2,0.5065746413682407,0.17173405675265457,0.0,-1.149215658364939,0,16.0,1,2.0,3.561644604243726,2.0504007409346676,-0.13107973067417975,0.0,0.0,-0.482803364193296,0.0,4
329062,1,1,0.08804738043272133,0.00897021887334051,0.0,-0.2582201692163416,0,26.0,0,2.0,0.48671223830386184,-0.5419327063522275,-0.13107973067417975,0.0,0.0,-0.2060485136665093,0.0,4
329063,1,1,0.07994293192794805,0.03196433689950359,0.0,-0.2582201692163416,0,42.0,0,0.0,1.277183283532618,-0.07059935230006469,-0.13107973067417975,0.0,0.0,-0.06767108840311596,0.0,4
329066,2,2,0.5780094858878922,0.2336180831260433,0.0,-0.5552186655992074,0,42.0,0,2.0,1.1642588484999385,0.1650673247260167,-0.13107973067417975,0.0,0.0,-0.482803364193296,0.0,4
329071,1,1,0.3217503835925472,0.0,0.0,-1.446214154747805,0,26.0,0,2.0,-0.8683809820882916,-1.2489327374304717,-0.13107973067417975,0.0,0.0,-0.482803364193296,0.0,4
329073,1,1,0.09829272933006783,0.0,0.0,-0.2582201692163416,0,22.0,0,2.0,0.8254855434019003,-1.2489327374304717,-0.13107973067417975,0.0,0.0,-0.482803364193296,0.0,4
329076,1,1,0.2522005105703271,0.22384277266490976,0.0,0.3357768235493901,0,42.0,1,2.0,1.503032153597977,-0.5419327063522275,-0.13107973067417975,0.0,0.0,-0.482803364193296,0.0,4
329079,2,2,0.5904816384692707,1.1397761062254856,1350.0,-1.149215658364939,0,42.0,0,2.0,1.3901077185652975,1.1077340328303422,-0.13107973067417975,0.0,0.0,-0.482803364193296,0.0,4
329080,1,1,0.09048928676733659,0.06911136605526144,900.0,0.03877832716652424,0,26.0,0,1.0,2.406427633859413,-0.5419327063522275,-0.13107973067417975,0.0,0.0,-0.482803364193296,0.0,4
329085,1,1,0.1745438695257245,0.7375283948432014,0.0,-0.8522171619820733,0,14.0,0,2.0,-0.7554565470556122,0.1650673247260167,-0.13107973067417975,1.0,0.0,-0.482803364193296,0.0,4
329088,2,2,0.652119331835919,0.009958677685950414,3240.0,-0.2582201692163416,0,26.0,0,2.0,-0.3037588069248943,1.1077340328303422,0.7660480637719236,0.0,0.0,-0.482803364193296,0.0,4
329089,2,2,0.6400333640930996,0.31634755795964103,1050.0,-0.5552186655992074,0,26.0,0,2.0,-0.7554565470556122,1.3434007098564238,-0.13107973067417975,0.0,0.0,-0.482803364193296,0.0,4
329090,1,1,0.23433302318054494,0.25058038716039716,0.0,0.03877832716652424,1,26.0,0,2.0,0.48671223830386184,1.3434007098564238,-0.13107973067417975,0.0,0.0,0.20908376212367072,0.0,4
329091,2,2,0.49449987871660306,0.0,0.0,-0.8522171619820733,0,26.0,0,2.0,-0.4166832419575738,0.6364006787781795,-0.13107973067417975,0.0,0.0,-0.482803364193296,0.0,4
329092,2,2,0.5306242737233798,0.018809079148538216,1900.0,-0.2582201692163416,0,21.0,0,2.0,-1.0942298521536507,0.1650673247260167,-0.13107973067417975,0.0,0.0,-0.482803364193296,0.0,4
329095,1,1,0.06614402565192418,0.4617116482480171,0.0,-0.8522171619820733,1,42.0,0,0.0,-0.3037588069248943,-1.2489327374304717,-0.13107973067417975,0.0,3.0,-0.2060485136665093,0.0,4
329096,2,2,0.6803767709660317,0.045045958060043245,2870.0,-0.5552186655992074,1,16.0,0,2.0,-0.9813054171209711,0.8720673558042609,-0.13107973067417975,0.0,0.0,0.001517624228580711,0.0,4
329108,1,2,0.49194764576279254,0.2464041518292546,1830.0,-0.5552186655992074,0,35.0,0,2.0,0.7125611083692208,0.4007340017520981,-0.13107973067417975,0.0,0.0,-0.482803364193296,0.0,4
330031,1,1,0.1152161078872061,0.1520450053215752,0.0,0.03877832716652424,1,51.0,0,1.0,-0.1908343718922149,1.5790673868825051,-0.13107973067417975,0.0,0.0,-0.48072770281434507,0.0,2
330032,1,1,0.14585142761193678,0.07440999192862184,0.0,0.03877832716652424,1,51.0,0,0.0,-0.6425321120229327,-0.3062660293261461,-0.13107973067417975,0.0,0.0,-0.482803364193296,0.0,2
330033,1,1,0.24528433701814245,0.30009926360257627,0.0,-0.2582201692163416,1,51.0,0,2.0,0.48671223830386184,0.6364006787781795,-0.13107973067417975,0.0,1.5,1.9388015779160874,0.0,2
330034,1,1,0.1287735617752625,0.23726046982507917,8093.72,0.03877832716652424,1,51.0,1,2.0,0.3737878032711824,-0.3062660293261461,-0.13107973067417975,0.0,0.0,-0.482803364193296,0.0,2
330035,1,1,0.14223917654996313,0.06072401489994321,0.0,0.9297738163151218,1,51.0,0,0.0,0.48671223830386184,-1.2489327374304717,-0.13107973067417975,0.0,0.0,1.5928580147576041,0.0,2
330036,2,2,0.578577788895147,0.12168022302124985,12140.58,2.1177678018465853,1,51.0,0,1.0,-0.1908343718922149,0.6364006787781795,-0.13107973067417975,0.0,0.0,0.9009708884406373,0.0,2
330037,1,1,0.06372335759271663,0.198431772899715,44515.46,0.9297738163151218,1,51.0,1,0.0,0.3737878032711824,-0.3062660293261461,-0.13107973067417975,0.0,0.0,-0.482803364193296,0.0,2
330039,2,2,0.6223617898553481,0.2558608117184252,0.0,1.8207693054637193,1,51.0,0,2.0,-0.9813054171209711,0.6364006787781795,-0.13107973067417975,0.0,0.0,0.9009708884406373,0.0,2
330040,1,1,0.22148084001770296,0.24041312736155795,40468.6,-0.8522171619820733,1,51.0,1,2.0,-0.4166832419575738,-0.3062660293261461,-0.13107973067417975,0.0,0.0,1.5928580147576041,0.0,2
330051,1,1,0.07201035504033183,0.2997848214253865,0.0,3.3057617873780485,1,51.0,0,0.0,0.7125611083692208,-0.5419327063522275,-0.13107973067417975,0.0,0.0,-0.482803364193296,0.0,2
330052,1,1,0.10862217227414417,0.11236516180583299,0.0,1.2267723126979877,1,51.0,1,1.0,0.2608633682385029,0.4007340017520981,-0.13107973067417975,0.0,2.0,-0.34442593892990264,0.0,2
330055,1,1,0.17436369937739396,0.24123900433244155,10000.0,0.3357768235493901,1,51.0,0,0.0,-0.9813054171209711,-0.07059935230006469,-0.13107973067417975,0.0,0.0,-0.482803364193296,0.0,2
330056,1,1,0.33185618007363565,0.07911151681119732,60000.0,2.1177678018465853,1,51.0,0,2.0,-0.07790993685953543,0.8720673558042609,-0.13107973067417975,0.0,2.0,0.555027325282154,0.0,2
330057,1,1,0.2912406939039812,0.04637894221008785,36421.74,3.0087632909951827,1,51.0,1,2.0,1.954729893728695,0.1650673247260167,-0.13107973067417975,0.0,1.0,1.2469144515991206,0.0,2
330058,1,1,0.08475804207868821,0.12127251171458266,0.0,1.8207693054637193,1,51.0,1,0.0,-0.3037588069248943,-0.7775993833783089,-0.13107973067417975,0.0,0.0,-0.482803364193296,0.0,2
330059,2,2,0.6114060240641481,0.19035009444792156,8093.72,0.9297738163151218,1,51.0,0,2.0,-0.8683809820882916,1.1077340328303422,-0.13107973067417975,0.0,1.5,-0.482803364193296,0.0,2
330060,1,1,0.14630885438439528,0.35900563508330724,16187.44,0.9297738163151218,1,51.0,0,0.0,-0.8683809820882916,-1.2489327374304717,-0.13107973067417975,0.0,0.0,-0.482803364193296,0.0,2
330061,1,1,0.16025447712962007,0.042662369523994464,60000.0,0.03877832716652424,0,51.0,1,0.0,-0.4166832419575738,-0.5419327063522275,-0.13107973067417975,0.0,0.0,-0.482803364193296,0.0,2
330062,1,1,0.277676552224958,0.07793503335619427,40468.6,-0.2582201692163416,0,51.0,0,2.0,-0.9813054171209711,1.1077340328303422,-0.13107973067417975,0.0,0.0,-0.482803364193296,0.0,2
330063,2,2,0.5488356734046919,0.16924097861242932,0.0,0.6327753199322559,0,51.0,0,2.0,-0.07790993685953543,0.4007340017520981,-0.13107973067417975,0.0,0.0,-0.482803364193296,0.0,2
330064,1,1,0.10085033295327561,0.01574625708154078,16187.44,0.6327753199322559,0,51.0,1,0.0,0.1479389332058235,0.6364006787781795,-0.13107973067417975,0.0,0.0,-0.482803364193296,0.0,2
330065,2,2,0.5387078348418424,0.018657551830678985,0.0,-1.149215658364939,0,51.0,1,2.0,-1.3200787222190096,0.1650673247260167,-0.13107973067417975,0.0,0.0,-0.482803364193296,0.0,2
330066,1,1,0.11122329241880939,0.10862203837825726,36421.74,-0.8522171619820733,0,51.0,1,0.0,-0.9813054171209711,-0.5419327063522275,-0.13107973067417975,0.0,0.0,-0.482803364193296,0.0,2
330067,2,2,0.6015598368974846,0.06128122633056798,60000.0,1.5237708090808535,0,51.0,0,0.0,-1.5459275922843685,-0.5419327063522275,-0.13107973067417975,0.0,0.0,-0.482803364193296,0.0,2
330068,1,1,0.11504188995665175,0.05174114941090562,36421.74,-0.8522171619820733,0,51.0,1,2.0,0.2608633682385029,-0.7775993833783089,-0.13107973067417975,0.0,0.0,-0.482803364193296,0.0,2
330069,1,1,0.12045172701240114,0.00888261318045868,0.0,0.3357768235493901,0,51.0,1,0.0,-0.5296076769902532,-0.3062660293261461,-0.13107973067417975,0.0,0.0,-0.482803364193296,0.0,2
330070,1,1,0.16933138303654846,0.0778089013383131,0.0,0.9297738163151218,0,51.0,0,2.0,-0.3037588069248943,1.1077340328303422,-0.13107973067417975,0.0,0.0,-0.482803364193296,0.0,2
339001,2,2,0.5205211857635357,0.15390936941143388,16187.44,0.6327753199322559,1,52.0,1,2.0,-0.07790993685953543,1.1077340328303422,-0.13107973067417975,0.0,0.0,1.5928580147576041,0.0,2
339002,2,2,0.504020344487912,0.19614441819697828,0.0,0.3357768235493901,1,51.0,0,0.0,-0.6425321120229327,-0.07059935230006469,-0.13107973067417975,0.0,0.0,-0.482803364193296,0.0,2
339003,1,1,0.16399305301350575,0.049134747199218114,0.0,1.8207693054637193,1,51.0,0,2.0,0.7125611083692208,-0.07059935230006469,-0.13107973067417975,0.0,0.0,-0.482803364193296,0.0,2
339004,2,2,0.34672147050058344,0.10107066352217095,0.0,1.2267723126979877,1,52.0,1,2.0,-0.1908343718922149,0.1650673247260167,-0.13107973067417975,0.0,3.0,-0.482803364193296,0.0,2
339005,1,1,0.2481131132043047,0.15811588709087687,0.0,2.414766298229451,1,51.0,0,2.0,0.1479389332058235,-0.3062660293261461,-0.13107973067417975,0.0,0.0,0.6934047505455474,0.0,2
339006,1,1,0.168934874052569,0.09755140414899498,0.0,-0.2582201692163416,1,51.0,1,2.0,-0.1908343718922149,0.6364006787781795,-0.13107973067417975,0.0,0.0,-0.2060485136665093,0.0,2
339009,2,2,0.5488779369329606,0.04094964758725031,60000.0,0.6327753199322559,1,51.0,1,0.0,-0.6425321120229327,-1.2489327374304717,-0.13107973067417975,0.0,0.0,0.20908376212367072,0.0,2
339011,2,2,0.6163542127121757,0.17831212480357633,20234.3,0.3357768235493901,1,51.0,1,0.0,-0.6425321120229327,-0.07059935230006469,-0.13107973067417975,0.0,1.0,0.20908376212367072,0.0,2
339012,2,2,0.5110789218069771,0.10808270497429641,0.0,0.03877832716652424,1,51.0,0,1.0,-0.6425321120229327,0.1650673247260167,-0.13107973067417975,0.0,0.0,0.20908376212367072,0.0,2
339026,1,1,0.18062262880066962,0.13839960251107994,0.0,-0.8522171619820733,1,51.0,0,2.0,-0.8683809820882916,0.4007340017520981,-0.13107973067417975,0.0,2.0,1.2469144515991206,0.0,2
339027,1,2,0.35625165657997115,0.04702163302387721,0.0,1.2267723126979877,1,52.0,1,2.0,-0.3037588069248943,-0.5419327063522275,-0.13107973067417975,0.0,0.0,-0.482803364193296,0.0,2
339028,1,1,0.13544244370730338,0.11686332896740807,0.0,-0.2582201692163416,1,51.0,0,0.0,-1.5459275922843685,-0.7775993833783089,-0.13107973067417975,0.0,0.0,-0.482803364193296,0.0,2
339029,2,2,0.6027382660886129,0.11817351539890084,0.0,0.6327753199322559,1,51.0,0,2.0,-0.9813054171209711,0.8720673558042609,-0.13107973067417975,0.0,2.25,-0.482803364193296,0.0,2
339030,1,1,0.16905605175205327,0.11061072988778169,0.0,-1.149215658364939,1,51.0,1,0.0,-0.7554565470556122,-0.5419327063522275,-0.13107973067417975,0.0,0.0,-0.482803364193296,0.0,2
339031,1,1,0.19564913572616485,0.11360731631117044,0.0,0.6327753199322559,1,51.0,1,2.0,-0.3037588069248943,0.4007340017520981,-0.13107973067417975,0.0,1.5,0.20908376212367072,0.0,2
339032,1,1,0.17557842117903077,0.050456758715362995,0.0,-1.149215658364939,1,51.0,0,2.0,-1.0942298521536507,-1.2489327374304717,-0.13107973067417975,0.0,2.0,0.20908376212367072,0.0,2
339033,2,2,0.563951810941849,0.8472182999152781,0.0,0.6327753199322559,1,51.0,0,0.0,-0.7554565470556122,0.6364006787781795,-0.13107973067417975,0.0,2.0,0.9009708884406373,0.0,2
339034,1,1,0.11307210640666088,0.09109714434863016,0.0,0.6327753199322559,1,51.0,1,1.0,0.2608633682385029,-0.5419327063522275,-0.13107973067417975,0.0,0.0,-0.482803364193296,0.0,2
339037,1,1,0.13869900101976018,0.032213549160400916,4046.86,1.2267723126979877,0,51.0,1,2.0,0.5996366733365414,0.8720673558042609,-0.13107973067417975,0.0,0.0,-0.482803364193296,0.0,2
339038,1,1,0.1742156760469005,0.23065165615998248,0.0,1.8207693054637193,0,51.0,0,2.0,-0.4166832419575738,1.5790673868825051,-0.13107973067417975,0.0,0.0,-0.482803364193296,0.0,2
339040,1,1,0.30975245173000904,0.0245619242199614,0.0,0.9297738163151218,0,51.0,0,2.0,-0.8683809820882916,0.8720673558042609,-0.13107973067417975,0.0,0.0,-0.482803364193296,0.0,2
339042,1,1,0.13139523566531086,0.16964899928591026,0.0,0.03877832716652424,1,51.0,0,0.0,0.7125611083692208,0.8720673558042609,-0.13107973067417975,0.0,0.0,0.555027325282154,0.0,2
339043,2,2,0.5755248511592371,0.43579578879076536,0.0,0.03877832716652424,0,51.0,0,2.0,-0.5296076769902532,0.4007340017520981,-0.13107973067417975,0.0,0.0,-0.482803364193296,0.0,2
339044,1,1,0.08385709300806699,0.13336602259589225,0.0,2.1177678018465853,1,51.0,0,0.0,0.7125611083692208,-0.7775993833783089,-0.13107973067417975,0.0,0.0,-0.482803364193296,0.0,2
339045,2,2,0.49410132209833496,0.18773524011740308,8093.72,0.6327753199322559,1,51.0,0,2.0,-0.4166832419575738,0.1650673247260167,-0.13107973067417975,0.0,0.0,-0.482803364193296,0.0,2
339046,1,1,0.25855732650257773,0.1730614282378238,0.0,0.3357768235493901,1,51.0,1,1.0,0.1479389332058235,-0.3062660293261461,-0.13107973067417975,0.0,0.0,5.052293646342438,0.0,2
339047,1,1,0.2806382125417091,0.11126515579727825,0.0,0.3357768235493901,1,51.0,0,2.0,-0.4166832419575738,-0.07059935230006469,-0.13107973067417975,0.0,1.0,-0.482803364193296,0.0,2
339048,1,1,0.4141192137006237,0.15715994981739698,0.0,0.3357768235493901,1,51.0,0,2.0,-0.3037588069248943,0.4007340017520981,-0.13107973067417975,0.0,1.0,4.360406520025471,0.0,2
340032,2,2,0.4701037239052929,0.10292138389676193,12140.58,-0.2582201692163416,1,26.0,0,2.0,-0.07790993685953543,0.8720673558042609,-0.13107973067417975,0.0,0.0,-0.13685980103481263,0.0,1
340033,2,2,0.691279630760655,0.5102457127030752,40000.0,0.03877832716652424,1,26.0,0,2.0,-0.9813054171209711,-1.2489327374304717,2.5603036526641305,0.0,0.25,0.555027325282154,0.0,1
340034,1,1,0.37924645789302147,9.181188111986943e-05,0.0,0.3357768235493901,0,21.0,0,2.0,-0.9813054171209711,-0.5419327063522275,-0.13107973067417975,0.0,3.0,-0.27523722629820596,0.0,1
340035,2,2,0.6990120434669546,0.18529977167321926,41932.799999999996,2.1177678018465853,0,26.0,1,2.0,2.180578763794054,3.935734157143319,-0.13107973067417975,1.0,0.3333333333333333,-0.13685980103481263,0.0,1
340036,2,2,0.7710618747371875,0.30261108108595897,50000.0,1.5237708090808535,0,41.0,0,2.0,0.8254855434019003,2.757400772012912,-0.13107973067417975,0.0,0.3333333333333333,1.177725738967424,0.0,1
340037,1,2,0.41170251155682736,0.36000654557355594,8831.3,0.03877832716652424,0,32.0,0,2.0,0.2608633682385029,-1.2489327374304717,-0.13107973067417975,0.0,1.3333333333333333,-0.482803364193296,0.0,1
340038,1,2,0.49394636837399813,0.07753463098407574,40000.0,0.3357768235493901,0,32.0,0,2.0,-0.7554565470556122,1.1077340328303422,-0.13107973067417975,0.0,0.0,-0.06767108840311596,0.0,1
340039,2,2,0.6644468524840176,0.01496307733770984,22257.73,0.9297738163151218,0,11.0,0,2.0,0.2608633682385029,0.6364006787781795,-0.13107973067417975,0.0,0.3333333333333333,-0.482803364193296,0.0,1
340040,2,2,0.7003715624511027,0.06244279605517048,24281.16,-0.5552186655992074,0,34.0,0,2.0,0.7125611083692208,-0.3062660293261461,-0.13107973067417975,0.0,0.3333333333333333,0.6242160379138507,0.0,1
340051,2,2,0.39766164906221374,0.0,8398.0,-1.149215658364939,0,26.0,0,2.0,-0.9813054171209711,-1.2489327374304717,-0.13107973067417975,0.0,0.0,-0.482803364193296,0.0,1
340052,1,2,0.63923249109698,0.0,36187.44,0.6327753199322559,0,26.0,0,2.0,-0.7554565470556122,0.1650673247260167,-0.13107973067417975,0.0,0.0,-0.13685980103481263,0.0,1
340053,2,2,0.6917851495734674,0.0,8093.72,0.6327753199322559,0,42.0,0,2.0,-0.07790993685953543,-1.2489327374304717,-0.13107973067417975,0.0,0.0,-0.482803364193296,0.0,1
340056,2,2,0.7682961571070814,0.0,7930.0,0.3357768235493901,1,16.0,0,2.0,-0.9813054171209711,2.757400772012912,-0.13107973067417975,0.0,0.0,0.9009708884406373,0.0,1
340057,1,1,0.37739850937160807,0.0,14164.01,-0.5552186655992074,0,26.0,0,2.0,-0.1908343718922149,1.1077340328303422,-0.13107973067417975,0.0,0.0,-0.482803364193296,0.0,1
340058,2,2,0.6008748078204106,0.0,8093.72,-0.8522171619820733,0,41.0,0,2.0,0.2608633682385029,-1.2489327374304717,-0.13107973067417975,0.0,3.0,-0.482803364193296,0.0,1
340059,2,2,0.6130620596805435,0.0,4046.86,-0.2582201692163416,0,41.0,0,2.0,-0.4166832419575738,-1.2489327374304717,-0.13107973067417975,0.0,0.0,-0.482803364193296,0.0,1
340060,2,2,0.8019497316325234,0.0,20000.0,0.03877832716652424,0,26.0,0,2.0,-0.3037588069248943,0.8720673558042609,-0.13107973067417975,0.0,0.0,0.41664990001876073,0.0,1
340081,1,1,0.33744836675983314,0.0,10340.0,-0.2582201692163416,0,41.0,0,2.0,2.180578763794054,-0.07059935230006469,-0.13107973067417975,0.0,0.0,-0.482803364193296,0.0,1
340083,2,2,0.6586115221290915,0.0,60000.0,0.6327753199322559,1,41.0,0,2.0,2.180578763794054,2.286067417960749,-0.13107973067417975,0.0,0.25,1.5928580147576041,0.0,1
340085,2,2,0.5500365204379553,0.0,30000.0,1.2267723126979877,0,42.0,0,2.0,2.6322765039247717,-0.7775993833783089,-0.13107973067417975,0.0,1.3333333333333333,-0.2060485136665093,0.0,1
340086,2,2,0.664576764321411,0.0,9492.0,0.9297738163151218,0,26.0,0,2.0,1.3901077185652975,0.8720673558042609,-0.13107973067417975,0.0,0.0,-0.482803364193296,0.0,1
340087,2,2,0.6342607925162954,0.0,30000.0,-0.8522171619820733,0,26.0,0,2.0,-0.1908343718922149,-1.2489327374304717,-0.13107973067417975,0.0,0.0,-0.482803364193296,0.0,1
340088,2,2,0.7083794147638521,0.0,20234.3,0.6327753199322559,0,42.0,0,2.0,0.3737878032711824,-1.2489327374304717,-0.13107973067417975,0.0,0.0,-0.482803364193296,0.0,1
340089,2,2,0.6131759916410415,0.20581213468346093,50000.0,1.5237708090808535,0,42.0,0,2.0,1.051334413467259,-0.5419327063522275,-0.13107973067417975,0.0,0.0,-0.482803364193296,0.0,1
340090,2,2,0.64548292004666,0.0,12140.58,-1.446214154747805,0,42.0,0,2.0,0.48671223830386184,-1.2489327374304717,-0.13107973067417975,0.0,0.0,-0.482803364193296,0.0,1
349003,1,2,0.4850128289094917,0.0,2091.96,0.03877832716652424,0,34.0,0,2.0,0.1479389332058235,-0.3062660293261461,-0.13107973067417975,1.0,1.3333333333333333,-0.482803364193296,0.0,1
349004,1,1,0.22940327437869756,0.25026963926455686,120.0,3.3057617873780485,1,26.0,0,2.0,3.561644604243726,0.8720673558042609,-0.13107973067417975,0.0,1.75,0.34746118738706405,0.0,1
349005,2,0,0.25096863698074895,0.04047599773334413,12140.58,0.9297738163151218,0,12.0,0,0.0,0.2608633682385029,-0.3062660293261461,-0.13107973067417975,0.0,0.0,-0.2060485136665093,0.0,1
349007,1,1,0.10561041284955112,0.12148655364735766,8093.72,-0.5552186655992074,0,0.0,0,0.0,0.7125611083692208,-1.2489327374304717,-0.13107973067417975,0.0,1.3333333333333333,-0.482803364193296,0.0,1
349008,1,0,0.20205168480535876,0.13704888076747374,10000.0,1.5237708090808535,1,26.0,0,1.0,1.6159565886306564,0.8720673558042609,-0.13107973067417975,0.0,2.0,-0.482803364193296,0.0,1
349009,1,0,0.3665691209675712,0.00762414408193797,0.0,0.03877832716652424,1,24.0,0,1.0,-0.5296076769902532,-0.5419327063522275,-0.13107973067417975,1.0,0.0,-0.482803364193296,0.0,1
349010,2,2,0.4642796332934485,0.0,1168.66,1.2267723126979877,0,26.0,0,2.0,0.3737878032711824,-1.2489327374304717,-0.13107973067417975,1.0,1.3333333333333333,-0.482803364193296,0.0,1
349011,2,2,0.3921533959018446,0.03092009364371218,8093.72,1.5237708090808535,0,41.0,0,2.0,1.954729893728695,-0.07059935230006469,-0.13107973067417975,0.0,3.0,-0.482803364193296,0.0,1
349014,2,2,0.5541325971636315,0.07406035919274208,0.0,-0.2582201692163416,0,0.0,0,0.0,-1.3200787222190096,-0.07059935230006469,-0.13107973067417975,0.0,0.0,0.20908376212367072,0.0,1
349017,1,1,0.13737132286130052,0.2504257237303416,0.0,-0.8522171619820733,0,0.0,0,0.0,-1.20715428718633,-1.2489327374304717,-0.13107973067417975,0.0,3.0,-0.482803364193296,0.0,1
349018,1,2,0.6274072138327398,0.0,3251.0,0.03877832716652424,0,34.0,0,1.0,-0.6425321120229327,0.4007340017520981,-0.13107973067417975,0.0,0.0,0.9009708884406373,0.0,1
349019,2,2,0.6099972763554558,0.1132983996601048,8093.72,0.3357768235493901,0,15.0,0,2.0,0.7125611083692208,-0.07059935230006469,-0.13107973067417975,0.0,0.0,0.555027325282154,0.0,1
349020,2,2,0.46838573703991365,0.0,20000.0,-0.8522171619820733,0,43.0,1,0.0,-0.9813054171209711,-1.2489327374304717,-0.13107973067417975,0.0,3.0,-0.482803364193296,0.0,1
349021,2,2,0.7837712323298507,0.18262824114955448,10000.0,0.9297738163151218,0,0.0,0,2.0,-0.3037588069248943,-0.07059935230006469,-0.13107973067417975,0.0,0.0,3.6685193937085043,0.0,1
349022,2,2,0.4019273678314694,0.05439926887382634,9191.3,0.9297738163151218,0,22.0,0,0.0,0.5996366733365414,-1.2489327374304717,-0.13107973067417975,0.0,0.0,0.9009708884406373,0.0,1
349024,2,2,0.737219718576729,0.04610065309258548,0.0,-0.2582201692163416,0,0.0,0,2.0,-1.3200787222190096,-0.3062660293261461,-0.13107973067417975,0.0,0.0,2.6306887042330542,0.0,1
349025,2,2,0.5071632004521555,0.09478794097309975,1595.71,-1.149215658364939,0,0.0,0,1.0,-1.433003157251689,-1.2489327374304717,-0.13107973067417975,0.0,0.0,-0.482803364193296,0.0,1
349026,1,1,0.20199118619683545,0.020066889632107024,0.0,-0.5552186655992074,0,14.0,0,0.0,-1.20715428718633,-1.2489327374304717,-0.13107973067417975,0.0,3.0,-0.482803364193296,0.0,1
349027,2,2,0.4693448111472081,0.1426489285825038,0.0,-0.5552186655992074,0,26.0,0,1.0,-1.0942298521536507,2.5217340949868303,-0.13107973067417975,0.0,0.0,-0.13685980103481263,0.0,1
349028,2,2,0.6550448550862292,0.2628498323032238,9181.2,2.711764794612317,0,41.0,0,2.0,0.8254855434019003,0.4007340017520981,-0.13107973067417975,0.0,0.0,-0.2060485136665093,0.0,1
349029,1,2,0.5196794836261147,0.3947628133429831,8093.72,-0.2582201692163416,0,32.0,0,2.0,-0.3037588069248943,2.0504007409346676,-0.13107973067417975,0.0,0.0,-0.06767108840311596,0.0,1
349030,1,0,0.3330903165207614,0.9974515771649726,8093.72,0.3357768235493901,0,26.0,0,2.0,-0.07790993685953543,1.3434007098564238,-0.13107973067417975,0.0,0.0,0.20908376212367072,0.0,1
349032,2,2,0.8090256237572594,0.03710906936713388,40000.0,1.2267723126979877,0,21.0,0,2.0,-0.7554565470556122,-0.07059935230006469,-0.13107973067417975,0.0,0.0,1.5928580147576041,0.0,1
349034,1,1,0.11827563837049311,0.2201511231352179,12140.58,0.6327753199322559,0,26.0,0,0.0,0.7125611083692208,-1.2489327374304717,-0.13107973067417975,0.0,1.3333333333333333,0.20908376212367072,0.0,1
349036,2,2,0.7264645375331336,0.37081411322644503,20000.0,0.6327753199322559,0,24.0,0,2.0,-0.7554565470556122,-0.07059935230006469,-0.13107973067417975,0.0,0.0,-0.06767108840311596,0.0,1
349037,2,2,0.5979628813788161,0.6734544170734986,8018.4,1.5237708090808535,1,51.0,0,2.0,-0.07790993685953543,-1.2489327374304717,-0.13107973067417975,1.0,3.0,-0.482803364193296,0.0,1
349038,2,2,0.5823169983016709,0.04662439388287952,8579.2,-0.2582201692163416,0,41.0,0,2.0,-1.0942298521536507,-1.2489327374304717,-0.13107973067417975,1.0,1.3333333333333333,-0.482803364193296,0.0,1
349039,1,1,0.22952587975415326,0.0,20000.0,0.9297738163151218,0,26.0,0,2.0,2.5193520688920925,0.4007340017520981,-0.13107973067417975,1.0,3.0,-0.27523722629820596,0.0,1
349040,2,2,0.4466039432561817,0.8756238077107773,0.0,0.3357768235493901,0,41.0,0,2.0,0.1479389332058235,-1.2489327374304717,-0.13107973067417975,0.0,0.0,-0.482803364193296,0.0,1
349041,1,1,0.3484101488723749,0.2639608915543073,20000.0,0.3357768235493901,0,26.0,0,2.0,-0.3037588069248943,0.4007340017520981,-0.13107973067417975,0.0,3.0,-0.27523722629820596,0.0,1
349044,2,2,0.39562927169721385,0.004336513443191674,18768.8,-1.446214154747805,1,26.0,1,2.0,-0.3037588069248943,-1.2489327374304717,-0.13107973067417975,0.0,1.5,-0.2060485136665093,0.0,1
349046,1,1,0.230666129908898,0.0,12140.58,0.3357768235493901,1,43.0,0,2.0,2.8581253739901307,0.6364006787781795,-0.13107973067417975,0.0,0.25,-0.482803364193296,0.0,1
349050,2,2,0.6742455516842677,0.0715514731516232,20000.0,2.1177678018465853,0,23.0,0,2.0,-0.5296076769902532,0.1650673247260167,-0.13107973067417975,0.0,0.5,-0.482803364193296,0.0,1
349051,2,2,0.6539020899388651,0.2183363875978228,14164.01,1.2267723126979877,0,21.0,0,1.0,0.48671223830386184,-1.2489327374304717,-0.13107973067417975,0.0,3.0,0.555027325282154,0.0,1
349052,2,2,0.8402152232171569,0.2505670728490795,10000.0,-0.8522171619820733,1,15.0,0,2.0,-0.5296076769902532,0.6364006787781795,-0.13107973067417975,0.0,0.0,2.2847451410745707,0.0,1
349053,2,2,0.8479158402716261,0.3822569084972525,4046.86,0.03877832716652424,1,42.0,0,2.0,-1.0942298521536507,3.935734157143319,-0.13107973067417975,0.0,0.0,0.9009708884406373,0.0,1
349054,2,2,0.5639981491974296,0.06060713115627466,16187.44,-0.5552186655992074,0,11.0,0,0.0,-0.9813054171209711,-1.2489327374304717,-0.13107973067417975,0.0,3.0,0.20908376212367072,0.0,1
349055,2,2,0.856071780892593,0.19972841564921315,11448.36,0.6327753199322559,0,23.0,0,2.0,-1.20715428718633,-0.07059935230006469,-0.13107973067417975,0.0,0.0,0.20908376212367072,0.0,1
349056,2,2,0.7633118587435089,0.1879686811596456,32140.58,1.8207693054637193,0,22.0,0,0.0,-1.0942298521536507,-0.3062660293261461,-0.13107973067417975,0.0,0.3333333333333333,0.555027325282154,0.0,1
349057,1,2,0.6423519224910855,0.03139573160886278,20000.0,-0.2582201692163416,1,23.0,0,2.0,-0.3037588069248943,0.8720673558042609,-0.13107973067417975,0.0,0.0,0.555027325282154,0.0,1
349059,2,2,0.7919944162643994,0.10225846779253567,30050.0,0.03877832716652424,0,16.0,1,2.0,-1.20715428718633,-1.2489327374304717,-0.13107973067417975,0.0,0.0,1.9388015779160874,0.0,1
349060,2,2,0.7727991724544442,0.36735661116065427,16670.7,0.6327753199322559,0,26.0,1,2.0,-0.8683809820882916,1.5790673868825051,-0.13107973067417975,0.0,0.0,0.6242160379138507,0.0,1
349061,2,2,0.5623619362507429,0.1664558226246754,3003.8,0.03877832716652424,0,41.0,0,2.0,-0.1908343718922149,0.1650673247260167,-0.13107973067417975,0.0,0.0,-0.482803364193296,0.0,1
349062,2,2,0.6309971602027177,0.005700489571457313,0.0,-0.8522171619820733,0,22.0,0,1.0,-1.3200787222190096,-1.2489327374304717,-0.13107973067417975,0.0,0.0,-0.482803364193296,0.0,1
349063,1,2,0.45749838031434703,0.0,30000.0,-1.446214154747805,0,15.0,0,2.0,-1.3200787222190096,0.6364006787781795,-0.13107973067417975,0.0,0.0,-0.482803364193296,0.0,1
349064,2,2,0.714117469949758,0.0,0.0,-0.8522171619820733,0,34.0,0,2.0,-1.0942298521536507,-0.3062660293261461,-0.13107973067417975,0.0,0.0,-0.482803364193296,0.0,1
349066,2,2,0.675069783137193,0.0,7784.0,-0.2582201692163416,0,23.0,0,2.0,-1.20715428718633,0.8720673558042609,-0.13107973067417975,0.0,0.0,-0.482803364193296,0.0,1
349067,1,2,0.606025917463434,0.07726913035738087,10117.15,0.3357768235493901,0,16.0,0,2.0,-0.3037588069248943,0.1650673247260167,-0.13107973067417975,0.0,0.0,-0.482803364193296,0.0,1
349068,2,2,0.6398283414132105,0.12060916111274782,8392.9,-0.2582201692163416,0,26.0,0,2.0,-0.1908343718922149,-0.07059935230006469,-0.13107973067417975,0.0,0.0,-0.482803364193296,0.0,1
349069,2,2,0.7067354820827868,0.0,20000.0,-1.149215658364939,0,26.0,0,2.0,-1.20715428718633,-1.2489327374304717,-0.13107973067417975,0.0,0.0,-0.482803364193296,0.0,1
349071,1,2,0.709697664935747,0.08740259355490128,14164.01,0.6327753199322559,0,41.0,0,2.0,-0.7554565470556122,0.1650673247260167,-0.13107973067417975,0.0,0.0,-0.482803364193296,0.0,1
349072,2,2,0.5733589926405943,0.24449265574368484,10000.0,-0.5552186655992074,0,21.0,0,2.0,-0.9813054171209711,-0.07059935230006469,-0.13107973067417975,0.0,0.0,-0.482803364193296,0.0,1
349073,1,1,0.27134656918555966,0.8817342452984671,4046.86,0.3357768235493901,0,26.0,0,2.0,-0.7554565470556122,1.1077340328303422,-0.13107973067417975,0.0,0.0,-0.482803364193296,0.0,1
349075,1,0,0.19327411379911133,0.0,8093.72,1.8207693054637193,0,41.0,1,1.0,3.561644604243726,0.6364006787781795,-0.13107973067417975,0.0,0.0,-0.482803364193296,0.0,1
349077,2,2,0.5337605592940569,0.03183399393627746,0.0,2.711764794612317,0,41.0,0,2.0,0.03501449817314403,-0.5419327063522275,-0.13107973067417975,0.0,0.0,-0.482803364193296,0.0,1
349080,2,2,0.6438666040106552,0.0,10000.0,0.03877832716652424,0,2.0,0,2.0,0.2608633682385029,0.1650673247260167,-0.13107973067417975,0.0,0.0,-0.2060485136665093,0.0,1
349083,1,1,0.2663265888803812,0.0,2556.0,0.3357768235493901,1,41.0,0,2.0,1.277183283532618,-1.2489327374304717,-0.13107973067417975,0.0,3.0,-0.482803364193296,0.0,1
349085,2,2,0.7026230419170391,0.09335539092291952,0.0,0.3357768235493901,0,25.0,0,2.0,-0.9813054171209711,0.6364006787781795,-0.13107973067417975,0.0,0.0,-0.482803364193296,0.0,1
349086,2,2,0.7236311904111078,0.018885343754477448,7795.3,0.6327753199322559,0,23.0,0,2.0,-1.433003157251689,-0.3062660293261461,-0.13107973067417975,0.0,0.0,-0.482803364193296,0.0,1
349087,2,2,0.6205933645167416,0.10248832051443124,16187.44,-0.2582201692163416,0,25.0,0,2.0,-0.5296076769902532,-0.07059935230006469,-0.13107973067417975,0.0,0.0,-0.482803364193296,0.0,1
349088,2,2,0.6510337897158823,0.017487133062546963,10000.0,0.03877832716652424,0,0.0,0,2.0,-0.8683809820882916,0.8720673558042609,-0.13107973067417975,0.0,0.0,-0.482803364193296,0.0,1
349089,2,2,0.6648065544425655,0.054073854897194004,0.0,0.3357768235493901,0,11.0,0,2.0,-1.20715428718633,-1.2489327374304717,-0.13107973067417975,0.0,0.0,-0.482803364193296,0.0,1
349090,1,2,0.4827043072406092,0.02998770504093322,8093.72,0.03877832716652424,0,0.0,0,2.0,-0.3037588069248943,-0.3062660293261461,-0.13107973067417975,0.0,0.0,-0.482803364193296,0.0,1
349091,2,2,0.6033290243235058,0.02833146135838517,2866.3,0.3357768235493901,0,0.0,0,2.0,-0.4166832419575738,-1.2489327374304717,-0.13107973067417975,0.0,0.0,-0.482803364193296,0.0,1
349092,1,1,0.36903366268066895,0.4007886495404522,250.0,-0.2582201692163416,0,16.0,0,2.0,-1.0942298521536507,0.8720673558042609,-0.13107973067417975,0.0,0.0,-0.482803364193296,0.0,1
349093,2,2,0.6079434454790197,0.010855476450763728,30000.0,-0.8522171619820733,0,26.0,0,2.0,-0.6425321120229327,-1.2489327374304717,-0.13107973067417975,0.0,0.0,-0.482803364193296,0.0,1
349095,2,2,0.6695480021746375,0.04596638932983838,4092.7,-1.446214154747805,0,0.0,0,2.0,-1.433003157251689,-0.3062660293261461,-0.13107973067417975,0.0,0.0,-0.482803364193296,0.0,1
349109,2,2,0.6197788275928665,0.0,12140.58,1.2267723126979877,1,26.0,0,2.0,1.051334413467259,0.1650673247260167,-0.13107973067417975,0.0,3.0,-0.482803364193296,0.0,1
350061,2,2,0.6638107313928087,0.06942219374132222,60000.0,0.3357768235493901,1,24.0,1,2.0,-0.4166832419575738,1.1077340328303422,-0.13107973067417975,1.0,0.4,2.2847451410745707,0.0,1
350062,1,1,0.046642633578416935,0.10062164684012785,50000.0,-0.5552186655992074,0,51.0,0,0.0,-0.3037588069248943,-1.2489327374304717,-0.13107973067417975,0.0,0.0,-0.482803364193296,0.0,1
350063,1,1,0.07470913956561916,0.8337683429035438,0.0,-0.8522171619820733,0,51.0,1,0.0,-0.7554565470556122,-1.2489327374304717,-0.13107973067417975,0.0,0.0,-0.482803364193296,0.0,1
350064,1,1,0.06310378028089658,0.08350089943156758,0.0,-0.2582201692163416,1,26.0,1,0.0,0.9384099784345797,-0.3062660293261461,-0.13107973067417975,2.0,0.0,-0.482803364193296,0.0,1
350065,1,1,0.05364092626524142,0.3767739774772889,30000.0,0.3357768235493901,1,26.0,0,0.0,-0.7554565470556122,-1.2489327374304717,-0.13107973067417975,0.0,0.0,-0.482803364193296,0.0,1
350066,1,1,0.2233658891595792,0.06892477353288697,20000.0,0.3357768235493901,1,26.0,0,2.0,-0.6425321120229327,1.1077340328303422,-0.13107973067417975,0.0,0.0,0.9009708884406373,0.0,1
350067,1,1,0.040827574768916707,0.0831946755407654,50000.0,0.6327753199322559,0,51.0,0,0.0,0.7125611083692208,-0.3062660293261461,-0.13107973067417975,0.0,0.0,-0.482803364193296,0.0,1
350068,2,2,0.7355723914846094,0.05159958720330238,0.0,1.5237708090808535,1,26.0,1,2.0,-0.1908343718922149,0.8720673558042609,-0.13107973067417975,1.0,0.75,1.5928580147576041,0.0,1
350069,2,2,0.736234707882781,0.06008748738162764,0.0,0.9297738163151218,1,34.0,1,2.0,-0.3037588069248943,1.1077340328303422,-0.13107973067417975,0.0,1.0,2.6306887042330542,0.0,1
350070,2,1,0.3544015027463601,0.022802742029729078,20000.0,0.6327753199322559,1,34.0,0,2.0,0.7125611083692208,1.3434007098564238,-0.13107973067417975,0.0,2.0,1.5928580147576041,0.0,1
359002,2,2,0.7616218711845725,0.1827429720098681,20000.0,0.3357768235493901,1,0.0,0,2.0,-0.9813054171209711,0.6364006787781795,-0.13107973067417975,0.0,0.4,2.838254842128144,0.0,1
359003,2,2,0.6699063314751434,0.07473469184395395,0.0,1.8207693054637193,1,16.0,1,2.0,0.1479389332058235,0.8720673558042609,-0.13107973067417975,0.0,0.0,2.6306887042330542,0.0,1
359004,1,1,0.056562625532278595,0.17672953953921788,0.0,1.2267723126979877,1,51.0,1,0.0,0.03501449817314403,-0.3062660293261461,-0.13107973067417975,0.0,3.0,-0.482803364193296,0.0,1
359005,2,2,0.759457810178301,0.0741986545310645,0.0,-0.2582201692163416,1,16.0,1,2.0,-0.7554565470556122,1.3434007098564238,-0.13107973067417975,0.0,0.5,1.9388015779160874,0.0,1
359006,2,2,0.8097901738000105,0.0806130384476774,20000.0,-0.8522171619820733,1,16.0,0,2.0,-0.9813054171209711,0.4007340017520981,0.4969097254380925,0.0,0.4,5.070594060833525,0.0,1
359007,1,1,0.18879388440839495,0.18397233056148354,20000.0,-0.8522171619820733,1,51.0,0,0.0,-0.6425321120229327,-1.2489327374304717,-0.13107973067417975,0.0,0.0,2.9766322673915373,0.0,1
359008,2,2,0.8084295137263647,0.06738166095794261,0.0,-0.5552186655992074,1,26.0,1,2.0,-1.0942298521536507,0.4007340017520981,-0.13107973067417975,0.0,0.4,5.052293646342438,0.0,1
359009,1,1,0.11600874754785744,0.13855167317639608,20000.0,-0.2582201692163416,1,51.0,0,0.0,-0.1908343718922149,-1.2489327374304717,-0.13107973067417975,0.0,3.0,2.9766322673915373,0.0,1
359010,1,1,0.05465278410825566,0.061943248185947736,0.0,0.3357768235493901,0,51.0,1,0.0,0.9384099784345797,-1.2489327374304717,-0.13107973067417975,0.0,0.0,-0.482803364193296,0.0,1
359011,1,1,0.05077421374755805,0.29818346632315934,20000.0,0.9297738163151218,1,26.0,0,0.0,-0.6425321120229327,-0.07059935230006469,-0.13107973067417975,0.0,3.0,-0.482803364193296,0.0,1
359013,1,1,0.20615834902493466,0.2945060373737662,0.0,-0.8522171619820733,1,51.0,1,0.0,-1.0942298521536507,-0.3062660293261461,-0.13107973067417975,0.0,3.0,4.360406520025471,0.0,1
359018,2,2,0.8166445768119633,0.026378264310208385,0.0,0.6327753199322559,1,16.0,1,2.0,-0.7554565470556122,0.8720673558042609,-0.13107973067417975,0.0,0.25,2.6306887042330542,0.0,1
359019,2,2,0.6864959666829562,0.055782818891781334,0.0,-0.2582201692163416,1,11.0,1,2.0,-1.0942298521536507,0.4007340017520981,-0.13107973067417975,0.0,0.25,0.9009708884406373,0.0,1
359020,2,2,0.5221083200830453,0.027923601027588518,30000.0,0.03877832716652424,1,0.0,0,2.0,-0.9813054171209711,0.4007340017520981,-0.13107973067417975,0.0,0.0,0.9009708884406373,0.0,1
359021,2,2,0.4157494506172013,0.02849901909725939,50000.0,2.414766298229451,1,26.0,0,2.0,0.1479389332058235,0.8720673558042609,-0.13107973067417975,0.0,0.0,2.6306887042330542,0.0,1
359023,2,2,0.6585334428577909,0.048915701940322846,40000.0,-0.5552186655992074,1,0.0,0,2.0,-0.6425321120229327,0.6364006787781795,-0.13107973067417975,0.0,0.2,3.5301419684451107,0.0,1
359027,1,1,0.045827222892041684,0.026273118654829217,40000.0,0.6327753199322559,0,51.0,0,0.0,0.3737878032711824,-1.2489327374304717,-0.13107973067417975,0.0,0.0,-0.482803364193296,0.0,1
359029,2,2,0.6811172033822107,0.07694675284702986,10000.0,0.9297738163151218,1,26.0,0,2.0,0.48671223830386184,-0.07059935230006469,-0.13107973067417975,1.0,0.0,2.9766322673915373,0.0,1
359030,2,2,0.5929593638782014,0.0,0.0,1.2267723126979877,1,42.0,1,2.0,1.051334413467259,-1.2489327374304717,-0.13107973067417975,0.0,0.0,1.5928580147576041,0.0,1
359031,1,1,0.2289660857409782,0.05909699787250808,30000.0,0.6327753199322559,0,51.0,0,2.0,1.051334413467259,0.6364006787781795,-0.13107973067417975,0.0,0.0,1.9388015779160874,0.0,1
359033,1,1,0.06413298807716653,0.037675634945259516,30000.0,1.8207693054637193,1,51.0,0,0.0,0.1479389332058235,-1.2489327374304717,-0.13107973067417975,0.0,3.0,-0.482803364193296,0.0,1
359034,1,1,0.04723389382231132,0.05145250419337909,40000.0,-1.149215658364939,0,51.0,0,0.0,0.03501449817314403,-1.2489327374304717,-0.13107973067417975,0.0,0.0,-0.482803364193296,0.0,1
359035,1,1,0.06546746498635793,0.025009378516943855,20000.0,0.9297738163151218,1,51.0,0,0.0,-0.07790993685953543,0.1650673247260167,-0.13107973067417975,0.0,0.0,-0.482803364193296,0.0,1
359037,2,2,0.7532415889537329,0.018636847710330137,0.0,-0.5552186655992074,1,0.0,1,2.0,-0.7554565470556122,0.8720673558042609,-0.13107973067417975,0.0,0.0,2.6306887042330542,0.0,1
359038,2,2,0.7556605610459145,0.02574797878366548,0.0,-0.2582201692163416,1,0.0,1,2.0,-0.7554565470556122,0.8720673558042609,-0.13107973067417975,0.0,1.0,2.6306887042330542,0.0,1
359039,1,1,0.07534490746102712,0.02509410288582183,0.0,0.6327753199322559,1,0.0,1,0.0,-0.07790993685953543,-0.07059935230006469,-0.13107973067417975,0.0,0.0,0.555027325282154,0.0,1
359043,2,1,0.1435526784408918,0.06669868203404301,0.0,0.3357768235493901,0,0.0,1,2.0,-0.4166832419575738,1.1077340328303422,-0.13107973067417975,0.0,0.0,-0.482803364193296,0.0,1
359045,1,1,0.03720539762720528,0.12415543865878736,50000.0,-1.149215658364939,1,0.0,0,0.0,-0.7554565470556122,-1.2489327374304717,-0.13107973067417975,0.0,0.0,-0.482803364193296,0.0,1
359046,2,2,0.7475436082586718,0.034178296781543716,10000.0,-0.5552186655992074,1,0.0,0,2.0,-0.8683809820882916,0.8720673558042609,-0.13107973067417975,0.0,0.0,2.9766322673915373,0.0,1
359047,1,1,0.3064174132541131,0.012475983731317215,20000.0,2.1177678018465853,1,0.0,0,2.0,-0.07790993685953543,1.1077340328303422,-0.13107973067417975,0.0,1.0,2.6306887042330542,0.0,1
359048,1,1,0.040210051242180356,0.07332214491714598,20000.0,-0.5552186655992074,1,0.0,0,0.0,-0.7554565470556122,-1.2489327374304717,-0.13107973067417975,0.0,0.0,-0.482803364193296,0.0,1
359049,2,2,0.6310514715798278,0.006516121272900031,0.0,-0.2582201692163416,0,16.0,1,2.0,-0.8683809820882916,1.1077340328303422,-0.13107973067417975,0.0,0.5,1.5928580147576041,0.0,1
359051,2,1,0.4088391105037184,0.02190676480897301,0.0,3.3057617873780485,1,34.0,1,2.0,0.8254855434019003,1.5790673868825051,-0.13107973067417975,0.0,3.0,-0.482803364193296,0.0,1
359053,1,1,0.11155580263215643,0.09244460136005556,30000.0,1.2267723126979877,1,51.0,0,1.0,-0.3037588069248943,-0.07059935230006469,-0.13107973067417975,0.0,0.0,-0.482803364193296,0.0,1
359054,2,2,0.6327088259542246,0.006674209586094397,0.0,0.3357768235493901,1,15.0,1,2.0,-0.4166832419575738,0.6364006787781795,-0.13107973067417975,2.0,0.0,0.20908376212367072,0.0,1
359055,2,2,0.7539211828388593,0.06664593237659394,20000.0,0.3357768235493901,1,16.0,0,2.0,-0.9813054171209711,1.3434007098564238,-0.13107973067417975,0.0,0.0,2.9766322673915373,0.0,1
359056,1,1,0.14193914449759548,0.0294208505567896,0.0,-0.2582201692163416,1,51.0,1,0.0,-0.9813054171209711,-0.07059935230006469,-0.13107973067417975,0.0,0.0,0.20908376212367072,0.0,1
359057,2,2,0.5520417944462391,0.09607070804111827,10000.0,0.3357768235493901,1,14.0,0,2.0,-0.8683809820882916,0.8720673558042609,-0.13107973067417975,0.0,0.0,0.20908376212367072,0.0,1
359059,1,1,0.07062286217070322,0.11342498071775328,0.0,0.3357768235493901,1,51.0,1,0.0,-0.3037588069248943,-0.07059935230006469,-0.13107973067417975,0.0,0.0,-0.482803364193296,0.0,1
359060,1,1,0.094417244341023,0.01024453710059111,20000.0,0.3357768235493901,1,34.0,0,1.0,0.03501449817314403,0.1650673247260167,-0.13107973067417975,0.0,0.0,-0.482803364193296,0.0,1
360031,1,1,0.15225033746085812,0.7544322897019993,50.0,0.03877832716652424,1,51.0,1,2.0,0.1479389332058235,0.8720673558042609,0.7660480637719236,0.0,0.75,0.20908376212367072,0.0,2
360032,2,2,0.600108610425632,0.03971405877680699,40.0,-1.149215658364939,1,51.0,1,2.0,-0.5296076769902532,0.1650673247260167,-0.13107973067417975,0.0,1.5,-0.482803364193296,0.0,2
360033,2,2,0.46809526633451215,0.14848701066514797,50.0,1.8207693054637193,1,51.0,1,2.0,0.5996366733365414,1.3434007098564238,-0.13107973067417975,1.0,3.0,-0.34442593892990264,0.0,2
360034,1,1,0.19003543428830824,0.47458587696904,0.0,1.5237708090808535,1,51.0,1,2.0,1.1642588484999385,0.6364006787781795,-0.13107973067417975,0.0,1.0,-0.27523722629820596,0.0,2
360035,2,2,0.629742866597217,0.35874410653947925,0.0,0.6327753199322559,1,26.0,1,2.0,1.277183283532618,0.6364006787781795,-0.13107973067417975,0.0,1.0,3.6685193937085043,0.0,2
360036,1,1,0.28307095931991394,0.19733831129340546,50.0,0.6327753199322559,1,51.0,1,2.0,0.7125611083692208,0.4007340017520981,-0.13107973067417975,0.0,3.0,-0.13685980103481263,0.0,2
360037,2,2,0.6447788566029053,0.2936423353802684,0.0,0.6327753199322559,1,26.0,1,2.0,1.277183283532618,0.6364006787781795,-0.13107973067417975,0.0,1.5,2.2847451410745707,0.0,2
360038,1,1,0.2929515913127468,0.8323111671452186,10000.0,-0.5552186655992074,1,51.0,0,2.0,0.48671223830386184,1.3434007098564238,-0.13107973067417975,0.0,1.0,2.2847451410745707,0.0,2
360039,2,2,0.523946604008339,0.2288204076377542,21000.0,1.2267723126979877,1,52.0,0,2.0,3.561644604243726,2.5217340949868303,-0.13107973067417975,0.0,0.0,-0.27523722629820596,0.0,2
360040,2,2,0.5751890063604496,0.25195263290501385,50.0,-0.2582201692163416,1,51.0,1,2.0,0.03501449817314403,-0.07059935230006469,0.09320221793734608,0.0,3.0,2.9766322673915373,0.0,2
360041,1,1,0.12813246116961732,0.0,20100.0,1.8207693054637193,1,51.0,0,1.0,1.1642588484999385,0.6364006787781795,-0.13107973067417975,1.0,3.0,-0.482803364193296,0.0,2
360043,1,1,0.25520163958566977,0.0,20100.0,2.414766298229451,1,51.0,0,2.0,-0.1908343718922149,2.5217340949868303,-0.13107973067417975,0.0,0.0,-0.13685980103481263,0.0,2
360045,2,0,0.32035245662401685,0.0,22240.58,3.3057617873780485,1,26.0,0,2.0,1.503032153597977,-0.07059935230006469,-0.13107973067417975,0.0,0.0,2.9766322673915373,0.0,2
360046,1,1,0.3745820649379563,0.1837618305772617,33000.0,-0.5552186655992074,0,51.0,0,2.0,1.1642588484999385,0.8720673558042609,-0.13107973067417975,0.0,0.0,-0.482803364193296,0.0,2
360048,1,1,0.10316218823783622,1.8095484563406983,0.0,0.9297738163151218,0,51.0,1,2.0,0.8254855434019003,1.5790673868825051,-0.13107973067417975,0.0,0.0,-0.482803364193296,0.0,2
360050,2,2,0.46486198337048873,0.277861978377286,50.0,0.6327753199322559,0,51.0,1,2.0,1.277183283532618,2.757400772012912,-0.13107973067417975,0.0,0.0,-0.482803364193296,0.0,2
360081,2,2,0.6563989740726354,0.27865502507895223,60.0,3.3057617873780485,1,51.0,1,2.0,1.503032153597977,0.1650673247260167,-0.13107973067417975,0.0,1.5,2.9766322673915373,0.0,2
360082,1,1,0.27898863549726843,0.18925606310857188,13000.0,-0.8522171619820733,1,51.0,0,2.0,-0.3037588069248943,0.6364006787781795,-0.13107973067417975,0.0,1.5,0.34746118738706405,0.0,2
360083,2,2,0.662591279055536,0.1521983741742095,22000.0,0.3357768235493901,1,51.0,1,2.0,1.8418054586960155,-0.07059935230006469,-0.13107973067417975,0.0,1.5,2.9766322673915373,0.0,2
360084,1,1,0.33666977113439,0.25380587301019153,0.0,0.6327753199322559,1,51.0,1,2.0,0.9384099784345797,0.8720673558042609,-0.13107973067417975,0.0,0.0,2.6306887042330542,0.0,2
360085,1,1,0.21361666141540128,0.33364710990424773,0.0,-1.149215658364939,1,51.0,0,2.0,-0.5296076769902532,0.1650673247260167,-0.13107973067417975,0.0,1.0,-0.482803364193296,0.0,2
360086,1,1,0.24961075856435455,0.44898783181423685,0.0,-0.5552186655992074,1,51.0,1,2.0,-0.07790993685953543,0.8720673558042609,-0.13107973067417975,0.0,3.0,-0.482803364193296,0.0,2
360087,1,1,0.21548502449118412,0.23701501848464127,0.0,-0.2582201692163416,1,51.0,1,2.0,0.1479389332058235,0.4007340017520981,-0.13107973067417975,0.0,3.0,-0.13685980103481263,0.0,2
360088,1,1,0.12981693843734657,0.35038162748973645,0.0,-0.8522171619820733,1,51.0,1,2.0,0.1479389332058235,0.4007340017520981,-0.13107973067417975,0.0,3.0,0.07070633686027739,0.0,2
360089,2,2,0.6980339702516581,0.23474807953649568,0.0,-0.2582201692163416,1,51.0,1,2.0,0.3737878032711824,0.4007340017520981,-0.13107973067417975,0.0,1.5,5.070594060833525,0.0,2
360090,1,1,0.19281395570741489,0.5214036185411126,0.0,-0.5552186655992074,1,51.0,0,1.0,-0.3037588069248943,0.6364006787781795,-0.13107973067417975,0.0,1.0,0.20908376212367072,0.0,2
369001,1,1,0.1568431376146617,0.24879090598580011,26000.0,1.5237708090808535,1,51.0,1,2.0,3.1968986790881693,0.8720673558042609,-0.13107973067417975,0.0,1.0,-0.482803364193296,0.0,2
369002,1,1,0.17738929267364512,0.16625498764962948,100.0,-1.149215658364939,1,26.0,1,2.0,-0.07790993685953543,0.6364006787781795,-0.13107973067417975,0.0,0.0,-0.482803364193296,0.0,2
369003,2,2,0.6486837228052327,0.1374210646860583,50.0,0.6327753199322559,1,51.0,1,2.0,-0.1908343718922149,0.6364006787781795,-0.13107973067417975,0.0,1.5,1.9388015779160874,0.0,2
369004,2,2,0.4583864489313567,0.32036087668333213,0.0,2.414766298229451,1,26.0,1,2.0,1.6159565886306564,0.4007340017520981,-0.13107973067417975,0.0,0.75,0.20908376212367072,0.0,2
369005,1,1,0.30742795614611407,0.4888387556926643,45.0,0.3357768235493901,1,51.0,1,2.0,-0.07790993685953543,0.8720673558042609,-0.13107973067417975,1.0,0.0,2.9766322673915373,0.0,2
369006,1,1,0.25500332570544976,0.14891162623156662,70.0,1.8207693054637193,1,51.0,1,2.0,0.8254855434019003,0.4007340017520981,-0.13107973067417975,0.0,1.0,0.20908376212367072,0.0,2
369007,2,2,0.42005905408490385,0.30632249632413006,0.0,0.03877832716652424,1,51.0,0,2.0,0.48671223830386184,0.6364006787781795,-0.13107973067417975,0.0,0.0,-0.482803364193296,0.0,2
369008,1,1,0.2064505341860543,0.16992674269315006,0.0,0.03877832716652424,1,51.0,1,1.0,0.1479389332058235,0.1650673247260167,-0.13107973067417975,0.0,3.0,2.9766322673915373,0.0,2
369025,1,2,0.46267612156759513,0.5334865397242284,45.0,0.3357768235493901,1,51.0,1,2.0,0.2608633682385029,0.8720673558042609,-0.13107973067417975,0.0,1.5,5.070594060833525,0.0,2
369026,1,1,0.13205025025137662,0.23775558725630053,50.0,-0.5552186655992074,1,26.0,1,1.0,-0.1908343718922149,0.1650673247260167,-0.13107973067417975,0.0,3.0,-0.482803364193296,0.0,2
369027,1,1,0.12903240946491198,0.5542042008515252,50.0,3.3057617873780485,1,34.0,0,2.0,3.561644604243726,0.1650673247260167,-0.13107973067417975,0.0,1.0,-0.482803364193296,0.0,2
369031,1,1,0.12473573837966186,0.5500865877783039,125.0,0.6327753199322559,1,51.0,1,2.0,0.9384099784345797,0.4007340017520981,-0.13107973067417975,0.0,1.0,-0.482803364193296,0.0,2
369033,1,1,0.12730266298552786,0.26692885373330605,70.0,0.6327753199322559,1,43.0,1,2.0,3.3098231141208485,-0.3062660293261461,-0.13107973067417975,0.0,3.0,-0.27523722629820596,0.0,2
369035,2,2,0.5256278602657801,0.1647337901950448,10000.0,0.9297738163151218,1,51.0,0,2.0,3.3098231141208485,0.8720673558042609,-0.13107973067417975,0.0,3.0,0.9009708884406373,0.0,2
369038,1,1,0.23084810645320367,0.29810168696585737,49000.0,1.8207693054637193,0,52.0,1,2.0,3.561644604243726,0.6364006787781795,-0.13107973067417975,0.0,0.0,-0.482803364193296,0.0,2
369039,1,1,0.16161536733805873,0.08073641999462208,49000.0,1.2267723126979877,0,51.0,1,2.0,2.8581253739901307,0.8720673558042609,-0.13107973067417975,0.0,0.0,-0.482803364193296,0.0,2
369040,2,2,0.5038246445862492,0.19591500874171527,30100.0,0.6327753199322559,0,51.0,1,2.0,0.7125611083692208,0.1650673247260167,-0.13107973067417975,0.0,0.0,-0.482803364193296,0.0,2
369041,1,1,0.17803756062394616,0.3913400043700282,45075.0,0.3357768235493901,0,51.0,1,2.0,0.7125611083692208,0.6364006787781795,-0.13107973067417975,0.0,0.0,-0.482803364193296,0.0,2
369042,1,1,0.21555293452011084,0.15378652521093022,35000.0,0.03877832716652424,0,51.0,1,2.0,1.1642588484999385,0.8720673558042609,-0.13107973067417975,2.0,0.0,-0.482803364193296,0.0,2
369043,1,1,0.17383466999963634,0.6769426654163139,20000.0,1.8207693054637193,0,51.0,1,2.0,0.2608633682385029,1.3434007098564238,-0.13107973067417975,0.0,0.0,-0.482803364193296,0.0,2
369044,1,1,0.2116697125057269,0.3113206042076481,0.0,1.2267723126979877,0,51.0,1,2.0,0.5996366733365414,0.6364006787781795,-0.13107973067417975,0.0,0.0,-0.482803364193296,0.0,2
369046,1,1,0.23928294487451654,0.3050014613023401,0.0,0.03877832716652424,0,51.0,1,2.0,0.5996366733365414,0.1650673247260167,-0.13107973067417975,0.0,0.0,-0.482803364193296,0.0,2
369047,1,2,0.49453473548206855,0.0776252872135627,13000.0,0.03877832716652424,0,51.0,0,2.0,0.48671223830386184,0.4007340017520981,-0.13107973067417975,0.0,0.0,-0.482803364193296,0.0,2
369048,2,1,0.20987094960982078,0.13332229687985847,48000.0,3.3057617873780485,0,51.0,0,2.0,3.422747549153528,0.6364006787781795,-0.13107973067417975,0.0,0.0,-0.482803364193296,0.0,2
369049,1,1,0.22313790024268218,0.5879083030591722,0.0,1.5237708090808535,1,51.0,1,2.0,1.051334413467259,3.935734157143319,-0.13107973067417975,0.0,0.75,0.9009708884406373,0.0,2
369050,2,2,0.745522265974431,0.16100537075636231,100.0,0.6327753199322559,1,51.0,1,2.0,0.7125611083692208,0.1650673247260167,-0.13107973067417975,0.0,1.5,5.052293646342438,0.0,2
370013,1,1,0.20749448677227855,0.0,0.0,0.03877832716652424,0,43.0,0,1.0,1.1642588484999385,-1.2489327374304717,-0.13107973067417975,0.0,3.0,-0.482803364193296,0.0,0
370017,2,2,0.5297955105474906,0.0,0.0,-0.2582201692163416,0,41.0,0,1.0,0.48671223830386184,-1.2489327374304717,-0.13107973067417975,0.0,0.0,-0.482803364193296,0.0,0
370019,1,1,0.1902340361925038,0.0,20000.0,3.3057617873780485,0,51.0,1,0.0,0.3737878032711824,-1.2489327374304717,-0.13107973067417975,0.0,0.0,-0.482803364193296,0.0,0
379003,1,1,0.3824195767406889,0.010296025046888719,10000.0,0.3357768235493901,1,43.0,0,2.0,0.03501449817314403,-1.2489327374304717,-0.13107973067417975,0.0,1.5,-0.482803364193296,0.0,0
379007,1,1,0.1345921888693521,0.3271439414268792,0.0,0.03877832716652424,0,43.0,1,0.0,1.7288810236633358,0.4007340017520981,-0.13107973067417975,0.0,0.0,-0.482803364193296,0.0,0
379012,1,1,0.21259308199744067,0.28252590558852186,0.0,-1.149215658364939,0,26.0,1,2.0,1.954729893728695,0.6364006787781795,-0.13107973067417975,0.0,0.0,-0.482803364193296,0.0,0
379044,1,1,0.16253299554151482,0.0,10000.0,2.1177678018465853,0,34.0,1,2.0,2.8581253739901307,-1.2489327374304717,-0.13107973067417975,0.0,0.0,-0.482803364193296,0.0,0
379045,1,0,0.16907848789064436,0.0,10000.0,0.03877832716652424,1,34.0,0,1.0,2.8581253739901307,0.1650673247260167,-0.13107973067417975,0.0,0.0,0.20908376212367072,0.0,0
379046,2,2,0.6575646945798825,0.0,10000.0,1.5237708090808535,1,34.0,1,2.0,1.8418054586960155,2.5217340949868303,-0.13107973067417975,0.0,2.0,5.052293646342438,0.0,0
379050,1,0,0.3022417635487392,0.0,1000.0,-0.5552186655992074,1,24.0,0,2.0,0.48671223830386184,-1.2489327374304717,-0.13107973067417975,0.0,2.0,-0.13685980103481263,0.0,0
379051,1,1,0.27002377731378496,0.0,10000.0,1.2267723126979877,0,34.0,1,1.0,-0.7554565470556122,-1.2489327374304717,-0.13107973067417975,0.0,0.0,-0.482803364193296,0.0,0
379052,1,1,0.3520897468408403,0.0,10000.0,-1.446214154747805,1,26.0,0,2.0,-0.1908343718922149,-1.2489327374304717,-0.13107973067417975,0.0,2.0,5.070594060833525,0.0,0
379054,1,1,0.27569192571049556,0.0,10000.0,3.3057617873780485,1,26.0,1,2.0,3.561644604243726,0.4007340017520981,-0.13107973067417975,0.0,1.75,3.6685193937085043,0.0,0
379059,1,1,0.17061231517109166,0.0,1000.0,0.6327753199322559,0,26.0,1,1.0,0.8254855434019003,-1.2489327374304717,-0.13107973067417975,0.0,3.0,0.9009708884406373,0.0,0
379061,1,2,0.38011196081272686,0.05133031054837882,8000.0,0.3357768235493901,1,26.0,0,2.0,-0.7554565470556122,-0.3062660293261461,-0.13107973067417975,0.0,0.0,0.20908376212367072,0.0,0
379063,1,0,0.299381904147809,0.14904906695284087,100.0,-1.149215658364939,0,0.0,0,1.0,-0.8683809820882916,0.1650673247260167,-0.13107973067417975,0.0,0.0,0.20908376212367072,0.0,0
379064,1,1,0.29825196818423066,0.008510353018337557,550.0,2.1177678018465853,1,34.0,1,2.0,2.180578763794054,0.4007340017520981,-0.13107973067417975,0.0,0.0,2.9766322673915373,0.0,0
379065,1,1,0.29124863771588094,0.040148735623664285,10000.0,0.03877832716652424,1,23.0,0,2.0,0.3737878032711824,-1.2489327374304717,-0.13107973067417975,0.0,0.0,2.2847451410745707,0.0,0
379066,2,2,0.5996944252750708,0.11693214077216774,0.0,-0.8522171619820733,0,26.0,0,2.0,-0.6425321120229327,1.1077340328303422,8.840198213786854,0.0,0.0,-0.482803364193296,0.0,0
379068,1,1,0.38502241863201964,0.03353658642314226,0.0,0.03877832716652424,1,42.0,0,2.0,0.2608633682385029,0.6364006787781795,-0.13107973067417975,0.0,2.0,5.070594060833525,0.0,0
379069,2,2,0.6111322406704547,0.12601781455666508,6046.860000000001,0.3357768235493901,1,26.0,1,2.0,1.7288810236633358,0.6364006787781795,-0.13107973067417975,1.0,3.0,2.9766322673915373,0.0,0
379070,1,1,0.19770261466692374,0.04186289900575615,0.0,1.5237708090808535,0,26.0,0,0.0,-0.9813054171209711,0.8720673558042609,-0.13107973067417975,0.0,0.0,-0.482803364193296,0.0,0
379071,2,0,0.1408177296759023,0.013037522585271513,100.0,-0.5552186655992074,0,26.0,1,0.0,0.1479389332058235,-0.07059935230006469,-0.13107973067417975,0.0,0.0,-0.482803364193296,0.0,0
379072,1,1,0.12690930464143674,0.0,10000.0,0.6327753199322559,0,26.0,0,0.0,-0.7554565470556122,-1.2489327374304717,-0.13107973067417975,0.0,3.0,0.9009708884406373,0.0,0
379073,1,0,0.15843997738299773,0.39704355262354163,10000.0,-0.8522171619820733,0,26.0,0,0.0,-0.7554565470556122,-1.2489327374304717,-0.13107973067417975,0.0,0.0,-0.482803364193296,0.0,0
379075,1,1,0.0780845132162843,0.0,4046.86,0.6327753199322559,0,43.0,1,0.0,1.7288810236633358,-1.2489327374304717,-0.13107973067417975,0.0,0.0,-0.482803364193296,0.0,0
379077,2,2,0.7111316513450587,0.5591798695246971,10000.0,0.6327753199322559,0,16.0,1,2.0,-0.9813054171209711,0.6364006787781795,-0.13107973067417975,0.0,0.0,-0.482803364193296,0.0,0
379078,1,2,0.49030338459223266,0.02532248934965889,20000.0,0.03877832716652424,0,34.0,1,2.0,0.03501449817314403,0.6364006787781795,-0.13107973067417975,0.0,0.0,-0.482803364193296,0.0,0
379079,2,2,0.548787079797922,0.29461148840616824,10000.0,1.5237708090808535,0,26.0,0,2.0,-0.8683809820882916,0.6364006787781795,-0.13107973067417975,0.0,0.0,-0.482803364193296,0.0,0
379080,1,1,0.06349212130965366,0.7433286255853713,20000.0,2.414766298229451,0,23.0,1,0.0,1.8418054586960155,2.286067417960749,-0.13107973067417975,0.0,0.0,-0.482803364193296,0.0,0
379081,1,1,0.1411410414730521,0.0,10000.0,-0.8522171619820733,0,26.0,0,0.0,-1.5459275922843685,-1.2489327374304717,-0.13107973067417975,0.0,0.0,-0.482803364193296,0.0,0
379082,1,2,0.37366424428649353,0.06250488319399954,20000.0,-0.8522171619820733,0,42.0,1,2.0,0.1479389332058235,-0.3062660293261461,-0.13107973067417975,0.0,0.0,-0.482803364193296,0.0,0
379083,1,1,0.08110986617953085,0.21260085252941865,20000.0,1.8207693054637193,0,23.0,1,0.0,1.051334413467259,1.1077340328303422,-0.13107973067417975,0.0,0.0,-0.482803364193296,0.0,0
379084,1,0,0.07892561531180496,0.24364676884721082,20000.0,3.3057617873780485,0,35.0,1,0.0,3.3098231141208485,1.1077340328303422,-0.13107973067417975,0.0,0.0,-0.482803364193296,0.0,0
379085,2,2,0.47112671434911757,0.07814779310632267,0.0,-0.8522171619820733,1,26.0,0,1.0,-0.7554565470556122,-1.2489327374304717,-0.13107973067417975,0.0,0.0,1.2469144515991206,0.0,0
379086,1,2,0.3837438691465243,0.6008672059400848,10000.0,1.5237708090808535,1,26.0,0,2.0,-0.6425321120229327,-0.07059935230006469,-0.13107973067417975,0.0,0.0,1.5928580147576041,0.0,0
379087,1,0,0.3002905246587772,0.07731958762886598,10000.0,0.9297738163151218,1,24.0,0,2.0,-1.0942298521536507,-1.2489327374304717,-0.13107973067417975,0.0,2.25,-0.482803364193296,0.0,0
379089,2,2,0.6127600667048728,0.03404144642757968,40000.0,0.9297738163151218,1,16.0,1,2.0,-0.6425321120229327,-1.2489327374304717,-0.13107973067417975,0.0,0.0,-0.13685980103481263,0.0,0
379090,1,2,0.6638782616850619,0.08411233950065322,20000.0,0.6327753199322559,0,34.0,1,2.0,0.03501449817314403,3.935734157143319,-0.13107973067417975,0.0,3.0,1.5928580147576041,0.0,0
379091,1,0,0.1496403903154454,0.020999229263591792,1000.0,-1.149215658364939,0,0.0,0,0.0,-0.7554565470556122,-1.2489327374304717,-0.13107973067417975,0.0,0.0,-0.482803364193296,0.0,0
379092,2,2,0.6331364145823957,0.004708727981976493,10000.0,0.3357768235493901,1,0.0,1,2.0,0.2608633682385029,0.6364006787781795,-0.13107973067417975,0.0,0.0,2.2847451410745707,0.0,0
379093,2,2,0.6965456778733295,0.20515647687673616,20000.0,-0.8522171619820733,1,15.0,1,2.0,-0.3037588069248943,1.3434007098564238,8.840198213786854,0.0,1.0,1.5928580147576041,0.0,0
379096,1,1,0.23474663706493037,0.024128362890577876,10000.0,0.9297738163151218,0,41.0,0,0.0,-0.4166832419575738,-0.07059935230006469,-0.13107973067417975,0.0,0.0,2.2847451410745707,0.0,0
379121,1,0,0.31240806769970136,0.12469936707098164,0.0,0.03877832716652424,0,34.0,0,0.0,-1.0942298521536507,0.4007340017520981,-0.13107973067417975,0.0,0.0,-0.482803364193296,0.0,0
