experiment,file,target,peer_key,lat_band,elev_band,split,fold,peer_coverage,arm,net_benefit,precision_at_25,spearman,n,event_rate,git_sha,dirty,seed,content_hash
E04-band-sweep,E04-level_z-lat10-elev1000.result.json,level_z,geo_month,10.0,1000.0,spatial,Benue_River_Basin,1.0,zero,0.0,0.13427561837455831,0.0,566,0.13427561837455831,db654a6,False,42,6c832dc27417
E04-band-sweep,E04-level_z-lat10-elev1000.result.json,level_z,geo_month,10.0,1000.0,spatial,Benue_River_Basin,1.0,persistence,-0.009717314487632508,0.08,0.12325177687330029,566,0.13427561837455831,db654a6,False,42,6c832dc27417
E04-band-sweep,E04-level_z-lat10-elev1000.result.json,level_z,geo_month,10.0,1000.0,spatial,Benue_River_Basin,1.0,climatology,0.0,0.13427561837455831,0.0,566,0.13427561837455831,db654a6,False,42,6c832dc27417
E04-band-sweep,E04-level_z-lat10-elev1000.result.json,level_z,geo_month,10.0,1000.0,spatial,Benue_River_Basin,1.0,linear,-0.04151943462897527,0.12,0.07693780092399653,566,0.13427561837455831,db654a6,False,42,6c832dc27417
E04-band-sweep,E04-level_z-lat10-elev1000.result.json,level_z,geo_month,10.0,1000.0,spatial,Benue_River_Basin,1.0,boosted,-0.009275618374558304,0.16,0.10121249723053242,566,0.13427561837455831,db654a6,False,42,6c832dc27417
E04-band-sweep,E04-level_z-lat10-elev1000.result.json,level_z,geo_month,10.0,1000.0,spatial,Kaduna_Grain_Belt,0.9640035118525022,zero,0.0,0.11343283582089553,0.0,1005,0.11343283582089553,db654a6,False,42,6c832dc27417
E04-band-sweep,E04-level_z-lat10-elev1000.result.json,level_z,geo_month,10.0,1000.0,spatial,Kaduna_Grain_Belt,0.9640035118525022,persistence,0.00920398009950249,0.4,0.5976023549305488,1005,0.11343283582089553,db654a6,False,42,6c832dc27417
E04-band-sweep,E04-level_z-lat10-elev1000.result.json,level_z,geo_month,10.0,1000.0,spatial,Kaduna_Grain_Belt,0.9640035118525022,climatology,0.0,0.11343283582089553,0.0,1005,0.11343283582089553,db654a6,False,42,6c832dc27417
E04-band-sweep,E04-level_z-lat10-elev1000.result.json,level_z,geo_month,10.0,1000.0,spatial,Kaduna_Grain_Belt,0.9640035118525022,linear,0.01766169154228856,0.44,0.5775389275537207,1005,0.11343283582089553,db654a6,False,42,6c832dc27417
E04-band-sweep,E04-level_z-lat10-elev1000.result.json,level_z,geo_month,10.0,1000.0,spatial,Kaduna_Grain_Belt,0.9640035118525022,boosted,0.026119402985074626,0.6,0.5468604231695183,1005,0.11343283582089553,db654a6,False,42,6c832dc27417
E04-band-sweep,E04-level_z-lat10-elev1000.result.json,level_z,geo_month,10.0,1000.0,spatial,Kano_Sudan_Savannah,1.0,zero,0.0,0.10103420843277645,0.0,1257,0.10103420843277645,db654a6,False,42,6c832dc27417
E04-band-sweep,E04-level_z-lat10-elev1000.result.json,level_z,geo_month,10.0,1000.0,spatial,Kano_Sudan_Savannah,1.0,persistence,-0.08114558472553698,0.64,0.47796651038543586,1257,0.10103420843277645,db654a6,False,42,6c832dc27417
E04-band-sweep,E04-level_z-lat10-elev1000.result.json,level_z,geo_month,10.0,1000.0,spatial,Kano_Sudan_Savannah,1.0,climatology,0.0,0.10103420843277645,0.0,1257,0.10103420843277645,db654a6,False,42,6c832dc27417
E04-band-sweep,E04-level_z-lat10-elev1000.result.json,level_z,geo_month,10.0,1000.0,spatial,Kano_Sudan_Savannah,1.0,linear,-0.038981702466189344,0.68,0.442531951970437,1257,0.10103420843277645,db654a6,False,42,6c832dc27417
E04-band-sweep,E04-level_z-lat10-elev1000.result.json,level_z,geo_month,10.0,1000.0,spatial,Kano_Sudan_Savannah,1.0,boosted,0.0069610182975338095,0.6,0.351307051836823,1257,0.10103420843277645,db654a6,False,42,6c832dc27417
E04-band-sweep,E04-level_z-lat10-elev1000.result.json,level_z,geo_month,10.0,1000.0,spatial,Kenya_Rift_Valley,0.024708304735758406,zero,0.0,0.4418604651162791,0.0,43,0.4418604651162791,db654a6,False,42,6c832dc27417
E04-band-sweep,E04-level_z-lat10-elev1000.result.json,level_z,geo_month,10.0,1000.0,spatial,Kenya_Rift_Valley,0.024708304735758406,persistence,0.20930232558139533,0.48,0.0838903743315508,43,0.4418604651162791,db654a6,False,42,6c832dc27417
E04-band-sweep,E04-level_z-lat10-elev1000.result.json,level_z,geo_month,10.0,1000.0,spatial,Kenya_Rift_Valley,0.024708304735758406,climatology,0.0,0.4418604651162791,0.0,43,0.4418604651162791,db654a6,False,42,6c832dc27417
E04-band-sweep,E04-level_z-lat10-elev1000.result.json,level_z,geo_month,10.0,1000.0,spatial,Kenya_Rift_Valley,0.024708304735758406,linear,0.12790697674418605,0.56,0.15856236786469344,43,0.4418604651162791,db654a6,False,42,6c832dc27417
E04-band-sweep,E04-level_z-lat10-elev1000.result.json,level_z,geo_month,10.0,1000.0,spatial,Kenya_Rift_Valley,0.024708304735758406,boosted,0.029069767441860465,0.36,-0.2813349441256418,43,0.4418604651162791,db654a6,False,42,6c832dc27417
E04-band-sweep,E04-level_z-lat90-elev1000.result.json,level_z,geo_month,90.0,1000.0,spatial,Benue_River_Basin,1.0,zero,0.0,0.13427561837455831,0.0,566,0.13427561837455831,db654a6,False,42,6c832dc27417
E04-band-sweep,E04-level_z-lat90-elev1000.result.json,level_z,geo_month,90.0,1000.0,spatial,Benue_River_Basin,1.0,persistence,-0.006625441696113073,0.04,0.17480797620832342,566,0.13427561837455831,db654a6,False,42,6c832dc27417
E04-band-sweep,E04-level_z-lat90-elev1000.result.json,level_z,geo_month,90.0,1000.0,spatial,Benue_River_Basin,1.0,climatology,0.0,0.13427561837455831,0.0,566,0.13427561837455831,db654a6,False,42,6c832dc27417
E04-band-sweep,E04-level_z-lat90-elev1000.result.json,level_z,geo_month,90.0,1000.0,spatial,Benue_River_Basin,1.0,linear,-0.00574204946996467,0.04,0.17571609460660825,566,0.13427561837455831,db654a6,False,42,6c832dc27417
E04-band-sweep,E04-level_z-lat90-elev1000.result.json,level_z,geo_month,90.0,1000.0,spatial,Benue_River_Basin,1.0,boosted,-0.0013250883392226138,0.24,0.2015922057836156,566,0.13427561837455831,db654a6,False,42,6c832dc27417
E04-band-sweep,E04-level_z-lat90-elev1000.result.json,level_z,geo_month,90.0,1000.0,spatial,Kaduna_Grain_Belt,1.0,zero,0.0,0.11025886864813039,0.0,1043,0.11025886864813039,db654a6,False,42,6c832dc27417
E04-band-sweep,E04-level_z-lat90-elev1000.result.json,level_z,geo_month,90.0,1000.0,spatial,Kaduna_Grain_Belt,1.0,persistence,-0.033796740172579096,0.32,0.5319334957643941,1043,0.11025886864813039,db654a6,False,42,6c832dc27417
E04-band-sweep,E04-level_z-lat90-elev1000.result.json,level_z,geo_month,90.0,1000.0,spatial,Kaduna_Grain_Belt,1.0,climatology,0.0,0.11025886864813039,0.0,1043,0.11025886864813039,db654a6,False,42,6c832dc27417
E04-band-sweep,E04-level_z-lat90-elev1000.result.json,level_z,geo_month,90.0,1000.0,spatial,Kaduna_Grain_Belt,1.0,linear,-0.009108341323106423,0.4,0.40225743967213395,1043,0.11025886864813039,db654a6,False,42,6c832dc27417
E04-band-sweep,E04-level_z-lat90-elev1000.result.json,level_z,geo_month,90.0,1000.0,spatial,Kaduna_Grain_Belt,1.0,boosted,0.021332694151486097,0.4,0.4851659059098598,1043,0.11025886864813039,db654a6,False,42,6c832dc27417
E04-band-sweep,E04-level_z-lat90-elev1000.result.json,level_z,geo_month,90.0,1000.0,spatial,Kano_Sudan_Savannah,1.0,zero,0.0,0.10103420843277645,0.0,1257,0.10103420843277645,db654a6,False,42,6c832dc27417
E04-band-sweep,E04-level_z-lat90-elev1000.result.json,level_z,geo_month,90.0,1000.0,spatial,Kano_Sudan_Savannah,1.0,persistence,-0.09069212410501194,0.48,0.4475170140274006,1257,0.10103420843277645,db654a6,False,42,6c832dc27417
E04-band-sweep,E04-level_z-lat90-elev1000.result.json,level_z,geo_month,90.0,1000.0,spatial,Kano_Sudan_Savannah,1.0,climatology,0.0,0.10103420843277645,0.0,1257,0.10103420843277645,db654a6,False,42,6c832dc27417
E04-band-sweep,E04-level_z-lat90-elev1000.result.json,level_z,geo_month,90.0,1000.0,spatial,Kano_Sudan_Savannah,1.0,linear,-0.04912490055688147,0.52,0.39082257192290454,1257,0.10103420843277645,db654a6,False,42,6c832dc27417
E04-band-sweep,E04-level_z-lat90-elev1000.result.json,level_z,geo_month,90.0,1000.0,spatial,Kano_Sudan_Savannah,1.0,boosted,-0.0025855210819411313,0.4,0.32731790295028074,1257,0.10103420843277645,db654a6,False,42,6c832dc27417
E04-band-sweep,E04-level_z-lat90-elev1000.result.json,level_z,geo_month,90.0,1000.0,spatial,Kenya_Rift_Valley,0.47151681537405626,zero,0.0,0.15508021390374332,0.0,748,0.15508021390374332,db654a6,False,42,6c832dc27417
E04-band-sweep,E04-level_z-lat90-elev1000.result.json,level_z,geo_month,90.0,1000.0,spatial,Kenya_Rift_Valley,0.47151681537405626,persistence,0.022393048128342252,0.28,0.3790051480114672,748,0.15508021390374332,db654a6,False,42,6c832dc27417
E04-band-sweep,E04-level_z-lat90-elev1000.result.json,level_z,geo_month,90.0,1000.0,spatial,Kenya_Rift_Valley,0.47151681537405626,climatology,0.0,0.15508021390374332,0.0,748,0.15508021390374332,db654a6,False,42,6c832dc27417
E04-band-sweep,E04-level_z-lat90-elev1000.result.json,level_z,geo_month,90.0,1000.0,spatial,Kenya_Rift_Valley,0.47151681537405626,linear,0.008021390374331552,0.32,0.2846008595071706,748,0.15508021390374332,db654a6,False,42,6c832dc27417
E04-band-sweep,E04-level_z-lat90-elev1000.result.json,level_z,geo_month,90.0,1000.0,spatial,Kenya_Rift_Valley,0.47151681537405626,boosted,0.009024064171122994,0.44,0.17426237682194906,748,0.15508021390374332,db654a6,False,42,6c832dc27417
E04-band-sweep,E04-level_z-lat10-elev500.result.json,level_z,geo_month,10.0,500.0,spatial,Kaduna_Grain_Belt,0.9640035118525022,zero,0.0,0.11343283582089553,0.0,1005,0.11343283582089553,db654a6,False,42,6c832dc27417
E04-band-sweep,E04-level_z-lat10-elev500.result.json,level_z,geo_month,10.0,500.0,spatial,Kaduna_Grain_Belt,0.9640035118525022,persistence,0.010447761194029855,0.48,0.579236192680697,1005,0.11343283582089553,db654a6,False,42,6c832dc27417
E04-band-sweep,E04-level_z-lat10-elev500.result.json,level_z,geo_month,10.0,500.0,spatial,Kaduna_Grain_Belt,0.9640035118525022,climatology,0.0,0.11343283582089553,0.0,1005,0.11343283582089553,db654a6,False,42,6c832dc27417
E04-band-sweep,E04-level_z-lat10-elev500.result.json,level_z,geo_month,10.0,500.0,spatial,Kaduna_Grain_Belt,0.9640035118525022,linear,0.016169154228855724,0.48,0.5757179747062013,1005,0.11343283582089553,db654a6,False,42,6c832dc27417
E04-band-sweep,E04-level_z-lat10-elev500.result.json,level_z,geo_month,10.0,500.0,spatial,Kaduna_Grain_Belt,0.9640035118525022,boosted,0.028855721393034828,0.32,0.47934457708435674,1005,0.11343283582089553,db654a6,False,42,6c832dc27417
E04-band-sweep,E04-level_z-lat10-elev500.result.json,level_z,geo_month,10.0,500.0,spatial,Kano_Sudan_Savannah,0.20842572062084258,zero,0.0,0.05747126436781609,0.0,261,0.05747126436781609,db654a6,False,42,6c832dc27417
E04-band-sweep,E04-level_z-lat10-elev500.result.json,level_z,geo_month,10.0,500.0,spatial,Kano_Sudan_Savannah,0.20842572062084258,persistence,-0.14559386973180075,0.08,0.3976300772909687,261,0.05747126436781609,db654a6,False,42,6c832dc27417
E04-band-sweep,E04-level_z-lat10-elev500.result.json,level_z,geo_month,10.0,500.0,spatial,Kano_Sudan_Savannah,0.20842572062084258,climatology,0.0,0.05747126436781609,0.0,261,0.05747126436781609,db654a6,False,42,6c832dc27417
E04-band-sweep,E04-level_z-lat10-elev500.result.json,level_z,geo_month,10.0,500.0,spatial,Kano_Sudan_Savannah,0.20842572062084258,linear,-0.11877394636015326,0.16,0.3302076794838048,261,0.05747126436781609,db654a6,False,42,6c832dc27417
E04-band-sweep,E04-level_z-lat10-elev500.result.json,level_z,geo_month,10.0,500.0,spatial,Kano_Sudan_Savannah,0.20842572062084258,boosted,-0.022988505747126436,0.12,0.3555159589905576,261,0.05747126436781609,db654a6,False,42,6c832dc27417
E04-band-sweep,E04-within_xy-lat20-elev2000.result.json,within_xy,geo_month,20.0,2000.0,spatial,Benue_River_Basin,1.0,zero,0.0,0.22614840989399293,0.0,566,0.22614840989399293,db654a6,False,42,6c832dc27417
E04-band-sweep,E04-within_xy-lat20-elev2000.result.json,within_xy,geo_month,20.0,2000.0,spatial,Benue_River_Basin,1.0,persistence,0.05874558303886926,0.24,0.19694574696919986,566,0.22614840989399293,db654a6,False,42,6c832dc27417
E04-band-sweep,E04-within_xy-lat20-elev2000.result.json,within_xy,geo_month,20.0,2000.0,spatial,Benue_River_Basin,1.0,climatology,0.0,0.22614840989399293,0.0,566,0.22614840989399293,db654a6,False,42,6c832dc27417
E04-band-sweep,E04-within_xy-lat20-elev2000.result.json,within_xy,geo_month,20.0,2000.0,spatial,Benue_River_Basin,1.0,linear,0.0181095406360424,0.2,0.1687934095639152,566,0.22614840989399293,db654a6,False,42,6c832dc27417
E04-band-sweep,E04-within_xy-lat20-elev2000.result.json,within_xy,geo_month,20.0,2000.0,spatial,Benue_River_Basin,1.0,boosted,0.014575971731448761,0.36,0.227083646658993,566,0.22614840989399293,db654a6,False,42,6c832dc27417
E04-band-sweep,E04-within_xy-lat20-elev2000.result.json,within_xy,geo_month,20.0,2000.0,spatial,Kaduna_Grain_Belt,1.0,zero,0.0,0.06040268456375839,0.0,1043,0.06040268456375839,db654a6,False,42,6c832dc27417
E04-band-sweep,E04-within_xy-lat20-elev2000.result.json,within_xy,geo_month,20.0,2000.0,spatial,Kaduna_Grain_Belt,1.0,persistence,-0.10786193672099713,0.16,0.35988682517352705,1043,0.06040268456375839,db654a6,False,42,6c832dc27417
E04-band-sweep,E04-within_xy-lat20-elev2000.result.json,within_xy,geo_month,20.0,2000.0,spatial,Kaduna_Grain_Belt,1.0,climatology,0.0,0.06040268456375839,0.0,1043,0.06040268456375839,db654a6,False,42,6c832dc27417
E04-band-sweep,E04-within_xy-lat20-elev2000.result.json,within_xy,geo_month,20.0,2000.0,spatial,Kaduna_Grain_Belt,1.0,linear,-0.025886864813039305,0.04,0.19866020563769046,1043,0.06040268456375839,db654a6,False,42,6c832dc27417
E04-band-sweep,E04-within_xy-lat20-elev2000.result.json,within_xy,geo_month,20.0,2000.0,spatial,Kaduna_Grain_Belt,1.0,boosted,-0.005752636625119847,0.16,0.17953626677992482,1043,0.06040268456375839,db654a6,False,42,6c832dc27417
E04-band-sweep,E04-within_xy-lat20-elev2000.result.json,within_xy,geo_month,20.0,2000.0,spatial,Kano_Sudan_Savannah,1.0,zero,0.0,0.046937151949085126,0.0,1257,0.046937151949085126,db654a6,False,42,6c832dc27417
E04-band-sweep,E04-within_xy-lat20-elev2000.result.json,within_xy,geo_month,20.0,2000.0,spatial,Kano_Sudan_Savannah,1.0,persistence,-0.1292760540970565,0.24,0.26627553346797816,1257,0.046937151949085126,db654a6,False,42,6c832dc27417
E04-band-sweep,E04-within_xy-lat20-elev2000.result.json,within_xy,geo_month,20.0,2000.0,spatial,Kano_Sudan_Savannah,1.0,climatology,0.0,0.046937151949085126,0.0,1257,0.046937151949085126,db654a6,False,42,6c832dc27417
E04-band-sweep,E04-within_xy-lat20-elev2000.result.json,within_xy,geo_month,20.0,2000.0,spatial,Kano_Sudan_Savannah,1.0,linear,-0.008750994431185362,0.2,0.07647146310675508,1257,0.046937151949085126,db654a6,False,42,6c832dc27417
E04-band-sweep,E04-within_xy-lat20-elev2000.result.json,within_xy,geo_month,20.0,2000.0,spatial,Kano_Sudan_Savannah,1.0,boosted,-0.004176610978520286,0.0,0.26987379882504764,1257,0.046937151949085126,db654a6,False,42,6c832dc27417
E04-band-sweep,E04-within_xy-lat20-elev2000.result.json,within_xy,geo_month,20.0,2000.0,spatial,Kenya_Rift_Valley,0.5483870967741935,zero,0.0,0.4505347593582888,0.0,748,0.4505347593582888,db654a6,False,42,6c832dc27417
E04-band-sweep,E04-within_xy-lat20-elev2000.result.json,within_xy,geo_month,20.0,2000.0,spatial,Kenya_Rift_Valley,0.5483870967741935,persistence,0.17078877005347595,0.76,0.2034228888451717,748,0.4505347593582888,db654a6,False,42,6c832dc27417
E04-band-sweep,E04-within_xy-lat20-elev2000.result.json,within_xy,geo_month,20.0,2000.0,spatial,Kenya_Rift_Valley,0.5483870967741935,climatology,0.0,0.4505347593582888,0.0,748,0.4505347593582888,db654a6,False,42,6c832dc27417
E04-band-sweep,E04-within_xy-lat20-elev2000.result.json,within_xy,geo_month,20.0,2000.0,spatial,Kenya_Rift_Valley,0.5483870967741935,linear,0.1106283422459893,0.68,0.17215500299678685,748,0.4505347593582888,db654a6,False,42,6c832dc27417
E04-band-sweep,E04-within_xy-lat20-elev2000.result.json,within_xy,geo_month,20.0,2000.0,spatial,Kenya_Rift_Valley,0.5483870967741935,boosted,0.06985294117647059,0.48,0.0552420372392951,748,0.4505347593582888,db654a6,False,42,6c832dc27417
E04-band-sweep,E04-level_z-lat10-elev2000.result.json,level_z,geo_month,10.0,2000.0,spatial,Benue_River_Basin,1.0,zero,0.0,0.13427561837455831,0.0,566,0.13427561837455831,db654a6,False,42,6c832dc27417
E04-band-sweep,E04-level_z-lat10-elev2000.result.json,level_z,geo_month,10.0,2000.0,spatial,Benue_River_Basin,1.0,persistence,-0.03798586572438162,0.08,0.15987128587405852,566,0.13427561837455831,db654a6,False,42,6c832dc27417
E04-band-sweep,E04-level_z-lat10-elev2000.result.json,level_z,geo_month,10.0,2000.0,spatial,Benue_River_Basin,1.0,climatology,0.0,0.13427561837455831,0.0,566,0.13427561837455831,db654a6,False,42,6c832dc27417
E04-band-sweep,E04-level_z-lat10-elev2000.result.json,level_z,geo_month,10.0,2000.0,spatial,Benue_River_Basin,1.0,linear,-0.04991166077738517,0.16,0.12569172593327418,566,0.13427561837455831,db654a6,False,42,6c832dc27417
E04-band-sweep,E04-level_z-lat10-elev2000.result.json,level_z,geo_month,10.0,2000.0,spatial,Benue_River_Basin,1.0,boosted,-0.007508833922261482,0.24,0.2139464456357885,566,0.13427561837455831,db654a6,False,42,6c832dc27417
E04-band-sweep,E04-level_z-lat10-elev2000.result.json,level_z,geo_month,10.0,2000.0,spatial,Kaduna_Grain_Belt,1.0,zero,0.0,0.11025886864813039,0.0,1043,0.11025886864813039,db654a6,False,42,6c832dc27417
E04-band-sweep,E04-level_z-lat10-elev2000.result.json,level_z,geo_month,10.0,2000.0,spatial,Kaduna_Grain_Belt,1.0,persistence,0.008628954937679775,0.36,0.6058603735275593,1043,0.11025886864813039,db654a6,False,42,6c832dc27417
E04-band-sweep,E04-level_z-lat10-elev2000.result.json,level_z,geo_month,10.0,2000.0,spatial,Kaduna_Grain_Belt,1.0,climatology,0.0,0.11025886864813039,0.0,1043,0.11025886864813039,db654a6,False,42,6c832dc27417
E04-band-sweep,E04-level_z-lat10-elev2000.result.json,level_z,geo_month,10.0,2000.0,spatial,Kaduna_Grain_Belt,1.0,linear,0.017018216682646213,0.44,0.5874992360033575,1043,0.11025886864813039,db654a6,False,42,6c832dc27417
E04-band-sweep,E04-level_z-lat10-elev2000.result.json,level_z,geo_month,10.0,2000.0,spatial,Kaduna_Grain_Belt,1.0,boosted,0.02229146692233941,0.64,0.5633547739602708,1043,0.11025886864813039,db654a6,False,42,6c832dc27417
E04-band-sweep,E04-level_z-lat10-elev2000.result.json,level_z,geo_month,10.0,2000.0,spatial,Kano_Sudan_Savannah,1.0,zero,0.0,0.10103420843277645,0.0,1257,0.10103420843277645,db654a6,False,42,6c832dc27417
E04-band-sweep,E04-level_z-lat10-elev2000.result.json,level_z,geo_month,10.0,2000.0,spatial,Kano_Sudan_Savannah,1.0,persistence,-0.08293556085918855,0.64,0.4757103115244023,1257,0.10103420843277645,db654a6,False,42,6c832dc27417
E04-band-sweep,E04-level_z-lat10-elev2000.result.json,level_z,geo_month,10.0,2000.0,spatial,Kano_Sudan_Savannah,1.0,climatology,0.0,0.10103420843277645,0.0,1257,0.10103420843277645,db654a6,False,42,6c832dc27417
E04-band-sweep,E04-level_z-lat10-elev2000.result.json,level_z,geo_month,10.0,2000.0,spatial,Kano_Sudan_Savannah,1.0,linear,-0.0294351630867144,0.68,0.4352225425240802,1257,0.10103420843277645,db654a6,False,42,6c832dc27417
E04-band-sweep,E04-level_z-lat10-elev2000.result.json,level_z,geo_month,10.0,2000.0,spatial,Kano_Sudan_Savannah,1.0,boosted,0.0069610182975338095,0.52,0.32811221739962443,1257,0.10103420843277645,db654a6,False,42,6c832dc27417
E04-band-sweep,E04-level_z-lat10-elev2000.result.json,level_z,geo_month,10.0,2000.0,spatial,Kenya_Rift_Valley,0.4200411805078929,zero,0.0,0.1545827633378933,0.0,731,0.1545827633378933,db654a6,False,42,6c832dc27417
E04-band-sweep,E04-level_z-lat10-elev2000.result.json,level_z,geo_month,10.0,2000.0,spatial,Kenya_Rift_Valley,0.4200411805078929,persistence,0.01812585499316005,0.28,0.3517941487022038,731,0.1545827633378933,db654a6,False,42,6c832dc27417
E04-band-sweep,E04-level_z-lat10-elev2000.result.json,level_z,geo_month,10.0,2000.0,spatial,Kenya_Rift_Valley,0.4200411805078929,climatology,0.0,0.1545827633378933,0.0,731,0.1545827633378933,db654a6,False,42,6c832dc27417
E04-band-sweep,E04-level_z-lat10-elev2000.result.json,level_z,geo_month,10.0,2000.0,spatial,Kenya_Rift_Valley,0.4200411805078929,linear,0.012311901504787962,0.32,0.1970018088607921,731,0.1545827633378933,db654a6,False,42,6c832dc27417
E04-band-sweep,E04-level_z-lat10-elev2000.result.json,level_z,geo_month,10.0,2000.0,spatial,Kenya_Rift_Valley,0.4200411805078929,boosted,0.002051983584131327,0.36,0.22829616655515692,731,0.1545827633378933,db654a6,False,42,6c832dc27417
E04-band-sweep,E04-within_xy-lat10-elev500.result.json,within_xy,geo_month,10.0,500.0,spatial,Kaduna_Grain_Belt,0.9640035118525022,zero,0.0,0.40298507462686567,0.0,1005,0.40298507462686567,db654a6,False,42,6c832dc27417
E04-band-sweep,E04-within_xy-lat10-elev500.result.json,within_xy,geo_month,10.0,500.0,spatial,Kaduna_Grain_Belt,0.9640035118525022,persistence,0.1723880597014925,0.48,0.14711114888831964,1005,0.40298507462686567,db654a6,False,42,6c832dc27417
E04-band-sweep,E04-within_xy-lat10-elev500.result.json,within_xy,geo_month,10.0,500.0,spatial,Kaduna_Grain_Belt,0.9640035118525022,climatology,0.0,0.40298507462686567,0.0,1005,0.40298507462686567,db654a6,False,42,6c832dc27417
E04-band-sweep,E04-within_xy-lat10-elev500.result.json,within_xy,geo_month,10.0,500.0,spatial,Kaduna_Grain_Belt,0.9640035118525022,linear,0.12885572139303483,0.52,0.13427760723522336,1005,0.40298507462686567,db654a6,False,42,6c832dc27417
E04-band-sweep,E04-within_xy-lat10-elev500.result.json,within_xy,geo_month,10.0,500.0,spatial,Kaduna_Grain_Belt,0.9640035118525022,boosted,0.05497512437810945,0.44,0.07818858390360696,1005,0.40298507462686567,db654a6,False,42,6c832dc27417
E04-band-sweep,E04-within_xy-lat10-elev500.result.json,within_xy,geo_month,10.0,500.0,spatial,Kano_Sudan_Savannah,0.20842572062084258,zero,0.0,0.02681992337164751,0.0,261,0.02681992337164751,db654a6,False,42,6c832dc27417
E04-band-sweep,E04-within_xy-lat10-elev500.result.json,within_xy,geo_month,10.0,500.0,spatial,Kano_Sudan_Savannah,0.20842572062084258,persistence,-0.13793103448275862,0.08,0.3728228076214388,261,0.02681992337164751,db654a6,False,42,6c832dc27417
E04-band-sweep,E04-within_xy-lat10-elev500.result.json,within_xy,geo_month,10.0,500.0,spatial,Kano_Sudan_Savannah,0.20842572062084258,climatology,0.0,0.02681992337164751,0.0,261,0.02681992337164751,db654a6,False,42,6c832dc27417
E04-band-sweep,E04-within_xy-lat10-elev500.result.json,within_xy,geo_month,10.0,500.0,spatial,Kano_Sudan_Savannah,0.20842572062084258,linear,-0.009578544061302683,0.12,0.34997941428581075,261,0.02681992337164751,db654a6,False,42,6c832dc27417
E04-band-sweep,E04-within_xy-lat10-elev500.result.json,within_xy,geo_month,10.0,500.0,spatial,Kano_Sudan_Savannah,0.20842572062084258,boosted,-0.007662835249042146,0.04,0.38210932701588146,261,0.02681992337164751,db654a6,False,42,6c832dc27417
E04-band-sweep,E04-level_z-lat90-elev2000.result.json,level_z,geo_month,90.0,2000.0,spatial,Benue_River_Basin,1.0,zero,0.0,0.13427561837455831,0.0,566,0.13427561837455831,db654a6,False,42,6c832dc27417
E04-band-sweep,E04-level_z-lat90-elev2000.result.json,level_z,geo_month,90.0,2000.0,spatial,Benue_River_Basin,1.0,persistence,-0.003533568904593637,0.08,0.17194075005951742,566,0.13427561837455831,db654a6,False,42,6c832dc27417
E04-band-sweep,E04-level_z-lat90-elev2000.result.json,level_z,geo_month,90.0,2000.0,spatial,Benue_River_Basin,1.0,climatology,0.0,0.13427561837455831,0.0,566,0.13427561837455831,db654a6,False,42,6c832dc27417
E04-band-sweep,E04-level_z-lat90-elev2000.result.json,level_z,geo_month,90.0,2000.0,spatial,Benue_River_Basin,1.0,linear,-0.007508833922261485,0.08,0.18018701858592723,566,0.13427561837455831,db654a6,False,42,6c832dc27417
E04-band-sweep,E04-level_z-lat90-elev2000.result.json,level_z,geo_month,90.0,2000.0,spatial,Benue_River_Basin,1.0,boosted,0.0026501766784452277,0.28,0.2120895059046955,566,0.13427561837455831,db654a6,False,42,6c832dc27417
E04-band-sweep,E04-level_z-lat90-elev2000.result.json,level_z,geo_month,90.0,2000.0,spatial,Kaduna_Grain_Belt,1.0,zero,0.0,0.11025886864813039,0.0,1043,0.11025886864813039,db654a6,False,42,6c832dc27417
E04-band-sweep,E04-level_z-lat90-elev2000.result.json,level_z,geo_month,90.0,2000.0,spatial,Kaduna_Grain_Belt,1.0,persistence,-0.06279961649089165,0.32,0.5485302427879111,1043,0.11025886864813039,db654a6,False,42,6c832dc27417
E04-band-sweep,E04-level_z-lat90-elev2000.result.json,level_z,geo_month,90.0,2000.0,spatial,Kaduna_Grain_Belt,1.0,climatology,0.0,0.11025886864813039,0.0,1043,0.11025886864813039,db654a6,False,42,6c832dc27417
E04-band-sweep,E04-level_z-lat90-elev2000.result.json,level_z,geo_month,90.0,2000.0,spatial,Kaduna_Grain_Belt,1.0,linear,-0.014860977948226273,0.4,0.33043649884645143,1043,0.11025886864813039,db654a6,False,42,6c832dc27417
E04-band-sweep,E04-level_z-lat90-elev2000.result.json,level_z,geo_month,90.0,2000.0,spatial,Kaduna_Grain_Belt,1.0,boosted,0.025647171620325985,0.4,0.45617581465679985,1043,0.11025886864813039,db654a6,False,42,6c832dc27417
E04-band-sweep,E04-level_z-lat90-elev2000.result.json,level_z,geo_month,90.0,2000.0,spatial,Kano_Sudan_Savannah,1.0,zero,0.0,0.10103420843277645,0.0,1257,0.10103420843277645,db654a6,False,42,6c832dc27417
E04-band-sweep,E04-level_z-lat90-elev2000.result.json,level_z,geo_month,90.0,2000.0,spatial,Kano_Sudan_Savannah,1.0,persistence,-0.10123309466984884,0.52,0.44900093030172833,1257,0.10103420843277645,db654a6,False,42,6c832dc27417
E04-band-sweep,E04-level_z-lat90-elev2000.result.json,level_z,geo_month,90.0,2000.0,spatial,Kano_Sudan_Savannah,1.0,climatology,0.0,0.10103420843277645,0.0,1257,0.10103420843277645,db654a6,False,42,6c832dc27417
E04-band-sweep,E04-level_z-lat90-elev2000.result.json,level_z,geo_month,90.0,2000.0,spatial,Kano_Sudan_Savannah,1.0,linear,-0.06046141607000795,0.52,0.3077210168536054,1257,0.10103420843277645,db654a6,False,42,6c832dc27417
E04-band-sweep,E04-level_z-lat90-elev2000.result.json,level_z,geo_month,90.0,2000.0,spatial,Kano_Sudan_Savannah,1.0,boosted,0.006563245823389022,0.56,0.3602024649631564,1257,0.10103420843277645,db654a6,False,42,6c832dc27417
E04-band-sweep,E04-level_z-lat90-elev2000.result.json,level_z,geo_month,90.0,2000.0,spatial,Kenya_Rift_Valley,0.5483870967741935,zero,0.0,0.15508021390374332,0.0,748,0.15508021390374332,db654a6,False,42,6c832dc27417
E04-band-sweep,E04-level_z-lat90-elev2000.result.json,level_z,geo_month,90.0,2000.0,spatial,Kenya_Rift_Valley,0.5483870967741935,persistence,0.027740641711229953,0.24,0.35853948332503444,748,0.15508021390374332,db654a6,False,42,6c832dc27417
E04-band-sweep,E04-level_z-lat90-elev2000.result.json,level_z,geo_month,90.0,2000.0,spatial,Kenya_Rift_Valley,0.5483870967741935,climatology,0.0,0.15508021390374332,0.0,748,0.15508021390374332,db654a6,False,42,6c832dc27417
E04-band-sweep,E04-level_z-lat90-elev2000.result.json,level_z,geo_month,90.0,2000.0,spatial,Kenya_Rift_Valley,0.5483870967741935,linear,0.0066844919786096255,0.28,0.39243071752271375,748,0.15508021390374332,db654a6,False,42,6c832dc27417
E04-band-sweep,E04-level_z-lat90-elev2000.result.json,level_z,geo_month,90.0,2000.0,spatial,Kenya_Rift_Valley,0.5483870967741935,boosted,0.0066844919786096255,0.36,0.2104640329127897,748,0.15508021390374332,db654a6,False,42,6c832dc27417
E04-band-sweep,E04-within_xy-lat20-elev1000.result.json,within_xy,geo_month,20.0,1000.0,spatial,Benue_River_Basin,1.0,zero,0.0,0.4876325088339223,0.0,566,0.4876325088339223,db654a6,False,42,6c832dc27417
E04-band-sweep,E04-within_xy-lat20-elev1000.result.json,within_xy,geo_month,20.0,1000.0,spatial,Benue_River_Basin,1.0,persistence,0.2318904593639576,0.52,0.24680009086650945,566,0.4876325088339223,db654a6,False,42,6c832dc27417
E04-band-sweep,E04-within_xy-lat20-elev1000.result.json,within_xy,geo_month,20.0,1000.0,spatial,Benue_River_Basin,1.0,climatology,0.0,0.4876325088339223,0.0,566,0.4876325088339223,db654a6,False,42,6c832dc27417
E04-band-sweep,E04-within_xy-lat20-elev1000.result.json,within_xy,geo_month,20.0,1000.0,spatial,Benue_River_Basin,1.0,linear,0.1267667844522968,0.48,0.2279398302225783,566,0.4876325088339223,db654a6,False,42,6c832dc27417
E04-band-sweep,E04-within_xy-lat20-elev1000.result.json,within_xy,geo_month,20.0,1000.0,spatial,Benue_River_Basin,1.0,boosted,0.07376325088339222,0.68,0.18567863070192725,566,0.4876325088339223,db654a6,False,42,6c832dc27417
E04-band-sweep,E04-within_xy-lat20-elev1000.result.json,within_xy,geo_month,20.0,1000.0,spatial,Kaduna_Grain_Belt,1.0,zero,0.0,0.07861936720997123,0.0,1043,0.07861936720997123,db654a6,False,42,6c832dc27417
E04-band-sweep,E04-within_xy-lat20-elev1000.result.json,within_xy,geo_month,20.0,1000.0,spatial,Kaduna_Grain_Belt,1.0,persistence,-0.07238734419942472,0.2,0.34972040077535227,1043,0.07861936720997123,db654a6,False,42,6c832dc27417
E04-band-sweep,E04-within_xy-lat20-elev1000.result.json,within_xy,geo_month,20.0,1000.0,spatial,Kaduna_Grain_Belt,1.0,climatology,0.0,0.07861936720997123,0.0,1043,0.07861936720997123,db654a6,False,42,6c832dc27417
E04-band-sweep,E04-within_xy-lat20-elev1000.result.json,within_xy,geo_month,20.0,1000.0,spatial,Kaduna_Grain_Belt,1.0,linear,-0.010306807286673058,0.16,0.29766963876284025,1043,0.07861936720997123,db654a6,False,42,6c832dc27417
E04-band-sweep,E04-within_xy-lat20-elev1000.result.json,within_xy,geo_month,20.0,1000.0,spatial,Kaduna_Grain_Belt,1.0,boosted,-0.004554170661553213,0.12,0.20207852130489465,1043,0.07861936720997123,db654a6,False,42,6c832dc27417
E04-band-sweep,E04-within_xy-lat20-elev1000.result.json,within_xy,geo_month,20.0,1000.0,spatial,Kano_Sudan_Savannah,1.0,zero,0.0,0.04852824184566428,0.0,1257,0.04852824184566428,db654a6,False,42,6c832dc27417
E04-band-sweep,E04-within_xy-lat20-elev1000.result.json,within_xy,geo_month,20.0,1000.0,spatial,Kano_Sudan_Savannah,1.0,persistence,-0.11714399363564042,0.24,0.26259294089419166,1257,0.04852824184566428,db654a6,False,42,6c832dc27417
E04-band-sweep,E04-within_xy-lat20-elev1000.result.json,within_xy,geo_month,20.0,1000.0,spatial,Kano_Sudan_Savannah,1.0,climatology,0.0,0.04852824184566428,0.0,1257,0.04852824184566428,db654a6,False,42,6c832dc27417
E04-band-sweep,E04-within_xy-lat20-elev1000.result.json,within_xy,geo_month,20.0,1000.0,spatial,Kano_Sudan_Savannah,1.0,linear,-0.004176610978520286,0.2,0.17276323583245362,1257,0.04852824184566428,db654a6,False,42,6c832dc27417
E04-band-sweep,E04-within_xy-lat20-elev1000.result.json,within_xy,geo_month,20.0,1000.0,spatial,Kano_Sudan_Savannah,1.0,boosted,-0.005568814638027049,0.08,0.25258519683169894,1257,0.04852824184566428,db654a6,False,42,6c832dc27417
E04-band-sweep,E04-within_xy-lat20-elev1000.result.json,within_xy,geo_month,20.0,1000.0,spatial,Kenya_Rift_Valley,0.47151681537405626,zero,0.0,0.2874331550802139,0.0,748,0.2874331550802139,db654a6,False,42,6c832dc27417
E04-band-sweep,E04-within_xy-lat20-elev1000.result.json,within_xy,geo_month,20.0,1000.0,spatial,Kenya_Rift_Valley,0.47151681537405626,persistence,0.08455882352941177,0.32,0.29354711337010714,748,0.2874331550802139,db654a6,False,42,6c832dc27417
E04-band-sweep,E04-within_xy-lat20-elev1000.result.json,within_xy,geo_month,20.0,1000.0,spatial,Kenya_Rift_Valley,0.47151681537405626,climatology,0.0,0.2874331550802139,0.0,748,0.2874331550802139,db654a6,False,42,6c832dc27417
E04-band-sweep,E04-within_xy-lat20-elev1000.result.json,within_xy,geo_month,20.0,1000.0,spatial,Kenya_Rift_Valley,0.47151681537405626,linear,0.04913101604278076,0.36,0.15348033144121287,748,0.2874331550802139,db654a6,False,42,6c832dc27417
E04-band-sweep,E04-within_xy-lat20-elev1000.result.json,within_xy,geo_month,20.0,1000.0,spatial,Kenya_Rift_Valley,0.47151681537405626,boosted,0.023395721925133686,0.16,-0.04359937052996261,748,0.2874331550802139,db654a6,False,42,6c832dc27417
E04-band-sweep,E04-within_xy-lat90-elev2000.result.json,within_xy,geo_month,90.0,2000.0,spatial,Benue_River_Basin,1.0,zero,0.0,0.22614840989399293,0.0,566,0.22614840989399293,db654a6,False,42,6c832dc27417
E04-band-sweep,E04-within_xy-lat90-elev2000.result.json,within_xy,geo_month,90.0,2000.0,spatial,Benue_River_Basin,1.0,persistence,0.05874558303886926,0.24,0.19694574696919986,566,0.22614840989399293,db654a6,False,42,6c832dc27417
E04-band-sweep,E04-within_xy-lat90-elev2000.result.json,within_xy,geo_month,90.0,2000.0,spatial,Benue_River_Basin,1.0,climatology,0.0,0.22614840989399293,0.0,566,0.22614840989399293,db654a6,False,42,6c832dc27417
E04-band-sweep,E04-within_xy-lat90-elev2000.result.json,within_xy,geo_month,90.0,2000.0,spatial,Benue_River_Basin,1.0,linear,0.0181095406360424,0.2,0.1687934095639152,566,0.22614840989399293,db654a6,False,42,6c832dc27417
E04-band-sweep,E04-within_xy-lat90-elev2000.result.json,within_xy,geo_month,90.0,2000.0,spatial,Benue_River_Basin,1.0,boosted,0.014575971731448761,0.36,0.227083646658993,566,0.22614840989399293,db654a6,False,42,6c832dc27417
E04-band-sweep,E04-within_xy-lat90-elev2000.result.json,within_xy,geo_month,90.0,2000.0,spatial,Kaduna_Grain_Belt,1.0,zero,0.0,0.06040268456375839,0.0,1043,0.06040268456375839,db654a6,False,42,6c832dc27417
E04-band-sweep,E04-within_xy-lat90-elev2000.result.json,within_xy,geo_month,90.0,2000.0,spatial,Kaduna_Grain_Belt,1.0,persistence,-0.10786193672099713,0.16,0.35988682517352705,1043,0.06040268456375839,db654a6,False,42,6c832dc27417
E04-band-sweep,E04-within_xy-lat90-elev2000.result.json,within_xy,geo_month,90.0,2000.0,spatial,Kaduna_Grain_Belt,1.0,climatology,0.0,0.06040268456375839,0.0,1043,0.06040268456375839,db654a6,False,42,6c832dc27417
E04-band-sweep,E04-within_xy-lat90-elev2000.result.json,within_xy,geo_month,90.0,2000.0,spatial,Kaduna_Grain_Belt,1.0,linear,-0.025886864813039305,0.04,0.19866020563769046,1043,0.06040268456375839,db654a6,False,42,6c832dc27417
E04-band-sweep,E04-within_xy-lat90-elev2000.result.json,within_xy,geo_month,90.0,2000.0,spatial,Kaduna_Grain_Belt,1.0,boosted,-0.005752636625119847,0.16,0.17953626677992482,1043,0.06040268456375839,db654a6,False,42,6c832dc27417
E04-band-sweep,E04-within_xy-lat90-elev2000.result.json,within_xy,geo_month,90.0,2000.0,spatial,Kano_Sudan_Savannah,1.0,zero,0.0,0.046937151949085126,0.0,1257,0.046937151949085126,db654a6,False,42,6c832dc27417
E04-band-sweep,E04-within_xy-lat90-elev2000.result.json,within_xy,geo_month,90.0,2000.0,spatial,Kano_Sudan_Savannah,1.0,persistence,-0.1292760540970565,0.24,0.26627553346797816,1257,0.046937151949085126,db654a6,False,42,6c832dc27417
E04-band-sweep,E04-within_xy-lat90-elev2000.result.json,within_xy,geo_month,90.0,2000.0,spatial,Kano_Sudan_Savannah,1.0,climatology,0.0,0.046937151949085126,0.0,1257,0.046937151949085126,db654a6,False,42,6c832dc27417
E04-band-sweep,E04-within_xy-lat90-elev2000.result.json,within_xy,geo_month,90.0,2000.0,spatial,Kano_Sudan_Savannah,1.0,linear,-0.008750994431185362,0.2,0.07647146310675508,1257,0.046937151949085126,db654a6,False,42,6c832dc27417
E04-band-sweep,E04-within_xy-lat90-elev2000.result.json,within_xy,geo_month,90.0,2000.0,spatial,Kano_Sudan_Savannah,1.0,boosted,-0.004176610978520286,0.0,0.26987379882504764,1257,0.046937151949085126,db654a6,False,42,6c832dc27417
E04-band-sweep,E04-within_xy-lat90-elev2000.result.json,within_xy,geo_month,90.0,2000.0,spatial,Kenya_Rift_Valley,0.5483870967741935,zero,0.0,0.4505347593582888,0.0,748,0.4505347593582888,db654a6,False,42,6c832dc27417
E04-band-sweep,E04-within_xy-lat90-elev2000.result.json,within_xy,geo_month,90.0,2000.0,spatial,Kenya_Rift_Valley,0.5483870967741935,persistence,0.17078877005347595,0.76,0.2034228888451717,748,0.4505347593582888,db654a6,False,42,6c832dc27417
E04-band-sweep,E04-within_xy-lat90-elev2000.result.json,within_xy,geo_month,90.0,2000.0,spatial,Kenya_Rift_Valley,0.5483870967741935,climatology,0.0,0.4505347593582888,0.0,748,0.4505347593582888,db654a6,False,42,6c832dc27417
E04-band-sweep,E04-within_xy-lat90-elev2000.result.json,within_xy,geo_month,90.0,2000.0,spatial,Kenya_Rift_Valley,0.5483870967741935,linear,0.1106283422459893,0.68,0.17215500299678685,748,0.4505347593582888,db654a6,False,42,6c832dc27417
E04-band-sweep,E04-within_xy-lat90-elev2000.result.json,within_xy,geo_month,90.0,2000.0,spatial,Kenya_Rift_Valley,0.5483870967741935,boosted,0.06985294117647059,0.48,0.0552420372392951,748,0.4505347593582888,db654a6,False,42,6c832dc27417
E04-band-sweep,E04-level_z-lat5-elev1000.result.json,level_z,geo_month,5.0,1000.0,spatial,Kaduna_Grain_Belt,0.9640035118525022,zero,0.0,0.11343283582089553,0.0,1005,0.11343283582089553,db654a6,False,42,6c832dc27417
E04-band-sweep,E04-level_z-lat5-elev1000.result.json,level_z,geo_month,5.0,1000.0,spatial,Kaduna_Grain_Belt,0.9640035118525022,persistence,0.010199004975124382,0.4,0.5976023549305488,1005,0.11343283582089553,db654a6,False,42,6c832dc27417
E04-band-sweep,E04-level_z-lat5-elev1000.result.json,level_z,geo_month,5.0,1000.0,spatial,Kaduna_Grain_Belt,0.9640035118525022,climatology,0.0,0.11343283582089553,0.0,1005,0.11343283582089553,db654a6,False,42,6c832dc27417
E04-band-sweep,E04-level_z-lat5-elev1000.result.json,level_z,geo_month,5.0,1000.0,spatial,Kaduna_Grain_Belt,0.9640035118525022,linear,0.015174129353233833,0.44,0.576466826469786,1005,0.11343283582089553,db654a6,False,42,6c832dc27417
E04-band-sweep,E04-level_z-lat5-elev1000.result.json,level_z,geo_month,5.0,1000.0,spatial,Kaduna_Grain_Belt,0.9640035118525022,boosted,0.02835820895522388,0.48,0.5701072313876301,1005,0.11343283582089553,db654a6,False,42,6c832dc27417
E04-band-sweep,E04-level_z-lat5-elev1000.result.json,level_z,geo_month,5.0,1000.0,spatial,Kano_Sudan_Savannah,1.0,zero,0.0,0.10103420843277645,0.0,1257,0.10103420843277645,db654a6,False,42,6c832dc27417
E04-band-sweep,E04-level_z-lat5-elev1000.result.json,level_z,geo_month,5.0,1000.0,spatial,Kano_Sudan_Savannah,1.0,persistence,-0.081145584725537,0.64,0.47796651038543586,1257,0.10103420843277645,db654a6,False,42,6c832dc27417
E04-band-sweep,E04-level_z-lat5-elev1000.result.json,level_z,geo_month,5.0,1000.0,spatial,Kano_Sudan_Savannah,1.0,climatology,0.0,0.10103420843277645,0.0,1257,0.10103420843277645,db654a6,False,42,6c832dc27417
E04-band-sweep,E04-level_z-lat5-elev1000.result.json,level_z,geo_month,5.0,1000.0,spatial,Kano_Sudan_Savannah,1.0,linear,-0.03579952267303102,0.64,0.4347845599764436,1257,0.10103420843277645,db654a6,False,42,6c832dc27417
E04-band-sweep,E04-level_z-lat5-elev1000.result.json,level_z,geo_month,5.0,1000.0,spatial,Kano_Sudan_Savannah,1.0,boosted,0.006762132060461414,0.56,0.32408498689108106,1257,0.10103420843277645,db654a6,False,42,6c832dc27417
E04-band-sweep,E04-within_xy-lat10-elev2000.result.json,within_xy,geo_month,10.0,2000.0,spatial,Benue_River_Basin,1.0,zero,0.0,0.10247349823321555,0.0,566,0.10247349823321555,db654a6,False,42,6c832dc27417
E04-band-sweep,E04-within_xy-lat10-elev2000.result.json,within_xy,geo_month,10.0,2000.0,spatial,Benue_River_Basin,1.0,persistence,-0.04991166077738517,0.12,0.14426501121519728,566,0.10247349823321555,db654a6,False,42,6c832dc27417
E04-band-sweep,E04-within_xy-lat10-elev2000.result.json,within_xy,geo_month,10.0,2000.0,spatial,Benue_River_Basin,1.0,climatology,0.0,0.10247349823321555,0.0,566,0.10247349823321555,db654a6,False,42,6c832dc27417
E04-band-sweep,E04-within_xy-lat10-elev2000.result.json,within_xy,geo_month,10.0,2000.0,spatial,Benue_River_Basin,1.0,linear,-0.003975265017667845,0.12,0.10770848130990725,566,0.10247349823321555,db654a6,False,42,6c832dc27417
E04-band-sweep,E04-within_xy-lat10-elev2000.result.json,within_xy,geo_month,10.0,2000.0,spatial,Benue_River_Basin,1.0,boosted,-0.009717314487632508,0.12,0.1399110957571197,566,0.10247349823321555,db654a6,False,42,6c832dc27417
E04-band-sweep,E04-within_xy-lat10-elev2000.result.json,within_xy,geo_month,10.0,2000.0,spatial,Kaduna_Grain_Belt,1.0,zero,0.0,0.2080536912751678,0.0,1043,0.2080536912751678,db654a6,False,42,6c832dc27417
E04-band-sweep,E04-within_xy-lat10-elev2000.result.json,within_xy,geo_month,10.0,2000.0,spatial,Kaduna_Grain_Belt,1.0,persistence,0.05465004793863855,0.48,0.3646767123851541,1043,0.2080536912751678,db654a6,False,42,6c832dc27417
E04-band-sweep,E04-within_xy-lat10-elev2000.result.json,within_xy,geo_month,10.0,2000.0,spatial,Kaduna_Grain_Belt,1.0,climatology,0.0,0.2080536912751678,0.0,1043,0.2080536912751678,db654a6,False,42,6c832dc27417
E04-band-sweep,E04-within_xy-lat10-elev2000.result.json,within_xy,geo_month,10.0,2000.0,spatial,Kaduna_Grain_Belt,1.0,linear,0.03667305848513902,0.4,0.32577787096094996,1043,0.2080536912751678,db654a6,False,42,6c832dc27417
E04-band-sweep,E04-within_xy-lat10-elev2000.result.json,within_xy,geo_month,10.0,2000.0,spatial,Kaduna_Grain_Belt,1.0,boosted,0.031879194630872486,0.52,0.2742417563087584,1043,0.2080536912751678,db654a6,False,42,6c832dc27417
E04-band-sweep,E04-within_xy-lat10-elev2000.result.json,within_xy,geo_month,10.0,2000.0,spatial,Kano_Sudan_Savannah,1.0,zero,0.0,0.042163882259347654,0.0,1257,0.042163882259347654,db654a6,False,42,6c832dc27417
E04-band-sweep,E04-within_xy-lat10-elev2000.result.json,within_xy,geo_month,10.0,2000.0,spatial,Kano_Sudan_Savannah,1.0,persistence,-0.10342084327764518,0.32,0.3160369050266852,1257,0.042163882259347654,db654a6,False,42,6c832dc27417
E04-band-sweep,E04-within_xy-lat10-elev2000.result.json,within_xy,geo_month,10.0,2000.0,spatial,Kano_Sudan_Savannah,1.0,climatology,0.0,0.042163882259347654,0.0,1257,0.042163882259347654,db654a6,False,42,6c832dc27417
E04-band-sweep,E04-within_xy-lat10-elev2000.result.json,within_xy,geo_month,10.0,2000.0,spatial,Kano_Sudan_Savannah,1.0,linear,-0.00815433571996818,0.32,0.2589496450329886,1257,0.042163882259347654,db654a6,False,42,6c832dc27417
E04-band-sweep,E04-within_xy-lat10-elev2000.result.json,within_xy,geo_month,10.0,2000.0,spatial,Kano_Sudan_Savannah,1.0,boosted,-0.001591089896579156,0.2,0.32462732107084175,1257,0.042163882259347654,db654a6,False,42,6c832dc27417
E04-band-sweep,E04-within_xy-lat10-elev2000.result.json,within_xy,geo_month,10.0,2000.0,spatial,Kenya_Rift_Valley,0.4200411805078929,zero,0.0,0.19562243502051985,0.0,731,0.19562243502051985,db654a6,False,42,6c832dc27417
E04-band-sweep,E04-within_xy-lat10-elev2000.result.json,within_xy,geo_month,10.0,2000.0,spatial,Kenya_Rift_Valley,0.4200411805078929,persistence,0.011627906976744186,0.28,0.20211742412914693,731,0.19562243502051985,db654a6,False,42,6c832dc27417
E04-band-sweep,E04-within_xy-lat10-elev2000.result.json,within_xy,geo_month,10.0,2000.0,spatial,Kenya_Rift_Valley,0.4200411805078929,climatology,0.0,0.19562243502051985,0.0,731,0.19562243502051985,db654a6,False,42,6c832dc27417
E04-band-sweep,E04-within_xy-lat10-elev2000.result.json,within_xy,geo_month,10.0,2000.0,spatial,Kenya_Rift_Valley,0.4200411805078929,linear,0.01196990424076607,0.32,0.12832192011226543,731,0.19562243502051985,db654a6,False,42,6c832dc27417
E04-band-sweep,E04-within_xy-lat10-elev2000.result.json,within_xy,geo_month,10.0,2000.0,spatial,Kenya_Rift_Valley,0.4200411805078929,boosted,0.0023939808481532147,0.16,0.07429016175326246,731,0.19562243502051985,db654a6,False,42,6c832dc27417
E04-band-sweep,E04-level_z-lat90-elev500.result.json,level_z,geo_month,90.0,500.0,spatial,Benue_River_Basin,1.0,zero,0.0,0.13427561837455831,0.0,566,0.13427561837455831,db654a6,False,42,6c832dc27417
E04-band-sweep,E04-level_z-lat90-elev500.result.json,level_z,geo_month,90.0,500.0,spatial,Benue_River_Basin,1.0,persistence,-0.003975265017667845,0.04,0.15748526186097336,566,0.13427561837455831,db654a6,False,42,6c832dc27417
E04-band-sweep,E04-level_z-lat90-elev500.result.json,level_z,geo_month,90.0,500.0,spatial,Benue_River_Basin,1.0,climatology,0.0,0.13427561837455831,0.0,566,0.13427561837455831,db654a6,False,42,6c832dc27417
E04-band-sweep,E04-level_z-lat90-elev500.result.json,level_z,geo_month,90.0,500.0,spatial,Benue_River_Basin,1.0,linear,-0.004416961130742053,0.04,0.16050422513600013,566,0.13427561837455831,db654a6,False,42,6c832dc27417
E04-band-sweep,E04-level_z-lat90-elev500.result.json,level_z,geo_month,90.0,500.0,spatial,Benue_River_Basin,1.0,boosted,-0.0004416961130742046,0.24,0.1727528731945647,566,0.13427561837455831,db654a6,False,42,6c832dc27417
E04-band-sweep,E04-level_z-lat90-elev500.result.json,level_z,geo_month,90.0,500.0,spatial,Kaduna_Grain_Belt,1.0,zero,0.0,0.11025886864813039,0.0,1043,0.11025886864813039,db654a6,False,42,6c832dc27417
E04-band-sweep,E04-level_z-lat90-elev500.result.json,level_z,geo_month,90.0,500.0,spatial,Kaduna_Grain_Belt,1.0,persistence,0.0038350910834132335,0.44,0.5547172647532479,1043,0.11025886864813039,db654a6,False,42,6c832dc27417
E04-band-sweep,E04-level_z-lat90-elev500.result.json,level_z,geo_month,90.0,500.0,spatial,Kaduna_Grain_Belt,1.0,climatology,0.0,0.11025886864813039,0.0,1043,0.11025886864813039,db654a6,False,42,6c832dc27417
E04-band-sweep,E04-level_z-lat90-elev500.result.json,level_z,geo_month,90.0,500.0,spatial,Kaduna_Grain_Belt,1.0,linear,0.0067114093959731586,0.52,0.4844345314870111,1043,0.11025886864813039,db654a6,False,42,6c832dc27417
E04-band-sweep,E04-level_z-lat90-elev500.result.json,level_z,geo_month,90.0,500.0,spatial,Kaduna_Grain_Belt,1.0,boosted,0.021332694151486097,0.4,0.4564324403228333,1043,0.11025886864813039,db654a6,False,42,6c832dc27417
E04-band-sweep,E04-level_z-lat90-elev500.result.json,level_z,geo_month,90.0,500.0,spatial,Kano_Sudan_Savannah,0.8588322246858833,zero,0.0,0.09742351046698873,0.0,1242,0.09742351046698873,db654a6,False,42,6c832dc27417
E04-band-sweep,E04-level_z-lat90-elev500.result.json,level_z,geo_month,90.0,500.0,spatial,Kano_Sudan_Savannah,0.8588322246858833,persistence,-0.08494363929146538,0.6,0.3660254161247877,1242,0.09742351046698873,db654a6,False,42,6c832dc27417
E04-band-sweep,E04-level_z-lat90-elev500.result.json,level_z,geo_month,90.0,500.0,spatial,Kano_Sudan_Savannah,0.8588322246858833,climatology,0.0,0.09742351046698873,0.0,1242,0.09742351046698873,db654a6,False,42,6c832dc27417
E04-band-sweep,E04-level_z-lat90-elev500.result.json,level_z,geo_month,90.0,500.0,spatial,Kano_Sudan_Savannah,0.8588322246858833,linear,-0.07930756843800321,0.48,0.2800929131291447,1242,0.09742351046698873,db654a6,False,42,6c832dc27417
E04-band-sweep,E04-level_z-lat90-elev500.result.json,level_z,geo_month,90.0,500.0,spatial,Kano_Sudan_Savannah,0.8588322246858833,boosted,0.004830917874396136,0.56,0.33854207019725135,1242,0.09742351046698873,db654a6,False,42,6c832dc27417
E04-band-sweep,E04-level_z-lat90-elev500.result.json,level_z,geo_month,90.0,500.0,spatial,Kenya_Rift_Valley,0.25188743994509266,zero,0.0,0.17929292929292928,0.0,396,0.17929292929292928,db654a6,False,42,6c832dc27417
E04-band-sweep,E04-level_z-lat90-elev500.result.json,level_z,geo_month,90.0,500.0,spatial,Kenya_Rift_Valley,0.25188743994509266,persistence,0.029040404040404047,0.32,0.21926621897777301,396,0.17929292929292928,db654a6,False,42,6c832dc27417
E04-band-sweep,E04-level_z-lat90-elev500.result.json,level_z,geo_month,90.0,500.0,spatial,Kenya_Rift_Valley,0.25188743994509266,climatology,0.0,0.17929292929292928,0.0,396,0.17929292929292928,db654a6,False,42,6c832dc27417
E04-band-sweep,E04-level_z-lat90-elev500.result.json,level_z,geo_month,90.0,500.0,spatial,Kenya_Rift_Valley,0.25188743994509266,linear,0.023989898989898985,0.32,0.2143905853139559,396,0.17929292929292928,db654a6,False,42,6c832dc27417
E04-band-sweep,E04-level_z-lat90-elev500.result.json,level_z,geo_month,90.0,500.0,spatial,Kenya_Rift_Valley,0.25188743994509266,boosted,0.00505050505050505,0.44,0.2674215291859935,396,0.17929292929292928,db654a6,False,42,6c832dc27417
E04-band-sweep,E04-level_z-lat5-elev500.result.json,level_z,geo_month,5.0,500.0,spatial,Kaduna_Grain_Belt,0.9640035118525022,zero,0.0,0.11343283582089553,0.0,1005,0.11343283582089553,db654a6,False,42,6c832dc27417
E04-band-sweep,E04-level_z-lat5-elev500.result.json,level_z,geo_month,5.0,500.0,spatial,Kaduna_Grain_Belt,0.9640035118525022,persistence,0.010447761194029855,0.48,0.579236192680697,1005,0.11343283582089553,db654a6,False,42,6c832dc27417
E04-band-sweep,E04-level_z-lat5-elev500.result.json,level_z,geo_month,5.0,500.0,spatial,Kaduna_Grain_Belt,0.9640035118525022,climatology,0.0,0.11343283582089553,0.0,1005,0.11343283582089553,db654a6,False,42,6c832dc27417
E04-band-sweep,E04-level_z-lat5-elev500.result.json,level_z,geo_month,5.0,500.0,spatial,Kaduna_Grain_Belt,0.9640035118525022,linear,0.016169154228855724,0.48,0.5757179747062013,1005,0.11343283582089553,db654a6,False,42,6c832dc27417
E04-band-sweep,E04-level_z-lat5-elev500.result.json,level_z,geo_month,5.0,500.0,spatial,Kaduna_Grain_Belt,0.9640035118525022,boosted,0.028855721393034828,0.32,0.47934457708435674,1005,0.11343283582089553,db654a6,False,42,6c832dc27417
E04-band-sweep,E04-level_z-lat5-elev500.result.json,level_z,geo_month,5.0,500.0,spatial,Kano_Sudan_Savannah,0.20842572062084258,zero,0.0,0.05747126436781609,0.0,261,0.05747126436781609,db654a6,False,42,6c832dc27417
E04-band-sweep,E04-level_z-lat5-elev500.result.json,level_z,geo_month,5.0,500.0,spatial,Kano_Sudan_Savannah,0.20842572062084258,persistence,-0.14559386973180075,0.08,0.3976300772909687,261,0.05747126436781609,db654a6,False,42,6c832dc27417
E04-band-sweep,E04-level_z-lat5-elev500.result.json,level_z,geo_month,5.0,500.0,spatial,Kano_Sudan_Savannah,0.20842572062084258,climatology,0.0,0.05747126436781609,0.0,261,0.05747126436781609,db654a6,False,42,6c832dc27417
E04-band-sweep,E04-level_z-lat5-elev500.result.json,level_z,geo_month,5.0,500.0,spatial,Kano_Sudan_Savannah,0.20842572062084258,linear,-0.11877394636015326,0.16,0.3302076794838048,261,0.05747126436781609,db654a6,False,42,6c832dc27417
E04-band-sweep,E04-level_z-lat5-elev500.result.json,level_z,geo_month,5.0,500.0,spatial,Kano_Sudan_Savannah,0.20842572062084258,boosted,-0.022988505747126436,0.12,0.3555159589905576,261,0.05747126436781609,db654a6,False,42,6c832dc27417
E04-band-sweep,E04-within_xy-lat20-elev500.result.json,within_xy,geo_month,20.0,500.0,spatial,Benue_River_Basin,1.0,zero,0.0,0.6431095406360424,0.0,566,0.6431095406360424,db654a6,False,42,6c832dc27417
E04-band-sweep,E04-within_xy-lat20-elev500.result.json,within_xy,geo_month,20.0,500.0,spatial,Benue_River_Basin,1.0,persistence,0.31757950530035334,0.72,0.2437261820794764,566,0.6431095406360424,db654a6,False,42,6c832dc27417
E04-band-sweep,E04-within_xy-lat20-elev500.result.json,within_xy,geo_month,20.0,500.0,spatial,Benue_River_Basin,1.0,climatology,0.0,0.6431095406360424,0.0,566,0.6431095406360424,db654a6,False,42,6c832dc27417
E04-band-sweep,E04-within_xy-lat20-elev500.result.json,within_xy,geo_month,20.0,500.0,spatial,Benue_River_Basin,1.0,linear,0.19832155477031801,0.72,0.22146130620441887,566,0.6431095406360424,db654a6,False,42,6c832dc27417
E04-band-sweep,E04-within_xy-lat20-elev500.result.json,within_xy,geo_month,20.0,500.0,spatial,Benue_River_Basin,1.0,boosted,0.11307420494699646,0.88,0.2060674738432017,566,0.6431095406360424,db654a6,False,42,6c832dc27417
E04-band-sweep,E04-within_xy-lat20-elev500.result.json,within_xy,geo_month,20.0,500.0,spatial,Kaduna_Grain_Belt,1.0,zero,0.0,0.22914669223394055,0.0,1043,0.22914669223394055,db654a6,False,42,6c832dc27417
E04-band-sweep,E04-within_xy-lat20-elev500.result.json,within_xy,geo_month,20.0,500.0,spatial,Kaduna_Grain_Belt,1.0,persistence,0.07430488974113136,0.52,0.30814279345311785,1043,0.22914669223394055,db654a6,False,42,6c832dc27417
E04-band-sweep,E04-within_xy-lat20-elev500.result.json,within_xy,geo_month,20.0,500.0,spatial,Kaduna_Grain_Belt,1.0,climatology,0.0,0.22914669223394055,0.0,1043,0.22914669223394055,db654a6,False,42,6c832dc27417
E04-band-sweep,E04-within_xy-lat20-elev500.result.json,within_xy,geo_month,20.0,500.0,spatial,Kaduna_Grain_Belt,1.0,linear,0.03859060402684564,0.44,0.25612718665372736,1043,0.22914669223394055,db654a6,False,42,6c832dc27417
E04-band-sweep,E04-within_xy-lat20-elev500.result.json,within_xy,geo_month,20.0,500.0,spatial,Kaduna_Grain_Belt,1.0,boosted,0.031160115052732505,0.48,0.23185846638111407,1043,0.22914669223394055,db654a6,False,42,6c832dc27417
E04-band-sweep,E04-within_xy-lat20-elev500.result.json,within_xy,geo_month,20.0,500.0,spatial,Kano_Sudan_Savannah,0.8588322246858833,zero,0.0,0.033011272141706925,0.0,1242,0.033011272141706925,db654a6,False,42,6c832dc27417
E04-band-sweep,E04-within_xy-lat20-elev500.result.json,within_xy,geo_month,20.0,500.0,spatial,Kano_Sudan_Savannah,0.8588322246858833,persistence,-0.09219001610305959,0.24,0.21973912787853506,1242,0.033011272141706925,db654a6,False,42,6c832dc27417
E04-band-sweep,E04-within_xy-lat20-elev500.result.json,within_xy,geo_month,20.0,500.0,spatial,Kano_Sudan_Savannah,0.8588322246858833,climatology,0.0,0.033011272141706925,0.0,1242,0.033011272141706925,db654a6,False,42,6c832dc27417
E04-band-sweep,E04-within_xy-lat20-elev500.result.json,within_xy,geo_month,20.0,500.0,spatial,Kano_Sudan_Savannah,0.8588322246858833,linear,-0.00825281803542673,0.2,0.17471936512111574,1242,0.033011272141706925,db654a6,False,42,6c832dc27417
E04-band-sweep,E04-within_xy-lat20-elev500.result.json,within_xy,geo_month,20.0,500.0,spatial,Kano_Sudan_Savannah,0.8588322246858833,boosted,-0.005636070853462157,0.12,0.1943010550346974,1242,0.033011272141706925,db654a6,False,42,6c832dc27417
E04-band-sweep,E04-within_xy-lat20-elev500.result.json,within_xy,geo_month,20.0,500.0,spatial,Kenya_Rift_Valley,0.25188743994509266,zero,0.0,0.1111111111111111,0.0,396,0.1111111111111111,db654a6,False,42,6c832dc27417
E04-band-sweep,E04-within_xy-lat20-elev500.result.json,within_xy,geo_month,20.0,500.0,spatial,Kenya_Rift_Valley,0.25188743994509266,persistence,0.00883838383838384,0.24,0.3558819712973296,396,0.1111111111111111,db654a6,False,42,6c832dc27417
E04-band-sweep,E04-within_xy-lat20-elev500.result.json,within_xy,geo_month,20.0,500.0,spatial,Kenya_Rift_Valley,0.25188743994509266,climatology,0.0,0.1111111111111111,0.0,396,0.1111111111111111,db654a6,False,42,6c832dc27417
E04-band-sweep,E04-within_xy-lat20-elev500.result.json,within_xy,geo_month,20.0,500.0,spatial,Kenya_Rift_Valley,0.25188743994509266,linear,-0.0018939393939393992,0.24,0.26305867075563855,396,0.1111111111111111,db654a6,False,42,6c832dc27417
E04-band-sweep,E04-within_xy-lat20-elev500.result.json,within_xy,geo_month,20.0,500.0,spatial,Kenya_Rift_Valley,0.25188743994509266,boosted,-0.0202020202020202,0.08,0.10720236835723239,396,0.1111111111111111,db654a6,False,42,6c832dc27417
E04-band-sweep,E04-within_xy-lat5-elev2000.result.json,within_xy,geo_month,5.0,2000.0,spatial,Kaduna_Grain_Belt,1.0,zero,0.0,0.2080536912751678,0.0,1043,0.2080536912751678,db654a6,False,42,6c832dc27417
E04-band-sweep,E04-within_xy-lat5-elev2000.result.json,within_xy,geo_month,5.0,2000.0,spatial,Kaduna_Grain_Belt,1.0,persistence,0.05584851390220519,0.48,0.3646767123851541,1043,0.2080536912751678,db654a6,False,42,6c832dc27417
E04-band-sweep,E04-within_xy-lat5-elev2000.result.json,within_xy,geo_month,5.0,2000.0,spatial,Kaduna_Grain_Belt,1.0,climatology,0.0,0.2080536912751678,0.0,1043,0.2080536912751678,db654a6,False,42,6c832dc27417
E04-band-sweep,E04-within_xy-lat5-elev2000.result.json,within_xy,geo_month,5.0,2000.0,spatial,Kaduna_Grain_Belt,1.0,linear,0.04122722914669224,0.4,0.3294703740229119,1043,0.2080536912751678,db654a6,False,42,6c832dc27417
E04-band-sweep,E04-within_xy-lat5-elev2000.result.json,within_xy,geo_month,5.0,2000.0,spatial,Kaduna_Grain_Belt,1.0,boosted,0.037152444870565675,0.6,0.253828877579289,1043,0.2080536912751678,db654a6,False,42,6c832dc27417
E04-band-sweep,E04-within_xy-lat5-elev2000.result.json,within_xy,geo_month,5.0,2000.0,spatial,Kano_Sudan_Savannah,1.0,zero,0.0,0.042163882259347654,0.0,1257,0.042163882259347654,db654a6,False,42,6c832dc27417
E04-band-sweep,E04-within_xy-lat5-elev2000.result.json,within_xy,geo_month,5.0,2000.0,spatial,Kano_Sudan_Savannah,1.0,persistence,-0.10182975338106602,0.32,0.3160369050266852,1257,0.042163882259347654,db654a6,False,42,6c832dc27417
E04-band-sweep,E04-within_xy-lat5-elev2000.result.json,within_xy,geo_month,5.0,2000.0,spatial,Kano_Sudan_Savannah,1.0,climatology,0.0,0.042163882259347654,0.0,1257,0.042163882259347654,db654a6,False,42,6c832dc27417
E04-band-sweep,E04-within_xy-lat5-elev2000.result.json,within_xy,geo_month,5.0,2000.0,spatial,Kano_Sudan_Savannah,1.0,linear,-0.006762132060461416,0.32,0.2828748116700216,1257,0.042163882259347654,db654a6,False,42,6c832dc27417
E04-band-sweep,E04-within_xy-lat5-elev2000.result.json,within_xy,geo_month,5.0,2000.0,spatial,Kano_Sudan_Savannah,1.0,boosted,-0.0075576770087509935,0.08,0.31104405347572056,1257,0.042163882259347654,db654a6,False,42,6c832dc27417
E04-band-sweep,E04-level_z-lat20-elev1000.result.json,level_z,geo_month,20.0,1000.0,spatial,Benue_River_Basin,1.0,zero,0.0,0.13427561837455831,0.0,566,0.13427561837455831,db654a6,False,42,6c832dc27417
E04-band-sweep,E04-level_z-lat20-elev1000.result.json,level_z,geo_month,20.0,1000.0,spatial,Benue_River_Basin,1.0,persistence,-0.006625441696113073,0.04,0.17480797620832342,566,0.13427561837455831,db654a6,False,42,6c832dc27417
E04-band-sweep,E04-level_z-lat20-elev1000.result.json,level_z,geo_month,20.0,1000.0,spatial,Benue_River_Basin,1.0,climatology,0.0,0.13427561837455831,0.0,566,0.13427561837455831,db654a6,False,42,6c832dc27417
E04-band-sweep,E04-level_z-lat20-elev1000.result.json,level_z,geo_month,20.0,1000.0,spatial,Benue_River_Basin,1.0,linear,-0.00574204946996467,0.04,0.17571609460660825,566,0.13427561837455831,db654a6,False,42,6c832dc27417
E04-band-sweep,E04-level_z-lat20-elev1000.result.json,level_z,geo_month,20.0,1000.0,spatial,Benue_River_Basin,1.0,boosted,-0.0013250883392226138,0.24,0.2015922057836156,566,0.13427561837455831,db654a6,False,42,6c832dc27417
E04-band-sweep,E04-level_z-lat20-elev1000.result.json,level_z,geo_month,20.0,1000.0,spatial,Kaduna_Grain_Belt,1.0,zero,0.0,0.11025886864813039,0.0,1043,0.11025886864813039,db654a6,False,42,6c832dc27417
E04-band-sweep,E04-level_z-lat20-elev1000.result.json,level_z,geo_month,20.0,1000.0,spatial,Kaduna_Grain_Belt,1.0,persistence,-0.033796740172579096,0.32,0.5319334957643941,1043,0.11025886864813039,db654a6,False,42,6c832dc27417
E04-band-sweep,E04-level_z-lat20-elev1000.result.json,level_z,geo_month,20.0,1000.0,spatial,Kaduna_Grain_Belt,1.0,climatology,0.0,0.11025886864813039,0.0,1043,0.11025886864813039,db654a6,False,42,6c832dc27417
E04-band-sweep,E04-level_z-lat20-elev1000.result.json,level_z,geo_month,20.0,1000.0,spatial,Kaduna_Grain_Belt,1.0,linear,-0.009108341323106423,0.4,0.40225743967213395,1043,0.11025886864813039,db654a6,False,42,6c832dc27417
E04-band-sweep,E04-level_z-lat20-elev1000.result.json,level_z,geo_month,20.0,1000.0,spatial,Kaduna_Grain_Belt,1.0,boosted,0.021332694151486097,0.4,0.4851659059098598,1043,0.11025886864813039,db654a6,False,42,6c832dc27417
E04-band-sweep,E04-level_z-lat20-elev1000.result.json,level_z,geo_month,20.0,1000.0,spatial,Kano_Sudan_Savannah,1.0,zero,0.0,0.10103420843277645,0.0,1257,0.10103420843277645,db654a6,False,42,6c832dc27417
E04-band-sweep,E04-level_z-lat20-elev1000.result.json,level_z,geo_month,20.0,1000.0,spatial,Kano_Sudan_Savannah,1.0,persistence,-0.09069212410501194,0.48,0.4475170140274006,1257,0.10103420843277645,db654a6,False,42,6c832dc27417
E04-band-sweep,E04-level_z-lat20-elev1000.result.json,level_z,geo_month,20.0,1000.0,spatial,Kano_Sudan_Savannah,1.0,climatology,0.0,0.10103420843277645,0.0,1257,0.10103420843277645,db654a6,False,42,6c832dc27417
E04-band-sweep,E04-level_z-lat20-elev1000.result.json,level_z,geo_month,20.0,1000.0,spatial,Kano_Sudan_Savannah,1.0,linear,-0.04912490055688147,0.52,0.39082257192290454,1257,0.10103420843277645,db654a6,False,42,6c832dc27417
E04-band-sweep,E04-level_z-lat20-elev1000.result.json,level_z,geo_month,20.0,1000.0,spatial,Kano_Sudan_Savannah,1.0,boosted,-0.0025855210819411313,0.4,0.32731790295028074,1257,0.10103420843277645,db654a6,False,42,6c832dc27417
E04-band-sweep,E04-level_z-lat20-elev1000.result.json,level_z,geo_month,20.0,1000.0,spatial,Kenya_Rift_Valley,0.47151681537405626,zero,0.0,0.15508021390374332,0.0,748,0.15508021390374332,db654a6,False,42,6c832dc27417
E04-band-sweep,E04-level_z-lat20-elev1000.result.json,level_z,geo_month,20.0,1000.0,spatial,Kenya_Rift_Valley,0.47151681537405626,persistence,0.022393048128342252,0.28,0.3790051480114672,748,0.15508021390374332,db654a6,False,42,6c832dc27417
E04-band-sweep,E04-level_z-lat20-elev1000.result.json,level_z,geo_month,20.0,1000.0,spatial,Kenya_Rift_Valley,0.47151681537405626,climatology,0.0,0.15508021390374332,0.0,748,0.15508021390374332,db654a6,False,42,6c832dc27417
E04-band-sweep,E04-level_z-lat20-elev1000.result.json,level_z,geo_month,20.0,1000.0,spatial,Kenya_Rift_Valley,0.47151681537405626,linear,0.008021390374331552,0.32,0.2846008595071706,748,0.15508021390374332,db654a6,False,42,6c832dc27417
E04-band-sweep,E04-level_z-lat20-elev1000.result.json,level_z,geo_month,20.0,1000.0,spatial,Kenya_Rift_Valley,0.47151681537405626,boosted,0.009024064171122994,0.44,0.17426237682194906,748,0.15508021390374332,db654a6,False,42,6c832dc27417
E04-band-sweep,E04-within_xy-lat5-elev500.result.json,within_xy,geo_month,5.0,500.0,spatial,Kaduna_Grain_Belt,0.9640035118525022,zero,0.0,0.40298507462686567,0.0,1005,0.40298507462686567,db654a6,False,42,6c832dc27417
E04-band-sweep,E04-within_xy-lat5-elev500.result.json,within_xy,geo_month,5.0,500.0,spatial,Kaduna_Grain_Belt,0.9640035118525022,persistence,0.1723880597014925,0.48,0.14711114888831964,1005,0.40298507462686567,db654a6,False,42,6c832dc27417
E04-band-sweep,E04-within_xy-lat5-elev500.result.json,within_xy,geo_month,5.0,500.0,spatial,Kaduna_Grain_Belt,0.9640035118525022,climatology,0.0,0.40298507462686567,0.0,1005,0.40298507462686567,db654a6,False,42,6c832dc27417
E04-band-sweep,E04-within_xy-lat5-elev500.result.json,within_xy,geo_month,5.0,500.0,spatial,Kaduna_Grain_Belt,0.9640035118525022,linear,0.12885572139303483,0.52,0.13427760723522336,1005,0.40298507462686567,db654a6,False,42,6c832dc27417
E04-band-sweep,E04-within_xy-lat5-elev500.result.json,within_xy,geo_month,5.0,500.0,spatial,Kaduna_Grain_Belt,0.9640035118525022,boosted,0.05497512437810945,0.44,0.07818858390360696,1005,0.40298507462686567,db654a6,False,42,6c832dc27417
E04-band-sweep,E04-within_xy-lat5-elev500.result.json,within_xy,geo_month,5.0,500.0,spatial,Kano_Sudan_Savannah,0.20842572062084258,zero,0.0,0.02681992337164751,0.0,261,0.02681992337164751,db654a6,False,42,6c832dc27417
E04-band-sweep,E04-within_xy-lat5-elev500.result.json,within_xy,geo_month,5.0,500.0,spatial,Kano_Sudan_Savannah,0.20842572062084258,persistence,-0.13793103448275862,0.08,0.3728228076214388,261,0.02681992337164751,db654a6,False,42,6c832dc27417
E04-band-sweep,E04-within_xy-lat5-elev500.result.json,within_xy,geo_month,5.0,500.0,spatial,Kano_Sudan_Savannah,0.20842572062084258,climatology,0.0,0.02681992337164751,0.0,261,0.02681992337164751,db654a6,False,42,6c832dc27417
E04-band-sweep,E04-within_xy-lat5-elev500.result.json,within_xy,geo_month,5.0,500.0,spatial,Kano_Sudan_Savannah,0.20842572062084258,linear,-0.009578544061302683,0.12,0.34997941428581075,261,0.02681992337164751,db654a6,False,42,6c832dc27417
E04-band-sweep,E04-within_xy-lat5-elev500.result.json,within_xy,geo_month,5.0,500.0,spatial,Kano_Sudan_Savannah,0.20842572062084258,boosted,-0.007662835249042146,0.04,0.38210932701588146,261,0.02681992337164751,db654a6,False,42,6c832dc27417
E04-band-sweep,E04-within_xy-lat90-elev1000.result.json,within_xy,geo_month,90.0,1000.0,spatial,Benue_River_Basin,1.0,zero,0.0,0.4876325088339223,0.0,566,0.4876325088339223,db654a6,False,42,6c832dc27417
E04-band-sweep,E04-within_xy-lat90-elev1000.result.json,within_xy,geo_month,90.0,1000.0,spatial,Benue_River_Basin,1.0,persistence,0.2318904593639576,0.52,0.24680009086650945,566,0.4876325088339223,db654a6,False,42,6c832dc27417
E04-band-sweep,E04-within_xy-lat90-elev1000.result.json,within_xy,geo_month,90.0,1000.0,spatial,Benue_River_Basin,1.0,climatology,0.0,0.4876325088339223,0.0,566,0.4876325088339223,db654a6,False,42,6c832dc27417
E04-band-sweep,E04-within_xy-lat90-elev1000.result.json,within_xy,geo_month,90.0,1000.0,spatial,Benue_River_Basin,1.0,linear,0.1267667844522968,0.48,0.2279398302225783,566,0.4876325088339223,db654a6,False,42,6c832dc27417
E04-band-sweep,E04-within_xy-lat90-elev1000.result.json,within_xy,geo_month,90.0,1000.0,spatial,Benue_River_Basin,1.0,boosted,0.07376325088339222,0.68,0.18567863070192725,566,0.4876325088339223,db654a6,False,42,6c832dc27417
E04-band-sweep,E04-within_xy-lat90-elev1000.result.json,within_xy,geo_month,90.0,1000.0,spatial,Kaduna_Grain_Belt,1.0,zero,0.0,0.07861936720997123,0.0,1043,0.07861936720997123,db654a6,False,42,6c832dc27417
E04-band-sweep,E04-within_xy-lat90-elev1000.result.json,within_xy,geo_month,90.0,1000.0,spatial,Kaduna_Grain_Belt,1.0,persistence,-0.07238734419942472,0.2,0.34972040077535227,1043,0.07861936720997123,db654a6,False,42,6c832dc27417
E04-band-sweep,E04-within_xy-lat90-elev1000.result.json,within_xy,geo_month,90.0,1000.0,spatial,Kaduna_Grain_Belt,1.0,climatology,0.0,0.07861936720997123,0.0,1043,0.07861936720997123,db654a6,False,42,6c832dc27417
E04-band-sweep,E04-within_xy-lat90-elev1000.result.json,within_xy,geo_month,90.0,1000.0,spatial,Kaduna_Grain_Belt,1.0,linear,-0.010306807286673058,0.16,0.29766963876284025,1043,0.07861936720997123,db654a6,False,42,6c832dc27417
E04-band-sweep,E04-within_xy-lat90-elev1000.result.json,within_xy,geo_month,90.0,1000.0,spatial,Kaduna_Grain_Belt,1.0,boosted,-0.004554170661553213,0.12,0.20207852130489465,1043,0.07861936720997123,db654a6,False,42,6c832dc27417
E04-band-sweep,E04-within_xy-lat90-elev1000.result.json,within_xy,geo_month,90.0,1000.0,spatial,Kano_Sudan_Savannah,1.0,zero,0.0,0.04852824184566428,0.0,1257,0.04852824184566428,db654a6,False,42,6c832dc27417
E04-band-sweep,E04-within_xy-lat90-elev1000.result.json,within_xy,geo_month,90.0,1000.0,spatial,Kano_Sudan_Savannah,1.0,persistence,-0.11714399363564042,0.24,0.26259294089419166,1257,0.04852824184566428,db654a6,False,42,6c832dc27417
E04-band-sweep,E04-within_xy-lat90-elev1000.result.json,within_xy,geo_month,90.0,1000.0,spatial,Kano_Sudan_Savannah,1.0,climatology,0.0,0.04852824184566428,0.0,1257,0.04852824184566428,db654a6,False,42,6c832dc27417
E04-band-sweep,E04-within_xy-lat90-elev1000.result.json,within_xy,geo_month,90.0,1000.0,spatial,Kano_Sudan_Savannah,1.0,linear,-0.004176610978520286,0.2,0.17276323583245362,1257,0.04852824184566428,db654a6,False,42,6c832dc27417
E04-band-sweep,E04-within_xy-lat90-elev1000.result.json,within_xy,geo_month,90.0,1000.0,spatial,Kano_Sudan_Savannah,1.0,boosted,-0.005568814638027049,0.08,0.25258519683169894,1257,0.04852824184566428,db654a6,False,42,6c832dc27417
E04-band-sweep,E04-within_xy-lat90-elev1000.result.json,within_xy,geo_month,90.0,1000.0,spatial,Kenya_Rift_Valley,0.47151681537405626,zero,0.0,0.2874331550802139,0.0,748,0.2874331550802139,db654a6,False,42,6c832dc27417
E04-band-sweep,E04-within_xy-lat90-elev1000.result.json,within_xy,geo_month,90.0,1000.0,spatial,Kenya_Rift_Valley,0.47151681537405626,persistence,0.08455882352941177,0.32,0.29354711337010714,748,0.2874331550802139,db654a6,False,42,6c832dc27417
E04-band-sweep,E04-within_xy-lat90-elev1000.result.json,within_xy,geo_month,90.0,1000.0,spatial,Kenya_Rift_Valley,0.47151681537405626,climatology,0.0,0.2874331550802139,0.0,748,0.2874331550802139,db654a6,False,42,6c832dc27417
E04-band-sweep,E04-within_xy-lat90-elev1000.result.json,within_xy,geo_month,90.0,1000.0,spatial,Kenya_Rift_Valley,0.47151681537405626,linear,0.04913101604278076,0.36,0.15348033144121287,748,0.2874331550802139,db654a6,False,42,6c832dc27417
E04-band-sweep,E04-within_xy-lat90-elev1000.result.json,within_xy,geo_month,90.0,1000.0,spatial,Kenya_Rift_Valley,0.47151681537405626,boosted,0.023395721925133686,0.16,-0.04359937052996261,748,0.2874331550802139,db654a6,False,42,6c832dc27417
E04-band-sweep,E04-level_z-lat5-elev2000.result.json,level_z,geo_month,5.0,2000.0,spatial,Kaduna_Grain_Belt,1.0,zero,0.0,0.11025886864813039,0.0,1043,0.11025886864813039,db654a6,False,42,6c832dc27417
E04-band-sweep,E04-level_z-lat5-elev2000.result.json,level_z,geo_month,5.0,2000.0,spatial,Kaduna_Grain_Belt,1.0,persistence,0.008149568552253121,0.36,0.6058603735275593,1043,0.11025886864813039,db654a6,False,42,6c832dc27417
E04-band-sweep,E04-level_z-lat5-elev2000.result.json,level_z,geo_month,5.0,2000.0,spatial,Kaduna_Grain_Belt,1.0,climatology,0.0,0.11025886864813039,0.0,1043,0.11025886864813039,db654a6,False,42,6c832dc27417
E04-band-sweep,E04-level_z-lat5-elev2000.result.json,level_z,geo_month,5.0,2000.0,spatial,Kaduna_Grain_Belt,1.0,linear,0.01342281879194631,0.44,0.5864791319267878,1043,0.11025886864813039,db654a6,False,42,6c832dc27417
E04-band-sweep,E04-level_z-lat5-elev2000.result.json,level_z,geo_month,5.0,2000.0,spatial,Kaduna_Grain_Belt,1.0,boosted,0.024688398849472677,0.64,0.5686057351841214,1043,0.11025886864813039,db654a6,False,42,6c832dc27417
E04-band-sweep,E04-level_z-lat5-elev2000.result.json,level_z,geo_month,5.0,2000.0,spatial,Kano_Sudan_Savannah,1.0,zero,0.0,0.10103420843277645,0.0,1257,0.10103420843277645,db654a6,False,42,6c832dc27417
E04-band-sweep,E04-level_z-lat5-elev2000.result.json,level_z,geo_month,5.0,2000.0,spatial,Kano_Sudan_Savannah,1.0,persistence,-0.08333333333333333,0.64,0.4757103115244023,1257,0.10103420843277645,db654a6,False,42,6c832dc27417
E04-band-sweep,E04-level_z-lat5-elev2000.result.json,level_z,geo_month,5.0,2000.0,spatial,Kano_Sudan_Savannah,1.0,climatology,0.0,0.10103420843277645,0.0,1257,0.10103420843277645,db654a6,False,42,6c832dc27417
E04-band-sweep,E04-level_z-lat5-elev2000.result.json,level_z,geo_month,5.0,2000.0,spatial,Kano_Sudan_Savannah,1.0,linear,-0.03420843277645186,0.64,0.44027584988593454,1257,0.10103420843277645,db654a6,False,42,6c832dc27417
E04-band-sweep,E04-level_z-lat5-elev2000.result.json,level_z,geo_month,5.0,2000.0,spatial,Kano_Sudan_Savannah,1.0,boosted,0.0035799522673031006,0.36,0.3275181294991031,1257,0.10103420843277645,db654a6,False,42,6c832dc27417
E04-band-sweep,E04-within_xy-lat10-elev1000.result.json,within_xy,geo_month,10.0,1000.0,spatial,Benue_River_Basin,1.0,zero,0.0,0.8816254416961131,0.0,566,0.8816254416961131,db654a6,False,42,6c832dc27417
E04-band-sweep,E04-within_xy-lat10-elev1000.result.json,within_xy,geo_month,10.0,1000.0,spatial,Benue_River_Basin,1.0,persistence,0.7005300353356891,0.96,0.6106585819960222,566,0.8816254416961131,db654a6,False,42,6c832dc27417
E04-band-sweep,E04-within_xy-lat10-elev1000.result.json,within_xy,geo_month,10.0,1000.0,spatial,Benue_River_Basin,1.0,climatology,0.0,0.8816254416961131,0.0,566,0.8816254416961131,db654a6,False,42,6c832dc27417
E04-band-sweep,E04-within_xy-lat10-elev1000.result.json,within_xy,geo_month,10.0,1000.0,spatial,Benue_River_Basin,1.0,linear,0.598939929328622,0.96,0.4805164963581424,566,0.8816254416961131,db654a6,False,42,6c832dc27417
E04-band-sweep,E04-within_xy-lat10-elev1000.result.json,within_xy,geo_month,10.0,1000.0,spatial,Benue_River_Basin,1.0,boosted,0.2831272084805654,1.0,0.38126333236874527,566,0.8816254416961131,db654a6,False,42,6c832dc27417
E04-band-sweep,E04-within_xy-lat10-elev1000.result.json,within_xy,geo_month,10.0,1000.0,spatial,Kaduna_Grain_Belt,0.9640035118525022,zero,0.0,0.20497512437810944,0.0,1005,0.20497512437810944,db654a6,False,42,6c832dc27417
E04-band-sweep,E04-within_xy-lat10-elev1000.result.json,within_xy,geo_month,10.0,1000.0,spatial,Kaduna_Grain_Belt,0.9640035118525022,persistence,0.051492537313432826,0.44,0.36227728473660625,1005,0.20497512437810944,db654a6,False,42,6c832dc27417
E04-band-sweep,E04-within_xy-lat10-elev1000.result.json,within_xy,geo_month,10.0,1000.0,spatial,Kaduna_Grain_Belt,0.9640035118525022,climatology,0.0,0.20497512437810944,0.0,1005,0.20497512437810944,db654a6,False,42,6c832dc27417
E04-band-sweep,E04-within_xy-lat10-elev1000.result.json,within_xy,geo_month,10.0,1000.0,spatial,Kaduna_Grain_Belt,0.9640035118525022,linear,0.04029850746268656,0.4,0.31987246409158776,1005,0.20497512437810944,db654a6,False,42,6c832dc27417
E04-band-sweep,E04-within_xy-lat10-elev1000.result.json,within_xy,geo_month,10.0,1000.0,spatial,Kaduna_Grain_Belt,0.9640035118525022,boosted,0.03631840796019901,0.6,0.28233911036959547,1005,0.20497512437810944,db654a6,False,42,6c832dc27417
E04-band-sweep,E04-within_xy-lat10-elev1000.result.json,within_xy,geo_month,10.0,1000.0,spatial,Kano_Sudan_Savannah,1.0,zero,0.0,0.04295942720763723,0.0,1257,0.04295942720763723,db654a6,False,42,6c832dc27417
E04-band-sweep,E04-within_xy-lat10-elev1000.result.json,within_xy,geo_month,10.0,1000.0,spatial,Kano_Sudan_Savannah,1.0,persistence,-0.10322195704057278,0.28,0.31834636025800206,1257,0.04295942720763723,db654a6,False,42,6c832dc27417
E04-band-sweep,E04-within_xy-lat10-elev1000.result.json,within_xy,geo_month,10.0,1000.0,spatial,Kano_Sudan_Savannah,1.0,climatology,0.0,0.04295942720763723,0.0,1257,0.04295942720763723,db654a6,False,42,6c832dc27417
E04-band-sweep,E04-within_xy-lat10-elev1000.result.json,within_xy,geo_month,10.0,1000.0,spatial,Kano_Sudan_Savannah,1.0,linear,-0.0071599045346062064,0.28,0.2950848694195134,1257,0.04295942720763723,db654a6,False,42,6c832dc27417
E04-band-sweep,E04-within_xy-lat10-elev1000.result.json,within_xy,geo_month,10.0,1000.0,spatial,Kano_Sudan_Savannah,1.0,boosted,-0.0075576770087509935,0.08,0.2994739932011854,1257,0.04295942720763723,db654a6,False,42,6c832dc27417
E04-band-sweep,E04-within_xy-lat10-elev1000.result.json,within_xy,geo_month,10.0,1000.0,spatial,Kenya_Rift_Valley,0.024708304735758406,zero,0.0,0.06976744186046512,0.0,43,0.06976744186046512,db654a6,False,42,6c832dc27417
E04-band-sweep,E04-within_xy-lat10-elev1000.result.json,within_xy,geo_month,10.0,1000.0,spatial,Kenya_Rift_Valley,0.024708304735758406,persistence,-0.06976744186046512,0.04,0.23462566844919788,43,0.06976744186046512,db654a6,False,42,6c832dc27417
E04-band-sweep,E04-within_xy-lat10-elev1000.result.json,within_xy,geo_month,10.0,1000.0,spatial,Kenya_Rift_Valley,0.024708304735758406,climatology,0.0,0.06976744186046512,0.0,43,0.06976744186046512,db654a6,False,42,6c832dc27417
E04-band-sweep,E04-within_xy-lat10-elev1000.result.json,within_xy,geo_month,10.0,1000.0,spatial,Kenya_Rift_Valley,0.024708304735758406,linear,0.0,0.08,0.28933856840833583,43,0.06976744186046512,db654a6,False,42,6c832dc27417
E04-band-sweep,E04-within_xy-lat10-elev1000.result.json,within_xy,geo_month,10.0,1000.0,spatial,Kenya_Rift_Valley,0.024708304735758406,boosted,-0.023255813953488372,0.12,-0.03352461491996376,43,0.06976744186046512,db654a6,False,42,6c832dc27417
E04-band-sweep,E04-level_z-lat20-elev500.result.json,level_z,geo_month,20.0,500.0,spatial,Benue_River_Basin,1.0,zero,0.0,0.13427561837455831,0.0,566,0.13427561837455831,db654a6,False,42,6c832dc27417
E04-band-sweep,E04-level_z-lat20-elev500.result.json,level_z,geo_month,20.0,500.0,spatial,Benue_River_Basin,1.0,persistence,-0.003975265017667845,0.04,0.15748526186097336,566,0.13427561837455831,db654a6,False,42,6c832dc27417
E04-band-sweep,E04-level_z-lat20-elev500.result.json,level_z,geo_month,20.0,500.0,spatial,Benue_River_Basin,1.0,climatology,0.0,0.13427561837455831,0.0,566,0.13427561837455831,db654a6,False,42,6c832dc27417
E04-band-sweep,E04-level_z-lat20-elev500.result.json,level_z,geo_month,20.0,500.0,spatial,Benue_River_Basin,1.0,linear,-0.004416961130742053,0.04,0.16050422513600013,566,0.13427561837455831,db654a6,False,42,6c832dc27417
E04-band-sweep,E04-level_z-lat20-elev500.result.json,level_z,geo_month,20.0,500.0,spatial,Benue_River_Basin,1.0,boosted,-0.0004416961130742046,0.24,0.1727528731945647,566,0.13427561837455831,db654a6,False,42,6c832dc27417
E04-band-sweep,E04-level_z-lat20-elev500.result.json,level_z,geo_month,20.0,500.0,spatial,Kaduna_Grain_Belt,1.0,zero,0.0,0.11025886864813039,0.0,1043,0.11025886864813039,db654a6,False,42,6c832dc27417
E04-band-sweep,E04-level_z-lat20-elev500.result.json,level_z,geo_month,20.0,500.0,spatial,Kaduna_Grain_Belt,1.0,persistence,0.0038350910834132335,0.44,0.5547172647532479,1043,0.11025886864813039,db654a6,False,42,6c832dc27417
E04-band-sweep,E04-level_z-lat20-elev500.result.json,level_z,geo_month,20.0,500.0,spatial,Kaduna_Grain_Belt,1.0,climatology,0.0,0.11025886864813039,0.0,1043,0.11025886864813039,db654a6,False,42,6c832dc27417
E04-band-sweep,E04-level_z-lat20-elev500.result.json,level_z,geo_month,20.0,500.0,spatial,Kaduna_Grain_Belt,1.0,linear,0.0067114093959731586,0.52,0.4844345314870111,1043,0.11025886864813039,db654a6,False,42,6c832dc27417
E04-band-sweep,E04-level_z-lat20-elev500.result.json,level_z,geo_month,20.0,500.0,spatial,Kaduna_Grain_Belt,1.0,boosted,0.021332694151486097,0.4,0.4564324403228333,1043,0.11025886864813039,db654a6,False,42,6c832dc27417
E04-band-sweep,E04-level_z-lat20-elev500.result.json,level_z,geo_month,20.0,500.0,spatial,Kano_Sudan_Savannah,0.8588322246858833,zero,0.0,0.09742351046698873,0.0,1242,0.09742351046698873,db654a6,False,42,6c832dc27417
E04-band-sweep,E04-level_z-lat20-elev500.result.json,level_z,geo_month,20.0,500.0,spatial,Kano_Sudan_Savannah,0.8588322246858833,persistence,-0.08494363929146538,0.6,0.3660254161247877,1242,0.09742351046698873,db654a6,False,42,6c832dc27417
E04-band-sweep,E04-level_z-lat20-elev500.result.json,level_z,geo_month,20.0,500.0,spatial,Kano_Sudan_Savannah,0.8588322246858833,climatology,0.0,0.09742351046698873,0.0,1242,0.09742351046698873,db654a6,False,42,6c832dc27417
E04-band-sweep,E04-level_z-lat20-elev500.result.json,level_z,geo_month,20.0,500.0,spatial,Kano_Sudan_Savannah,0.8588322246858833,linear,-0.07930756843800321,0.48,0.2800929131291447,1242,0.09742351046698873,db654a6,False,42,6c832dc27417
E04-band-sweep,E04-level_z-lat20-elev500.result.json,level_z,geo_month,20.0,500.0,spatial,Kano_Sudan_Savannah,0.8588322246858833,boosted,0.004830917874396136,0.56,0.33854207019725135,1242,0.09742351046698873,db654a6,False,42,6c832dc27417
E04-band-sweep,E04-level_z-lat20-elev500.result.json,level_z,geo_month,20.0,500.0,spatial,Kenya_Rift_Valley,0.25188743994509266,zero,0.0,0.17929292929292928,0.0,396,0.17929292929292928,db654a6,False,42,6c832dc27417
E04-band-sweep,E04-level_z-lat20-elev500.result.json,level_z,geo_month,20.0,500.0,spatial,Kenya_Rift_Valley,0.25188743994509266,persistence,0.029040404040404047,0.32,0.21926621897777301,396,0.17929292929292928,db654a6,False,42,6c832dc27417
E04-band-sweep,E04-level_z-lat20-elev500.result.json,level_z,geo_month,20.0,500.0,spatial,Kenya_Rift_Valley,0.25188743994509266,climatology,0.0,0.17929292929292928,0.0,396,0.17929292929292928,db654a6,False,42,6c832dc27417
E04-band-sweep,E04-level_z-lat20-elev500.result.json,level_z,geo_month,20.0,500.0,spatial,Kenya_Rift_Valley,0.25188743994509266,linear,0.023989898989898985,0.32,0.2143905853139559,396,0.17929292929292928,db654a6,False,42,6c832dc27417
E04-band-sweep,E04-level_z-lat20-elev500.result.json,level_z,geo_month,20.0,500.0,spatial,Kenya_Rift_Valley,0.25188743994509266,boosted,0.00505050505050505,0.44,0.2674215291859935,396,0.17929292929292928,db654a6,False,42,6c832dc27417
E04-band-sweep,E04-within_xy-lat5-elev1000.result.json,within_xy,geo_month,5.0,1000.0,spatial,Kaduna_Grain_Belt,0.9640035118525022,zero,0.0,0.20497512437810944,0.0,1005,0.20497512437810944,db654a6,False,42,6c832dc27417
E04-band-sweep,E04-within_xy-lat5-elev1000.result.json,within_xy,geo_month,5.0,1000.0,spatial,Kaduna_Grain_Belt,0.9640035118525022,persistence,0.050497512437810935,0.44,0.36227728473660625,1005,0.20497512437810944,db654a6,False,42,6c832dc27417
E04-band-sweep,E04-within_xy-lat5-elev1000.result.json,within_xy,geo_month,5.0,1000.0,spatial,Kaduna_Grain_Belt,0.9640035118525022,climatology,0.0,0.20497512437810944,0.0,1005,0.20497512437810944,db654a6,False,42,6c832dc27417
E04-band-sweep,E04-within_xy-lat5-elev1000.result.json,within_xy,geo_month,5.0,1000.0,spatial,Kaduna_Grain_Belt,0.9640035118525022,linear,0.03855721393034825,0.4,0.3231674234783959,1005,0.20497512437810944,db654a6,False,42,6c832dc27417
E04-band-sweep,E04-within_xy-lat5-elev1000.result.json,within_xy,geo_month,5.0,1000.0,spatial,Kaduna_Grain_Belt,0.9640035118525022,boosted,0.03557213930348259,0.48,0.27977151067549627,1005,0.20497512437810944,db654a6,False,42,6c832dc27417
E04-band-sweep,E04-within_xy-lat5-elev1000.result.json,within_xy,geo_month,5.0,1000.0,spatial,Kano_Sudan_Savannah,1.0,zero,0.0,0.04295942720763723,0.0,1257,0.04295942720763723,db654a6,False,42,6c832dc27417
E04-band-sweep,E04-within_xy-lat5-elev1000.result.json,within_xy,geo_month,5.0,1000.0,spatial,Kano_Sudan_Savannah,1.0,persistence,-0.10401750198886238,0.28,0.31834636025800206,1257,0.04295942720763723,db654a6,False,42,6c832dc27417
E04-band-sweep,E04-within_xy-lat5-elev1000.result.json,within_xy,geo_month,5.0,1000.0,spatial,Kano_Sudan_Savannah,1.0,climatology,0.0,0.04295942720763723,0.0,1257,0.04295942720763723,db654a6,False,42,6c832dc27417
E04-band-sweep,E04-within_xy-lat5-elev1000.result.json,within_xy,geo_month,5.0,1000.0,spatial,Kano_Sudan_Savannah,1.0,linear,-0.00815433571996818,0.32,0.2906945553776355,1257,0.04295942720763723,db654a6,False,42,6c832dc27417
E04-band-sweep,E04-within_xy-lat5-elev1000.result.json,within_xy,geo_month,5.0,1000.0,spatial,Kano_Sudan_Savannah,1.0,boosted,-0.00914876690533015,0.04,0.3085204239105077,1257,0.04295942720763723,db654a6,False,42,6c832dc27417
E04-band-sweep,E04-within_xy-lat90-elev500.result.json,within_xy,geo_month,90.0,500.0,spatial,Benue_River_Basin,1.0,zero,0.0,0.6431095406360424,0.0,566,0.6431095406360424,db654a6,False,42,6c832dc27417
E04-band-sweep,E04-within_xy-lat90-elev500.result.json,within_xy,geo_month,90.0,500.0,spatial,Benue_River_Basin,1.0,persistence,0.31757950530035334,0.72,0.2437261820794764,566,0.6431095406360424,db654a6,False,42,6c832dc27417
E04-band-sweep,E04-within_xy-lat90-elev500.result.json,within_xy,geo_month,90.0,500.0,spatial,Benue_River_Basin,1.0,climatology,0.0,0.6431095406360424,0.0,566,0.6431095406360424,db654a6,False,42,6c832dc27417
E04-band-sweep,E04-within_xy-lat90-elev500.result.json,within_xy,geo_month,90.0,500.0,spatial,Benue_River_Basin,1.0,linear,0.19832155477031801,0.72,0.22146130620441887,566,0.6431095406360424,db654a6,False,42,6c832dc27417
E04-band-sweep,E04-within_xy-lat90-elev500.result.json,within_xy,geo_month,90.0,500.0,spatial,Benue_River_Basin,1.0,boosted,0.11307420494699646,0.88,0.2060674738432017,566,0.6431095406360424,db654a6,False,42,6c832dc27417
E04-band-sweep,E04-within_xy-lat90-elev500.result.json,within_xy,geo_month,90.0,500.0,spatial,Kaduna_Grain_Belt,1.0,zero,0.0,0.22914669223394055,0.0,1043,0.22914669223394055,db654a6,False,42,6c832dc27417
E04-band-sweep,E04-within_xy-lat90-elev500.result.json,within_xy,geo_month,90.0,500.0,spatial,Kaduna_Grain_Belt,1.0,persistence,0.07430488974113136,0.52,0.30814279345311785,1043,0.22914669223394055,db654a6,False,42,6c832dc27417
E04-band-sweep,E04-within_xy-lat90-elev500.result.json,within_xy,geo_month,90.0,500.0,spatial,Kaduna_Grain_Belt,1.0,climatology,0.0,0.22914669223394055,0.0,1043,0.22914669223394055,db654a6,False,42,6c832dc27417
E04-band-sweep,E04-within_xy-lat90-elev500.result.json,within_xy,geo_month,90.0,500.0,spatial,Kaduna_Grain_Belt,1.0,linear,0.03859060402684564,0.44,0.25612718665372736,1043,0.22914669223394055,db654a6,False,42,6c832dc27417
E04-band-sweep,E04-within_xy-lat90-elev500.result.json,within_xy,geo_month,90.0,500.0,spatial,Kaduna_Grain_Belt,1.0,boosted,0.031160115052732505,0.48,0.23185846638111407,1043,0.22914669223394055,db654a6,False,42,6c832dc27417
E04-band-sweep,E04-within_xy-lat90-elev500.result.json,within_xy,geo_month,90.0,500.0,spatial,Kano_Sudan_Savannah,0.8588322246858833,zero,0.0,0.033011272141706925,0.0,1242,0.033011272141706925,db654a6,False,42,6c832dc27417
E04-band-sweep,E04-within_xy-lat90-elev500.result.json,within_xy,geo_month,90.0,500.0,spatial,Kano_Sudan_Savannah,0.8588322246858833,persistence,-0.09219001610305959,0.24,0.21973912787853506,1242,0.033011272141706925,db654a6,False,42,6c832dc27417
E04-band-sweep,E04-within_xy-lat90-elev500.result.json,within_xy,geo_month,90.0,500.0,spatial,Kano_Sudan_Savannah,0.8588322246858833,climatology,0.0,0.033011272141706925,0.0,1242,0.033011272141706925,db654a6,False,42,6c832dc27417
E04-band-sweep,E04-within_xy-lat90-elev500.result.json,within_xy,geo_month,90.0,500.0,spatial,Kano_Sudan_Savannah,0.8588322246858833,linear,-0.00825281803542673,0.2,0.17471936512111574,1242,0.033011272141706925,db654a6,False,42,6c832dc27417
E04-band-sweep,E04-within_xy-lat90-elev500.result.json,within_xy,geo_month,90.0,500.0,spatial,Kano_Sudan_Savannah,0.8588322246858833,boosted,-0.005636070853462157,0.12,0.1943010550346974,1242,0.033011272141706925,db654a6,False,42,6c832dc27417
E04-band-sweep,E04-within_xy-lat90-elev500.result.json,within_xy,geo_month,90.0,500.0,spatial,Kenya_Rift_Valley,0.25188743994509266,zero,0.0,0.1111111111111111,0.0,396,0.1111111111111111,db654a6,False,42,6c832dc27417
E04-band-sweep,E04-within_xy-lat90-elev500.result.json,within_xy,geo_month,90.0,500.0,spatial,Kenya_Rift_Valley,0.25188743994509266,persistence,0.00883838383838384,0.24,0.3558819712973296,396,0.1111111111111111,db654a6,False,42,6c832dc27417
E04-band-sweep,E04-within_xy-lat90-elev500.result.json,within_xy,geo_month,90.0,500.0,spatial,Kenya_Rift_Valley,0.25188743994509266,climatology,0.0,0.1111111111111111,0.0,396,0.1111111111111111,db654a6,False,42,6c832dc27417
E04-band-sweep,E04-within_xy-lat90-elev500.result.json,within_xy,geo_month,90.0,500.0,spatial,Kenya_Rift_Valley,0.25188743994509266,linear,-0.0018939393939393992,0.24,0.26305867075563855,396,0.1111111111111111,db654a6,False,42,6c832dc27417
E04-band-sweep,E04-within_xy-lat90-elev500.result.json,within_xy,geo_month,90.0,500.0,spatial,Kenya_Rift_Valley,0.25188743994509266,boosted,-0.0202020202020202,0.08,0.10720236835723239,396,0.1111111111111111,db654a6,False,42,6c832dc27417
E04-band-sweep,E04-level_z-lat20-elev2000.result.json,level_z,geo_month,20.0,2000.0,spatial,Benue_River_Basin,1.0,zero,0.0,0.13427561837455831,0.0,566,0.13427561837455831,db654a6,False,42,6c832dc27417
E04-band-sweep,E04-level_z-lat20-elev2000.result.json,level_z,geo_month,20.0,2000.0,spatial,Benue_River_Basin,1.0,persistence,-0.003533568904593637,0.08,0.17194075005951742,566,0.13427561837455831,db654a6,False,42,6c832dc27417
E04-band-sweep,E04-level_z-lat20-elev2000.result.json,level_z,geo_month,20.0,2000.0,spatial,Benue_River_Basin,1.0,climatology,0.0,0.13427561837455831,0.0,566,0.13427561837455831,db654a6,False,42,6c832dc27417
E04-band-sweep,E04-level_z-lat20-elev2000.result.json,level_z,geo_month,20.0,2000.0,spatial,Benue_River_Basin,1.0,linear,-0.007508833922261485,0.08,0.18018701858592723,566,0.13427561837455831,db654a6,False,42,6c832dc27417
E04-band-sweep,E04-level_z-lat20-elev2000.result.json,level_z,geo_month,20.0,2000.0,spatial,Benue_River_Basin,1.0,boosted,0.0026501766784452277,0.28,0.2120895059046955,566,0.13427561837455831,db654a6,False,42,6c832dc27417
E04-band-sweep,E04-level_z-lat20-elev2000.result.json,level_z,geo_month,20.0,2000.0,spatial,Kaduna_Grain_Belt,1.0,zero,0.0,0.11025886864813039,0.0,1043,0.11025886864813039,db654a6,False,42,6c832dc27417
E04-band-sweep,E04-level_z-lat20-elev2000.result.json,level_z,geo_month,20.0,2000.0,spatial,Kaduna_Grain_Belt,1.0,persistence,-0.06279961649089165,0.32,0.5485302427879111,1043,0.11025886864813039,db654a6,False,42,6c832dc27417
E04-band-sweep,E04-level_z-lat20-elev2000.result.json,level_z,geo_month,20.0,2000.0,spatial,Kaduna_Grain_Belt,1.0,climatology,0.0,0.11025886864813039,0.0,1043,0.11025886864813039,db654a6,False,42,6c832dc27417
E04-band-sweep,E04-level_z-lat20-elev2000.result.json,level_z,geo_month,20.0,2000.0,spatial,Kaduna_Grain_Belt,1.0,linear,-0.014860977948226273,0.4,0.33043649884645143,1043,0.11025886864813039,db654a6,False,42,6c832dc27417
E04-band-sweep,E04-level_z-lat20-elev2000.result.json,level_z,geo_month,20.0,2000.0,spatial,Kaduna_Grain_Belt,1.0,boosted,0.025647171620325985,0.4,0.45617581465679985,1043,0.11025886864813039,db654a6,False,42,6c832dc27417
E04-band-sweep,E04-level_z-lat20-elev2000.result.json,level_z,geo_month,20.0,2000.0,spatial,Kano_Sudan_Savannah,1.0,zero,0.0,0.10103420843277645,0.0,1257,0.10103420843277645,db654a6,False,42,6c832dc27417
E04-band-sweep,E04-level_z-lat20-elev2000.result.json,level_z,geo_month,20.0,2000.0,spatial,Kano_Sudan_Savannah,1.0,persistence,-0.10123309466984884,0.52,0.44900093030172833,1257,0.10103420843277645,db654a6,False,42,6c832dc27417
E04-band-sweep,E04-level_z-lat20-elev2000.result.json,level_z,geo_month,20.0,2000.0,spatial,Kano_Sudan_Savannah,1.0,climatology,0.0,0.10103420843277645,0.0,1257,0.10103420843277645,db654a6,False,42,6c832dc27417
E04-band-sweep,E04-level_z-lat20-elev2000.result.json,level_z,geo_month,20.0,2000.0,spatial,Kano_Sudan_Savannah,1.0,linear,-0.06046141607000795,0.52,0.3077210168536054,1257,0.10103420843277645,db654a6,False,42,6c832dc27417
E04-band-sweep,E04-level_z-lat20-elev2000.result.json,level_z,geo_month,20.0,2000.0,spatial,Kano_Sudan_Savannah,1.0,boosted,0.006563245823389022,0.56,0.3602024649631564,1257,0.10103420843277645,db654a6,False,42,6c832dc27417
E04-band-sweep,E04-level_z-lat20-elev2000.result.json,level_z,geo_month,20.0,2000.0,spatial,Kenya_Rift_Valley,0.5483870967741935,zero,0.0,0.15508021390374332,0.0,748,0.15508021390374332,db654a6,False,42,6c832dc27417
E04-band-sweep,E04-level_z-lat20-elev2000.result.json,level_z,geo_month,20.0,2000.0,spatial,Kenya_Rift_Valley,0.5483870967741935,persistence,0.027740641711229953,0.24,0.35853948332503444,748,0.15508021390374332,db654a6,False,42,6c832dc27417
E04-band-sweep,E04-level_z-lat20-elev2000.result.json,level_z,geo_month,20.0,2000.0,spatial,Kenya_Rift_Valley,0.5483870967741935,climatology,0.0,0.15508021390374332,0.0,748,0.15508021390374332,db654a6,False,42,6c832dc27417
E04-band-sweep,E04-level_z-lat20-elev2000.result.json,level_z,geo_month,20.0,2000.0,spatial,Kenya_Rift_Valley,0.5483870967741935,linear,0.0066844919786096255,0.28,0.39243071752271375,748,0.15508021390374332,db654a6,False,42,6c832dc27417
E04-band-sweep,E04-level_z-lat20-elev2000.result.json,level_z,geo_month,20.0,2000.0,spatial,Kenya_Rift_Valley,0.5483870967741935,boosted,0.0066844919786096255,0.36,0.2104640329127897,748,0.15508021390374332,db654a6,False,42,6c832dc27417
E02,E02-level_z-cluster_month.result.json,level_z,cluster_month,20.0,1000.0,temporal,train < 2023-09-05,0.9120847651775487,zero,0.0,0.12285223367697594,0.0,3492,0.12285223367697594,22b90ed,True,42,6c832dc27417
E02,E02-level_z-cluster_month.result.json,level_z,cluster_month,20.0,1000.0,temporal,train < 2023-09-05,0.9120847651775487,persistence,-0.0027205040091637933,0.2,0.4248789736190962,3492,0.12285223367697594,22b90ed,True,42,6c832dc27417
E02,E02-level_z-cluster_month.result.json,level_z,cluster_month,20.0,1000.0,temporal,train < 2023-09-05,0.9120847651775487,climatology,0.004367124856815577,0.12285223367697594,0.4695387308459176,3492,0.12285223367697594,22b90ed,True,42,6c832dc27417
E02,E02-level_z-cluster_month.result.json,level_z,cluster_month,20.0,1000.0,temporal,train < 2023-09-05,0.9120847651775487,linear,-0.0006443298969072142,0.2,0.383471265804413,3492,0.12285223367697594,22b90ed,True,42,6c832dc27417
E02,E02-level_z-cluster_month.result.json,level_z,cluster_month,20.0,1000.0,temporal,train < 2023-09-05,0.9120847651775487,boosted,0.015249140893470792,0.76,0.3893253824238186,3492,0.12285223367697594,22b90ed,True,42,6c832dc27417
E02,E02-level_z-cluster_month.result.json,level_z,cluster_month,20.0,1000.0,temporal,train < 2024-08-30,0.9623837700760778,zero,0.0,0.12130177514792899,0.0,2366,0.12130177514792899,22b90ed,True,42,6c832dc27417
E02,E02-level_z-cluster_month.result.json,level_z,cluster_month,20.0,1000.0,temporal,train < 2024-08-30,0.9623837700760778,persistence,-0.01658918005071852,0.2,0.43252994579514037,2366,0.12130177514792899,22b90ed,True,42,6c832dc27417
E02,E02-level_z-cluster_month.result.json,level_z,cluster_month,20.0,1000.0,temporal,train < 2024-08-30,0.9623837700760778,climatology,0.00982671174978867,0.12130177514792899,0.5013647637139749,2366,0.12130177514792899,22b90ed,True,42,6c832dc27417
E02,E02-level_z-cluster_month.result.json,level_z,cluster_month,20.0,1000.0,temporal,train < 2024-08-30,0.9623837700760778,linear,-0.017117497886728644,0.32,0.4205221019462124,2366,0.12130177514792899,22b90ed,True,42,6c832dc27417
E02,E02-level_z-cluster_month.result.json,level_z,cluster_month,20.0,1000.0,temporal,train < 2024-08-30,0.9623837700760778,boosted,0.020181741335587488,0.72,0.40167200087645166,2366,0.12130177514792899,22b90ed,True,42,6c832dc27417
E02,E02-level_z-cluster_month.result.json,level_z,cluster_month,20.0,1000.0,temporal,train < 2025-08-25,0.9921328671328671,zero,0.0,0.12325174825174826,0.0,1144,0.12325174825174826,22b90ed,True,42,6c832dc27417
E02,E02-level_z-cluster_month.result.json,level_z,cluster_month,20.0,1000.0,temporal,train < 2025-08-25,0.9921328671328671,persistence,-0.020541958041958033,0.28,0.4214932165091403,1144,0.12325174825174826,22b90ed,True,42,6c832dc27417
E02,E02-level_z-cluster_month.result.json,level_z,cluster_month,20.0,1000.0,temporal,train < 2025-08-25,0.9921328671328671,climatology,0.011582167832167832,0.12325174825174826,0.5519196598724128,1144,0.12325174825174826,22b90ed,True,42,6c832dc27417
E02,E02-level_z-cluster_month.result.json,level_z,cluster_month,20.0,1000.0,temporal,train < 2025-08-25,0.9921328671328671,linear,-0.020760489510489505,0.36,0.43140436181189656,1144,0.12325174825174826,22b90ed,True,42,6c832dc27417
E02,E02-level_z-cluster_month.result.json,level_z,cluster_month,20.0,1000.0,temporal,train < 2025-08-25,0.9921328671328671,boosted,0.01835664335664336,0.8,0.4461096386198004,1144,0.12325174825174826,22b90ed,True,42,6c832dc27417
E02,E02-within_y-leaky.result.json,within_y,leaky,20.0,1000.0,spatial,Benue_River_Basin,1.0,zero,0.0,0.14487632508833923,0.0,566,0.14487632508833923,22b90ed,True,42,6c832dc27417
E02,E02-within_y-leaky.result.json,within_y,leaky,20.0,1000.0,spatial,Benue_River_Basin,1.0,persistence,-0.008392226148409898,0.24,0.19069680483108045,566,0.14487632508833923,22b90ed,True,42,6c832dc27417
E02,E02-within_y-leaky.result.json,within_y,leaky,20.0,1000.0,spatial,Benue_River_Basin,1.0,climatology,0.0,0.14487632508833923,0.0,566,0.14487632508833923,22b90ed,True,42,6c832dc27417
E02,E02-within_y-leaky.result.json,within_y,leaky,20.0,1000.0,spatial,Benue_River_Basin,1.0,linear,-0.003533568904593637,0.16,0.15584145746439754,566,0.14487632508833923,22b90ed,True,42,6c832dc27417
E02,E02-within_y-leaky.result.json,within_y,leaky,20.0,1000.0,spatial,Benue_River_Basin,1.0,boosted,-0.002650176678445231,0.2,0.15122043550074446,566,0.14487632508833923,22b90ed,True,42,6c832dc27417
E02,E02-within_y-leaky.result.json,within_y,leaky,20.0,1000.0,spatial,Kaduna_Grain_Belt,1.0,zero,0.0,0.07478427612655801,0.0,1043,0.07478427612655801,22b90ed,True,42,6c832dc27417
E02,E02-within_y-leaky.result.json,within_y,leaky,20.0,1000.0,spatial,Kaduna_Grain_Belt,1.0,persistence,-0.07094918504314478,0.2,0.3962104943556951,1043,0.07478427612655801,22b90ed,True,42,6c832dc27417
E02,E02-within_y-leaky.result.json,within_y,leaky,20.0,1000.0,spatial,Kaduna_Grain_Belt,1.0,climatology,0.0,0.07478427612655801,0.0,1043,0.07478427612655801,22b90ed,True,42,6c832dc27417
E02,E02-within_y-leaky.result.json,within_y,leaky,20.0,1000.0,spatial,Kaduna_Grain_Belt,1.0,linear,-0.024928092042186,0.2,0.30906820896097914,1043,0.07478427612655801,22b90ed,True,42,6c832dc27417
E02,E02-within_y-leaky.result.json,within_y,leaky,20.0,1000.0,spatial,Kaduna_Grain_Belt,1.0,boosted,-0.0057526366251198485,0.36,0.2885833593454412,1043,0.07478427612655801,22b90ed,True,42,6c832dc27417
E02,E02-within_y-leaky.result.json,within_y,leaky,20.0,1000.0,spatial,Kano_Sudan_Savannah,1.0,zero,0.0,0.08273667462211615,0.0,1257,0.08273667462211615,22b90ed,True,42,6c832dc27417
E02,E02-within_y-leaky.result.json,within_y,leaky,20.0,1000.0,spatial,Kano_Sudan_Savannah,1.0,persistence,-0.0733890214797136,0.4,0.4161896160152907,1257,0.08273667462211615,22b90ed,True,42,6c832dc27417
E02,E02-within_y-leaky.result.json,within_y,leaky,20.0,1000.0,spatial,Kano_Sudan_Savannah,1.0,climatology,0.0,0.08273667462211615,0.0,1257,0.08273667462211615,22b90ed,True,42,6c832dc27417
E02,E02-within_y-leaky.result.json,within_y,leaky,20.0,1000.0,spatial,Kano_Sudan_Savannah,1.0,linear,0.0003977724741447905,0.32,0.33577503835598416,1257,0.08273667462211615,22b90ed,True,42,6c832dc27417
E02,E02-within_y-leaky.result.json,within_y,leaky,20.0,1000.0,spatial,Kano_Sudan_Savannah,1.0,boosted,0.00039777247414478963,0.16,0.18086182065052883,1257,0.08273667462211615,22b90ed,True,42,6c832dc27417
E02,E02-within_y-leaky.result.json,within_y,leaky,20.0,1000.0,spatial,Kenya_Rift_Valley,1.0,zero,0.0,0.1348973607038123,0.0,1364,0.1348973607038123,22b90ed,True,42,6c832dc27417
E02,E02-within_y-leaky.result.json,within_y,leaky,20.0,1000.0,spatial,Kenya_Rift_Valley,1.0,persistence,-0.02401026392961876,0.08,0.16143675036061375,1364,0.1348973607038123,22b90ed,True,42,6c832dc27417
E02,E02-within_y-leaky.result.json,within_y,leaky,20.0,1000.0,spatial,Kenya_Rift_Valley,1.0,climatology,0.0,0.1348973607038123,0.0,1364,0.1348973607038123,22b90ed,True,42,6c832dc27417
E02,E02-within_y-leaky.result.json,within_y,leaky,20.0,1000.0,spatial,Kenya_Rift_Valley,1.0,linear,-0.010080645161290324,0.08,0.14564007454926442,1364,0.1348973607038123,22b90ed,True,42,6c832dc27417
E02,E02-within_y-leaky.result.json,within_y,leaky,20.0,1000.0,spatial,Kenya_Rift_Valley,1.0,boosted,-0.008064516129032258,0.12,-0.03454298287327894,1364,0.1348973607038123,22b90ed,True,42,6c832dc27417
E02,E02-within_y-leaky.result.json,within_y,leaky,20.0,1000.0,temporal,train < 2023-09-05,1.0,zero,0.0,0.10080183276059565,0.0,3492,0.10080183276059565,22b90ed,True,42,6c832dc27417
E02,E02-within_y-leaky.result.json,within_y,leaky,20.0,1000.0,temporal,train < 2023-09-05,1.0,persistence,-0.03171534936998854,0.16,0.2479190821973361,3492,0.10080183276059565,22b90ed,True,42,6c832dc27417
E02,E02-within_y-leaky.result.json,within_y,leaky,20.0,1000.0,temporal,train < 2023-09-05,1.0,climatology,-0.03658361970217641,0.10080183276059565,0.16647789517595432,3492,0.10080183276059565,22b90ed,True,42,6c832dc27417
E02,E02-within_y-leaky.result.json,within_y,leaky,20.0,1000.0,temporal,train < 2023-09-05,1.0,linear,-0.01847079037800687,0.12,0.2060043008372527,3492,0.10080183276059565,22b90ed,True,42,6c832dc27417
E02,E02-within_y-leaky.result.json,within_y,leaky,20.0,1000.0,temporal,train < 2023-09-05,1.0,boosted,-0.0005727376861397494,0.24,0.17540767338427493,3492,0.10080183276059565,22b90ed,True,42,6c832dc27417
E02,E02-within_y-leaky.result.json,within_y,leaky,20.0,1000.0,temporal,train < 2024-08-30,1.0,zero,0.0,0.0989010989010989,0.0,2366,0.0989010989010989,22b90ed,True,42,6c832dc27417
E02,E02-within_y-leaky.result.json,within_y,leaky,20.0,1000.0,temporal,train < 2024-08-30,1.0,persistence,-0.048922231614539305,0.16,0.23256865070940994,2366,0.0989010989010989,22b90ed,True,42,6c832dc27417
E02,E02-within_y-leaky.result.json,within_y,leaky,20.0,1000.0,temporal,train < 2024-08-30,1.0,climatology,-0.03391800507185122,0.0989010989010989,0.1330999789996328,2366,0.0989010989010989,22b90ed,True,42,6c832dc27417
E02,E02-within_y-leaky.result.json,within_y,leaky,20.0,1000.0,temporal,train < 2024-08-30,1.0,linear,-0.01785714285714286,0.16,0.2007856784719324,2366,0.0989010989010989,22b90ed,True,42,6c832dc27417
E02,E02-within_y-leaky.result.json,within_y,leaky,20.0,1000.0,temporal,train < 2024-08-30,1.0,boosted,0.0,0.36,0.16970601946353048,2366,0.0989010989010989,22b90ed,True,42,6c832dc27417
E02,E02-within_y-leaky.result.json,within_y,leaky,20.0,1000.0,temporal,train < 2025-08-25,1.0,zero,0.0,0.09353146853146853,0.0,1144,0.09353146853146853,22b90ed,True,42,6c832dc27417
E02,E02-within_y-leaky.result.json,within_y,leaky,20.0,1000.0,temporal,train < 2025-08-25,1.0,persistence,-0.06534090909090909,0.16,0.20729183022275208,1144,0.09353146853146853,22b90ed,True,42,6c832dc27417
E02,E02-within_y-leaky.result.json,within_y,leaky,20.0,1000.0,temporal,train < 2025-08-25,1.0,climatology,-0.028627622377622376,0.09353146853146853,0.14945698748624106,1144,0.09353146853146853,22b90ed,True,42,6c832dc27417
E02,E02-within_y-leaky.result.json,within_y,leaky,20.0,1000.0,temporal,train < 2025-08-25,1.0,linear,-0.021853146853146856,0.2,0.22312161471464154,1144,0.09353146853146853,22b90ed,True,42,6c832dc27417
E02,E02-within_y-leaky.result.json,within_y,leaky,20.0,1000.0,temporal,train < 2025-08-25,1.0,boosted,-0.002622377622377624,0.24,0.19181853688266368,1144,0.09353146853146853,22b90ed,True,42,6c832dc27417
E02,E02-delta_z-geo_month.result.json,delta_z,geo_month,20.0,1000.0,spatial,Benue_River_Basin,1.0,zero,0.0,0.5316846986089645,0.0,647,0.5316846986089645,22b90ed,True,42,6c832dc27417
E02,E02-delta_z-geo_month.result.json,delta_z,geo_month,20.0,1000.0,spatial,Benue_River_Basin,1.0,persistence,0.0,0.5316846986089645,0.0,647,0.5316846986089645,22b90ed,True,42,6c832dc27417
E02,E02-delta_z-geo_month.result.json,delta_z,geo_month,20.0,1000.0,spatial,Benue_River_Basin,1.0,climatology,0.0,0.5316846986089645,0.0,647,0.5316846986089645,22b90ed,True,42,6c832dc27417
E02,E02-delta_z-geo_month.result.json,delta_z,geo_month,20.0,1000.0,spatial,Benue_River_Basin,1.0,linear,0.44938176197836166,1.0,0.7325084222613185,647,0.5316846986089645,22b90ed,True,42,6c832dc27417
E02,E02-delta_z-geo_month.result.json,delta_z,geo_month,20.0,1000.0,spatial,Benue_River_Basin,1.0,boosted,0.2090417310664606,1.0,0.5218836569760816,647,0.5316846986089645,22b90ed,True,42,6c832dc27417
E02,E02-delta_z-geo_month.result.json,delta_z,geo_month,20.0,1000.0,spatial,Kaduna_Grain_Belt,1.0,zero,-0.1237928007023705,0.1009657594381036,0.0,1139,0.1009657594381036,22b90ed,True,42,6c832dc27417
E02,E02-delta_z-geo_month.result.json,delta_z,geo_month,20.0,1000.0,spatial,Kaduna_Grain_Belt,1.0,persistence,-0.1237928007023705,0.1009657594381036,0.0,1139,0.1009657594381036,22b90ed,True,42,6c832dc27417
E02,E02-delta_z-geo_month.result.json,delta_z,geo_month,20.0,1000.0,spatial,Kaduna_Grain_Belt,1.0,climatology,-0.1237928007023705,0.1009657594381036,0.0,1139,0.1009657594381036,22b90ed,True,42,6c832dc27417
E02,E02-delta_z-geo_month.result.json,delta_z,geo_month,20.0,1000.0,spatial,Kaduna_Grain_Belt,1.0,linear,-0.017778753292361726,0.32,0.1779433427518179,1139,0.1009657594381036,22b90ed,True,42,6c832dc27417
E02,E02-delta_z-geo_month.result.json,delta_z,geo_month,20.0,1000.0,spatial,Kaduna_Grain_Belt,1.0,boosted,0.01251097453906936,0.4,0.24369952432768333,1139,0.1009657594381036,22b90ed,True,42,6c832dc27417
E02,E02-delta_z-geo_month.result.json,delta_z,geo_month,20.0,1000.0,spatial,Kano_Sudan_Savannah,1.0,zero,-0.1853288987435329,0.051736881005173686,0.0,1353,0.051736881005173686,22b90ed,True,42,6c832dc27417
E02,E02-delta_z-geo_month.result.json,delta_z,geo_month,20.0,1000.0,spatial,Kano_Sudan_Savannah,1.0,persistence,-0.1853288987435329,0.051736881005173686,0.0,1353,0.051736881005173686,22b90ed,True,42,6c832dc27417
E02,E02-delta_z-geo_month.result.json,delta_z,geo_month,20.0,1000.0,spatial,Kano_Sudan_Savannah,1.0,climatology,-0.1853288987435329,0.051736881005173686,0.0,1353,0.051736881005173686,22b90ed,True,42,6c832dc27417
E02,E02-delta_z-geo_month.result.json,delta_z,geo_month,20.0,1000.0,spatial,Kano_Sudan_Savannah,1.0,linear,-0.018662232076866226,0.28,0.23844509280892615,1353,0.051736881005173686,22b90ed,True,42,6c832dc27417
E02,E02-delta_z-geo_month.result.json,delta_z,geo_month,20.0,1000.0,spatial,Kano_Sudan_Savannah,1.0,boosted,0.0016629711751662973,0.36,0.2680759737600562,1353,0.051736881005173686,22b90ed,True,42,6c832dc27417
E02,E02-delta_z-geo_month.result.json,delta_z,geo_month,20.0,1000.0,spatial,Kenya_Rift_Valley,0.47151681537405626,zero,0.2703784570596798,0.4163027656477438,0.0,687,0.4163027656477438,22b90ed,True,42,6c832dc27417
E02,E02-delta_z-geo_month.result.json,delta_z,geo_month,20.0,1000.0,spatial,Kenya_Rift_Valley,0.47151681537405626,persistence,0.2703784570596798,0.4163027656477438,0.0,687,0.4163027656477438,22b90ed,True,42,6c832dc27417
E02,E02-delta_z-geo_month.result.json,delta_z,geo_month,20.0,1000.0,spatial,Kenya_Rift_Valley,0.47151681537405626,climatology,0.0,0.4163027656477438,0.0,687,0.4163027656477438,22b90ed,True,42,6c832dc27417
E02,E02-delta_z-geo_month.result.json,delta_z,geo_month,20.0,1000.0,spatial,Kenya_Rift_Valley,0.47151681537405626,linear,0.19905385735080058,1.0,0.7744781971747918,687,0.4163027656477438,22b90ed,True,42,6c832dc27417
E02,E02-delta_z-geo_month.result.json,delta_z,geo_month,20.0,1000.0,spatial,Kenya_Rift_Valley,0.47151681537405626,boosted,0.2438136826783115,1.0,0.8969710328966126,687,0.4163027656477438,22b90ed,True,42,6c832dc27417
E02,E02-delta_z-geo_month.result.json,delta_z,geo_month,20.0,1000.0,temporal,train < 2023-09-05,0.9619129438717068,zero,0.0,0.19321226555522478,0.0,3359,0.19321226555522478,22b90ed,True,42,6c832dc27417
E02,E02-delta_z-geo_month.result.json,delta_z,geo_month,20.0,1000.0,temporal,train < 2023-09-05,0.9619129438717068,persistence,0.0,0.19321226555522478,0.0,3359,0.19321226555522478,22b90ed,True,42,6c832dc27417
E02,E02-delta_z-geo_month.result.json,delta_z,geo_month,20.0,1000.0,temporal,train < 2023-09-05,0.9619129438717068,climatology,0.0338642453111045,0.19321226555522478,0.22956922618877496,3359,0.19321226555522478,22b90ed,True,42,6c832dc27417
E02,E02-delta_z-geo_month.result.json,delta_z,geo_month,20.0,1000.0,temporal,train < 2023-09-05,0.9619129438717068,linear,0.09221494492408454,0.8,0.6290420000573985,3359,0.19321226555522478,22b90ed,True,42,6c832dc27417
E02,E02-delta_z-geo_month.result.json,delta_z,geo_month,20.0,1000.0,temporal,train < 2023-09-05,0.9619129438717068,boosted,0.08715391485561179,0.92,0.6090789346265864,3359,0.19321226555522478,22b90ed,True,42,6c832dc27417
E02,E02-delta_z-geo_month.result.json,delta_z,geo_month,20.0,1000.0,temporal,train < 2024-08-30,0.9991546914623838,zero,0.0,0.16666666666666666,0.0,2364,0.16666666666666666,22b90ed,True,42,6c832dc27417
E02,E02-delta_z-geo_month.result.json,delta_z,geo_month,20.0,1000.0,temporal,train < 2024-08-30,0.9991546914623838,persistence,0.0,0.16666666666666666,0.0,2364,0.16666666666666666,22b90ed,True,42,6c832dc27417
E02,E02-delta_z-geo_month.result.json,delta_z,geo_month,20.0,1000.0,temporal,train < 2024-08-30,0.9991546914623838,climatology,0.018929780033840944,0.16666666666666666,0.2619343213299318,2364,0.16666666666666666,22b90ed,True,42,6c832dc27417
E02,E02-delta_z-geo_month.result.json,delta_z,geo_month,20.0,1000.0,temporal,train < 2024-08-30,0.9991546914623838,linear,0.06006768189509307,0.88,0.5882820226433019,2364,0.16666666666666666,22b90ed,True,42,6c832dc27417
E02,E02-delta_z-geo_month.result.json,delta_z,geo_month,20.0,1000.0,temporal,train < 2024-08-30,0.9991546914623838,boosted,0.06207698815566836,1.0,0.5881794415169567,2364,0.16666666666666666,22b90ed,True,42,6c832dc27417
E02,E02-delta_z-geo_month.result.json,delta_z,geo_month,20.0,1000.0,temporal,train < 2025-08-25,1.0,zero,-0.058784965034965025,0.15297202797202797,0.0,1144,0.15297202797202797,22b90ed,True,42,6c832dc27417
E02,E02-delta_z-geo_month.result.json,delta_z,geo_month,20.0,1000.0,temporal,train < 2025-08-25,1.0,persistence,-0.058784965034965025,0.15297202797202797,0.0,1144,0.15297202797202797,22b90ed,True,42,6c832dc27417
E02,E02-delta_z-geo_month.result.json,delta_z,geo_month,20.0,1000.0,temporal,train < 2025-08-25,1.0,climatology,0.009615384615384623,0.15297202797202797,0.30352720341884687,1144,0.15297202797202797,22b90ed,True,42,6c832dc27417
E02,E02-delta_z-geo_month.result.json,delta_z,geo_month,20.0,1000.0,temporal,train < 2025-08-25,1.0,linear,0.0478583916083916,0.8,0.5498015285726319,1144,0.15297202797202797,22b90ed,True,42,6c832dc27417
E02,E02-delta_z-geo_month.result.json,delta_z,geo_month,20.0,1000.0,temporal,train < 2025-08-25,1.0,boosted,0.06993006993006992,0.84,0.6311083133419205,1144,0.15297202797202797,22b90ed,True,42,6c832dc27417
E02,E02-delta_z-leaky.result.json,delta_z,leaky,20.0,1000.0,spatial,Benue_River_Basin,1.0,zero,0.0,0.1731066460587326,0.0,647,0.1731066460587326,22b90ed,True,42,6c832dc27417
E02,E02-delta_z-leaky.result.json,delta_z,leaky,20.0,1000.0,spatial,Benue_River_Basin,1.0,persistence,0.0,0.1731066460587326,0.0,647,0.1731066460587326,22b90ed,True,42,6c832dc27417
E02,E02-delta_z-leaky.result.json,delta_z,leaky,20.0,1000.0,spatial,Benue_River_Basin,1.0,climatology,0.0,0.1731066460587326,0.0,647,0.1731066460587326,22b90ed,True,42,6c832dc27417
E02,E02-delta_z-leaky.result.json,delta_z,leaky,20.0,1000.0,spatial,Benue_River_Basin,1.0,linear,0.030525502318392586,0.92,0.46504267533093124,647,0.1731066460587326,22b90ed,True,42,6c832dc27417
E02,E02-delta_z-leaky.result.json,delta_z,leaky,20.0,1000.0,spatial,Benue_River_Basin,1.0,boosted,0.035548686244204014,0.72,0.2930336392445388,647,0.1731066460587326,22b90ed,True,42,6c832dc27417
E02,E02-delta_z-leaky.result.json,delta_z,leaky,20.0,1000.0,spatial,Kaduna_Grain_Belt,1.0,zero,-0.14683933274802458,0.08252853380158033,0.0,1139,0.08252853380158033,22b90ed,True,42,6c832dc27417
E02,E02-delta_z-leaky.result.json,delta_z,leaky,20.0,1000.0,spatial,Kaduna_Grain_Belt,1.0,persistence,-0.14683933274802458,0.08252853380158033,0.0,1139,0.08252853380158033,22b90ed,True,42,6c832dc27417
E02,E02-delta_z-leaky.result.json,delta_z,leaky,20.0,1000.0,spatial,Kaduna_Grain_Belt,1.0,climatology,-0.14683933274802458,0.08252853380158033,0.0,1139,0.08252853380158033,22b90ed,True,42,6c832dc27417
E02,E02-delta_z-leaky.result.json,delta_z,leaky,20.0,1000.0,spatial,Kaduna_Grain_Belt,1.0,linear,-0.022607550482879712,0.32,0.26490005586447446,1139,0.08252853380158033,22b90ed,True,42,6c832dc27417
E02,E02-delta_z-leaky.result.json,delta_z,leaky,20.0,1000.0,spatial,Kaduna_Grain_Belt,1.0,boosted,-0.0008779631255487266,0.24,0.20694895104480532,1139,0.08252853380158033,22b90ed,True,42,6c832dc27417
E02,E02-delta_z-leaky.result.json,delta_z,leaky,20.0,1000.0,spatial,Kano_Sudan_Savannah,1.0,zero,-0.1483739837398374,0.08130081300813008,0.0,1353,0.08130081300813008,22b90ed,True,42,6c832dc27417
E02,E02-delta_z-leaky.result.json,delta_z,leaky,20.0,1000.0,spatial,Kano_Sudan_Savannah,1.0,persistence,-0.1483739837398374,0.08130081300813008,0.0,1353,0.08130081300813008,22b90ed,True,42,6c832dc27417
E02,E02-delta_z-leaky.result.json,delta_z,leaky,20.0,1000.0,spatial,Kano_Sudan_Savannah,1.0,climatology,-0.1483739837398374,0.08130081300813008,0.0,1353,0.08130081300813008,22b90ed,True,42,6c832dc27417
E02,E02-delta_z-leaky.result.json,delta_z,leaky,20.0,1000.0,spatial,Kano_Sudan_Savannah,1.0,linear,-0.028270509977827048,0.52,0.28626482969670136,1353,0.08130081300813008,22b90ed,True,42,6c832dc27417
E02,E02-delta_z-leaky.result.json,delta_z,leaky,20.0,1000.0,spatial,Kano_Sudan_Savannah,1.0,boosted,0.011271249076127126,0.52,0.21734246780873967,1353,0.08130081300813008,22b90ed,True,42,6c832dc27417
E02,E02-delta_z-leaky.result.json,delta_z,leaky,20.0,1000.0,spatial,Kenya_Rift_Valley,1.0,zero,0.0,0.1757035003431709,0.0,1457,0.1757035003431709,22b90ed,True,42,6c832dc27417
E02,E02-delta_z-leaky.result.json,delta_z,leaky,20.0,1000.0,spatial,Kenya_Rift_Valley,1.0,persistence,0.0,0.1757035003431709,0.0,1457,0.1757035003431709,22b90ed,True,42,6c832dc27417
E02,E02-delta_z-leaky.result.json,delta_z,leaky,20.0,1000.0,spatial,Kenya_Rift_Valley,1.0,climatology,0.0,0.1757035003431709,0.0,1457,0.1757035003431709,22b90ed,True,42,6c832dc27417
E02,E02-delta_z-leaky.result.json,delta_z,leaky,20.0,1000.0,spatial,Kenya_Rift_Valley,1.0,linear,0.026424159231297185,0.44,0.4493957512050245,1457,0.1757035003431709,22b90ed,True,42,6c832dc27417
E02,E02-delta_z-leaky.result.json,delta_z,leaky,20.0,1000.0,spatial,Kenya_Rift_Valley,1.0,boosted,0.016129032258064516,0.56,0.4007305157594947,1457,0.1757035003431709,22b90ed,True,42,6c832dc27417
E02,E02-delta_z-leaky.result.json,delta_z,leaky,20.0,1000.0,temporal,train < 2023-09-05,1.0,zero,0.0,0.12972508591065293,0.0,3492,0.12972508591065293,22b90ed,True,42,6c832dc27417
E02,E02-delta_z-leaky.result.json,delta_z,leaky,20.0,1000.0,temporal,train < 2023-09-05,1.0,persistence,0.0,0.12972508591065293,0.0,3492,0.12972508591065293,22b90ed,True,42,6c832dc27417
E02,E02-delta_z-leaky.result.json,delta_z,leaky,20.0,1000.0,temporal,train < 2023-09-05,1.0,climatology,-0.014175257731958768,0.12972508591065293,0.07688741735845715,3492,0.12972508591065293,22b90ed,True,42,6c832dc27417
E02,E02-delta_z-leaky.result.json,delta_z,leaky,20.0,1000.0,temporal,train < 2023-09-05,1.0,linear,0.01353092783505154,0.4,0.3685875636782089,3492,0.12972508591065293,22b90ed,True,42,6c832dc27417
E02,E02-delta_z-leaky.result.json,delta_z,leaky,20.0,1000.0,temporal,train < 2023-09-05,1.0,boosted,0.012815005727376861,0.48,0.3350875583676138,3492,0.12972508591065293,22b90ed,True,42,6c832dc27417
E02,E02-delta_z-leaky.result.json,delta_z,leaky,20.0,1000.0,temporal,train < 2024-08-30,1.0,zero,0.0,0.12595097210481826,0.0,2366,0.12595097210481826,22b90ed,True,42,6c832dc27417
E02,E02-delta_z-leaky.result.json,delta_z,leaky,20.0,1000.0,temporal,train < 2024-08-30,1.0,persistence,0.0,0.12595097210481826,0.0,2366,0.12595097210481826,22b90ed,True,42,6c832dc27417
E02,E02-delta_z-leaky.result.json,delta_z,leaky,20.0,1000.0,temporal,train < 2024-08-30,1.0,climatology,-0.03180473372781065,0.12,0.0556066798463105,2366,0.12595097210481826,22b90ed,True,42,6c832dc27417
E02,E02-delta_z-leaky.result.json,delta_z,leaky,20.0,1000.0,temporal,train < 2024-08-30,1.0,linear,-0.0008453085376162184,0.6,0.3986878508940583,2366,0.12595097210481826,22b90ed,True,42,6c832dc27417
E02,E02-delta_z-leaky.result.json,delta_z,leaky,20.0,1000.0,temporal,train < 2024-08-30,1.0,boosted,0.017540152155536767,0.56,0.3674877312796737,2366,0.12595097210481826,22b90ed,True,42,6c832dc27417
E02,E02-delta_z-leaky.result.json,delta_z,leaky,20.0,1000.0,temporal,train < 2025-08-25,1.0,zero,0.0,0.12062937062937062,0.0,1144,0.12062937062937062,22b90ed,True,42,6c832dc27417
E02,E02-delta_z-leaky.result.json,delta_z,leaky,20.0,1000.0,temporal,train < 2025-08-25,1.0,persistence,0.0,0.12062937062937062,0.0,1144,0.12062937062937062,22b90ed,True,42,6c832dc27417
E02,E02-delta_z-leaky.result.json,delta_z,leaky,20.0,1000.0,temporal,train < 2025-08-25,1.0,climatology,-0.040646853146853144,0.12062937062937062,0.06746119364227292,1144,0.12062937062937062,22b90ed,True,42,6c832dc27417
E02,E02-delta_z-leaky.result.json,delta_z,leaky,20.0,1000.0,temporal,train < 2025-08-25,1.0,linear,-0.005463286713286719,0.52,0.4474779401162511,1144,0.12062937062937062,22b90ed,True,42,6c832dc27417
E02,E02-delta_z-leaky.result.json,delta_z,leaky,20.0,1000.0,temporal,train < 2025-08-25,1.0,boosted,0.021197552447552448,0.6,0.4526395517627508,1144,0.12062937062937062,22b90ed,True,42,6c832dc27417
E02,E02-within_xy-leaky.result.json,within_xy,leaky,20.0,1000.0,spatial,Benue_River_Basin,1.0,zero,0.0,0.14487632508833923,0.0,566,0.14487632508833923,22b90ed,True,42,6c832dc27417
E02,E02-within_xy-leaky.result.json,within_xy,leaky,20.0,1000.0,spatial,Benue_River_Basin,1.0,persistence,-0.008392226148409898,0.24,0.19069680483108045,566,0.14487632508833923,22b90ed,True,42,6c832dc27417
E02,E02-within_xy-leaky.result.json,within_xy,leaky,20.0,1000.0,spatial,Benue_River_Basin,1.0,climatology,0.0,0.14487632508833923,0.0,566,0.14487632508833923,22b90ed,True,42,6c832dc27417
E02,E02-within_xy-leaky.result.json,within_xy,leaky,20.0,1000.0,spatial,Benue_River_Basin,1.0,linear,0.004416961130742046,0.24,0.16554398877173196,566,0.14487632508833923,22b90ed,True,42,6c832dc27417
E02,E02-within_xy-leaky.result.json,within_xy,leaky,20.0,1000.0,spatial,Benue_River_Basin,1.0,boosted,-0.002208480565371025,0.2,0.1837490575412337,566,0.14487632508833923,22b90ed,True,42,6c832dc27417
E02,E02-within_xy-leaky.result.json,within_xy,leaky,20.0,1000.0,spatial,Kaduna_Grain_Belt,1.0,zero,0.0,0.07478427612655801,0.0,1043,0.07478427612655801,22b90ed,True,42,6c832dc27417
E02,E02-within_xy-leaky.result.json,within_xy,leaky,20.0,1000.0,spatial,Kaduna_Grain_Belt,1.0,persistence,-0.07094918504314478,0.2,0.3962104943556951,1043,0.07478427612655801,22b90ed,True,42,6c832dc27417
E02,E02-within_xy-leaky.result.json,within_xy,leaky,20.0,1000.0,spatial,Kaduna_Grain_Belt,1.0,climatology,0.0,0.07478427612655801,0.0,1043,0.07478427612655801,22b90ed,True,42,6c832dc27417
E02,E02-within_xy-leaky.result.json,within_xy,leaky,20.0,1000.0,spatial,Kaduna_Grain_Belt,1.0,linear,-0.008628954937679768,0.2,0.3659146010493556,1043,0.07478427612655801,22b90ed,True,42,6c832dc27417
E02,E02-within_xy-leaky.result.json,within_xy,leaky,20.0,1000.0,spatial,Kaduna_Grain_Belt,1.0,boosted,-0.0028763183125599216,0.28,0.32810372040090224,1043,0.07478427612655801,22b90ed,True,42,6c832dc27417
E02,E02-within_xy-leaky.result.json,within_xy,leaky,20.0,1000.0,spatial,Kano_Sudan_Savannah,1.0,zero,0.0,0.08273667462211615,0.0,1257,0.08273667462211615,22b90ed,True,42,6c832dc27417
E02,E02-within_xy-leaky.result.json,within_xy,leaky,20.0,1000.0,spatial,Kano_Sudan_Savannah,1.0,persistence,-0.0733890214797136,0.4,0.4161896160152907,1257,0.08273667462211615,22b90ed,True,42,6c832dc27417
E02,E02-within_xy-leaky.result.json,within_xy,leaky,20.0,1000.0,spatial,Kano_Sudan_Savannah,1.0,climatology,0.0,0.08273667462211615,0.0,1257,0.08273667462211615,22b90ed,True,42,6c832dc27417
E02,E02-within_xy-leaky.result.json,within_xy,leaky,20.0,1000.0,spatial,Kano_Sudan_Savannah,1.0,linear,0.01034208432776452,0.32,0.3731349800750442,1257,0.08273667462211615,22b90ed,True,42,6c832dc27417
E02,E02-within_xy-leaky.result.json,within_xy,leaky,20.0,1000.0,spatial,Kano_Sudan_Savannah,1.0,boosted,0.0019888623707239456,0.32,0.3384334210855188,1257,0.08273667462211615,22b90ed,True,42,6c832dc27417
E02,E02-within_xy-leaky.result.json,within_xy,leaky,20.0,1000.0,spatial,Kenya_Rift_Valley,1.0,zero,0.0,0.1348973607038123,0.0,1364,0.1348973607038123,22b90ed,True,42,6c832dc27417
E02,E02-within_xy-leaky.result.json,within_xy,leaky,20.0,1000.0,spatial,Kenya_Rift_Valley,1.0,persistence,-0.02401026392961876,0.08,0.16143675036061375,1364,0.1348973607038123,22b90ed,True,42,6c832dc27417
E02,E02-within_xy-leaky.result.json,within_xy,leaky,20.0,1000.0,spatial,Kenya_Rift_Valley,1.0,climatology,0.0,0.1348973607038123,0.0,1364,0.1348973607038123,22b90ed,True,42,6c832dc27417
E02,E02-within_xy-leaky.result.json,within_xy,leaky,20.0,1000.0,spatial,Kenya_Rift_Valley,1.0,linear,-0.00843108504398827,0.08,0.1140683707460031,1364,0.1348973607038123,22b90ed,True,42,6c832dc27417
E02,E02-within_xy-leaky.result.json,within_xy,leaky,20.0,1000.0,spatial,Kenya_Rift_Valley,1.0,boosted,-0.0018328445747800588,0.12,0.05759901708118402,1364,0.1348973607038123,22b90ed,True,42,6c832dc27417
E02,E02-within_xy-leaky.result.json,within_xy,leaky,20.0,1000.0,temporal,train < 2023-09-05,1.0,zero,0.0,0.10080183276059565,0.0,3492,0.10080183276059565,22b90ed,True,42,6c832dc27417
E02,E02-within_xy-leaky.result.json,within_xy,leaky,20.0,1000.0,temporal,train < 2023-09-05,1.0,persistence,-0.03171534936998854,0.16,0.2479190821973361,3492,0.10080183276059565,22b90ed,True,42,6c832dc27417
E02,E02-within_xy-leaky.result.json,within_xy,leaky,20.0,1000.0,temporal,train < 2023-09-05,1.0,climatology,-0.03658361970217641,0.10080183276059565,0.16647789517595432,3492,0.10080183276059565,22b90ed,True,42,6c832dc27417
E02,E02-within_xy-leaky.result.json,within_xy,leaky,20.0,1000.0,temporal,train < 2023-09-05,1.0,linear,-0.01847079037800687,0.2,0.21960603602654608,3492,0.10080183276059565,22b90ed,True,42,6c832dc27417
E02,E02-within_xy-leaky.result.json,within_xy,leaky,20.0,1000.0,temporal,train < 2023-09-05,1.0,boosted,-0.004080756013745704,0.16,0.12102820529445003,3492,0.10080183276059565,22b90ed,True,42,6c832dc27417
E02,E02-within_xy-leaky.result.json,within_xy,leaky,20.0,1000.0,temporal,train < 2024-08-30,1.0,zero,0.0,0.0989010989010989,0.0,2366,0.0989010989010989,22b90ed,True,42,6c832dc27417
E02,E02-within_xy-leaky.result.json,within_xy,leaky,20.0,1000.0,temporal,train < 2024-08-30,1.0,persistence,-0.048922231614539305,0.16,0.23256865070940994,2366,0.0989010989010989,22b90ed,True,42,6c832dc27417
E02,E02-within_xy-leaky.result.json,within_xy,leaky,20.0,1000.0,temporal,train < 2024-08-30,1.0,climatology,-0.03391800507185122,0.0989010989010989,0.1330999789996328,2366,0.0989010989010989,22b90ed,True,42,6c832dc27417
E02,E02-within_xy-leaky.result.json,within_xy,leaky,20.0,1000.0,temporal,train < 2024-08-30,1.0,linear,-0.02018174133558749,0.2,0.21168137181251312,2366,0.0989010989010989,22b90ed,True,42,6c832dc27417
E02,E02-within_xy-leaky.result.json,within_xy,leaky,20.0,1000.0,temporal,train < 2024-08-30,1.0,boosted,-0.0009509721048182587,0.2,0.16551173601990854,2366,0.0989010989010989,22b90ed,True,42,6c832dc27417
E02,E02-within_xy-leaky.result.json,within_xy,leaky,20.0,1000.0,temporal,train < 2025-08-25,1.0,zero,0.0,0.09353146853146853,0.0,1144,0.09353146853146853,22b90ed,True,42,6c832dc27417
E02,E02-within_xy-leaky.result.json,within_xy,leaky,20.0,1000.0,temporal,train < 2025-08-25,1.0,persistence,-0.06534090909090909,0.16,0.20729183022275208,1144,0.09353146853146853,22b90ed,True,42,6c832dc27417
E02,E02-within_xy-leaky.result.json,within_xy,leaky,20.0,1000.0,temporal,train < 2025-08-25,1.0,climatology,-0.028627622377622376,0.09353146853146853,0.14945698748624106,1144,0.09353146853146853,22b90ed,True,42,6c832dc27417
E02,E02-within_xy-leaky.result.json,within_xy,leaky,20.0,1000.0,temporal,train < 2025-08-25,1.0,linear,-0.01813811188811189,0.16,0.19734025444577996,1144,0.09353146853146853,22b90ed,True,42,6c832dc27417
E02,E02-within_xy-leaky.result.json,within_xy,leaky,20.0,1000.0,temporal,train < 2025-08-25,1.0,boosted,0.0,0.2,0.1437323464624637,1144,0.09353146853146853,22b90ed,True,42,6c832dc27417
E02,E02-delta_z-cluster_month.result.json,delta_z,cluster_month,20.0,1000.0,temporal,train < 2023-09-05,0.9120847651775487,zero,0.0,0.16452119309262167,0.0,3185,0.16452119309262167,22b90ed,True,42,6c832dc27417
E02,E02-delta_z-cluster_month.result.json,delta_z,cluster_month,20.0,1000.0,temporal,train < 2023-09-05,0.9120847651775487,persistence,0.0,0.16452119309262167,0.0,3185,0.16452119309262167,22b90ed,True,42,6c832dc27417
E02,E02-delta_z-cluster_month.result.json,delta_z,cluster_month,20.0,1000.0,temporal,train < 2023-09-05,0.9120847651775487,climatology,-0.0036891679748822584,0.16452119309262167,0.00034790592846536207,3185,0.16452119309262167,22b90ed,True,42,6c832dc27417
E02,E02-delta_z-cluster_month.result.json,delta_z,cluster_month,20.0,1000.0,temporal,train < 2023-09-05,0.9120847651775487,linear,0.06648351648351647,0.72,0.5632988930526863,3185,0.16452119309262167,22b90ed,True,42,6c832dc27417
E02,E02-delta_z-cluster_month.result.json,delta_z,cluster_month,20.0,1000.0,temporal,train < 2023-09-05,0.9120847651775487,boosted,0.036970172684458395,0.72,0.48841070141823306,3185,0.16452119309262167,22b90ed,True,42,6c832dc27417
E02,E02-delta_z-cluster_month.result.json,delta_z,cluster_month,20.0,1000.0,temporal,train < 2024-08-30,0.9623837700760778,zero,0.0,0.1339481774264383,0.0,2277,0.1339481774264383,22b90ed,True,42,6c832dc27417
E02,E02-delta_z-cluster_month.result.json,delta_z,cluster_month,20.0,1000.0,temporal,train < 2024-08-30,0.9623837700760778,persistence,0.0,0.1339481774264383,0.0,2277,0.1339481774264383,22b90ed,True,42,6c832dc27417
E02,E02-delta_z-cluster_month.result.json,delta_z,cluster_month,20.0,1000.0,temporal,train < 2024-08-30,0.9623837700760778,climatology,-0.016469038208168644,0.1339481774264383,0.01707544692938216,2277,0.1339481774264383,22b90ed,True,42,6c832dc27417
E02,E02-delta_z-cluster_month.result.json,delta_z,cluster_month,20.0,1000.0,temporal,train < 2024-08-30,0.9623837700760778,linear,0.0251427316644708,0.8,0.5200831592419246,2277,0.1339481774264383,22b90ed,True,42,6c832dc27417
E02,E02-delta_z-cluster_month.result.json,delta_z,cluster_month,20.0,1000.0,temporal,train < 2024-08-30,0.9623837700760778,boosted,0.025801493192797537,0.68,0.4959388703828981,2277,0.1339481774264383,22b90ed,True,42,6c832dc27417
E02,E02-delta_z-cluster_month.result.json,delta_z,cluster_month,20.0,1000.0,temporal,train < 2025-08-25,0.9921328671328671,zero,0.0,0.12158590308370044,0.0,1135,0.12158590308370044,22b90ed,True,42,6c832dc27417
E02,E02-delta_z-cluster_month.result.json,delta_z,cluster_month,20.0,1000.0,temporal,train < 2025-08-25,0.9921328671328671,persistence,0.0,0.12158590308370044,0.0,1135,0.12158590308370044,22b90ed,True,42,6c832dc27417
E02,E02-delta_z-cluster_month.result.json,delta_z,cluster_month,20.0,1000.0,temporal,train < 2025-08-25,0.9921328671328671,climatology,-0.046255506607929514,0.12158590308370044,0.0611114707913781,1135,0.12158590308370044,22b90ed,True,42,6c832dc27417
E02,E02-delta_z-cluster_month.result.json,delta_z,cluster_month,20.0,1000.0,temporal,train < 2025-08-25,0.9921328671328671,linear,0.003964757709251102,0.6,0.49001500436786166,1135,0.12158590308370044,22b90ed,True,42,6c832dc27417
E02,E02-delta_z-cluster_month.result.json,delta_z,cluster_month,20.0,1000.0,temporal,train < 2025-08-25,0.9921328671328671,boosted,0.031938325991189426,0.8,0.5081183954764648,1135,0.12158590308370044,22b90ed,True,42,6c832dc27417
E02,E02-within_xy-geo_month.result.json,within_xy,geo_month,20.0,1000.0,spatial,Benue_River_Basin,1.0,zero,0.0,0.4876325088339223,0.0,566,0.4876325088339223,22b90ed,True,42,6c832dc27417
E02,E02-within_xy-geo_month.result.json,within_xy,geo_month,20.0,1000.0,spatial,Benue_River_Basin,1.0,persistence,0.2318904593639576,0.52,0.24680009086650945,566,0.4876325088339223,22b90ed,True,42,6c832dc27417
E02,E02-within_xy-geo_month.result.json,within_xy,geo_month,20.0,1000.0,spatial,Benue_River_Basin,1.0,climatology,0.0,0.4876325088339223,0.0,566,0.4876325088339223,22b90ed,True,42,6c832dc27417
E02,E02-within_xy-geo_month.result.json,within_xy,geo_month,20.0,1000.0,spatial,Benue_River_Basin,1.0,linear,0.1267667844522968,0.48,0.2279398302225783,566,0.4876325088339223,22b90ed,True,42,6c832dc27417
E02,E02-within_xy-geo_month.result.json,within_xy,geo_month,20.0,1000.0,spatial,Benue_River_Basin,1.0,boosted,0.07376325088339222,0.68,0.18567863070192725,566,0.4876325088339223,22b90ed,True,42,6c832dc27417
E02,E02-within_xy-geo_month.result.json,within_xy,geo_month,20.0,1000.0,spatial,Kaduna_Grain_Belt,1.0,zero,0.0,0.07861936720997123,0.0,1043,0.07861936720997123,22b90ed,True,42,6c832dc27417
E02,E02-within_xy-geo_month.result.json,within_xy,geo_month,20.0,1000.0,spatial,Kaduna_Grain_Belt,1.0,persistence,-0.07238734419942472,0.2,0.34972040077535227,1043,0.07861936720997123,22b90ed,True,42,6c832dc27417
E02,E02-within_xy-geo_month.result.json,within_xy,geo_month,20.0,1000.0,spatial,Kaduna_Grain_Belt,1.0,climatology,0.0,0.07861936720997123,0.0,1043,0.07861936720997123,22b90ed,True,42,6c832dc27417
E02,E02-within_xy-geo_month.result.json,within_xy,geo_month,20.0,1000.0,spatial,Kaduna_Grain_Belt,1.0,linear,-0.010306807286673058,0.16,0.29766963876284025,1043,0.07861936720997123,22b90ed,True,42,6c832dc27417
E02,E02-within_xy-geo_month.result.json,within_xy,geo_month,20.0,1000.0,spatial,Kaduna_Grain_Belt,1.0,boosted,-0.004554170661553213,0.12,0.20207852130489465,1043,0.07861936720997123,22b90ed,True,42,6c832dc27417
E02,E02-within_xy-geo_month.result.json,within_xy,geo_month,20.0,1000.0,spatial,Kano_Sudan_Savannah,1.0,zero,0.0,0.04852824184566428,0.0,1257,0.04852824184566428,22b90ed,True,42,6c832dc27417
E02,E02-within_xy-geo_month.result.json,within_xy,geo_month,20.0,1000.0,spatial,Kano_Sudan_Savannah,1.0,persistence,-0.11714399363564042,0.24,0.26259294089419166,1257,0.04852824184566428,22b90ed,True,42,6c832dc27417
E02,E02-within_xy-geo_month.result.json,within_xy,geo_month,20.0,1000.0,spatial,Kano_Sudan_Savannah,1.0,climatology,0.0,0.04852824184566428,0.0,1257,0.04852824184566428,22b90ed,True,42,6c832dc27417
E02,E02-within_xy-geo_month.result.json,within_xy,geo_month,20.0,1000.0,spatial,Kano_Sudan_Savannah,1.0,linear,-0.004176610978520286,0.2,0.17276323583245362,1257,0.04852824184566428,22b90ed,True,42,6c832dc27417
E02,E02-within_xy-geo_month.result.json,within_xy,geo_month,20.0,1000.0,spatial,Kano_Sudan_Savannah,1.0,boosted,-0.005568814638027049,0.08,0.25258519683169894,1257,0.04852824184566428,22b90ed,True,42,6c832dc27417
E02,E02-within_xy-geo_month.result.json,within_xy,geo_month,20.0,1000.0,spatial,Kenya_Rift_Valley,0.47151681537405626,zero,0.0,0.2874331550802139,0.0,748,0.2874331550802139,22b90ed,True,42,6c832dc27417
E02,E02-within_xy-geo_month.result.json,within_xy,geo_month,20.0,1000.0,spatial,Kenya_Rift_Valley,0.47151681537405626,persistence,0.08455882352941177,0.32,0.29354711337010714,748,0.2874331550802139,22b90ed,True,42,6c832dc27417
E02,E02-within_xy-geo_month.result.json,within_xy,geo_month,20.0,1000.0,spatial,Kenya_Rift_Valley,0.47151681537405626,climatology,0.0,0.2874331550802139,0.0,748,0.2874331550802139,22b90ed,True,42,6c832dc27417
E02,E02-within_xy-geo_month.result.json,within_xy,geo_month,20.0,1000.0,spatial,Kenya_Rift_Valley,0.47151681537405626,linear,0.04913101604278076,0.36,0.15348033144121287,748,0.2874331550802139,22b90ed,True,42,6c832dc27417
E02,E02-within_xy-geo_month.result.json,within_xy,geo_month,20.0,1000.0,spatial,Kenya_Rift_Valley,0.47151681537405626,boosted,0.023395721925133686,0.16,-0.04359937052996261,748,0.2874331550802139,22b90ed,True,42,6c832dc27417
E02,E02-within_xy-geo_month.result.json,within_xy,geo_month,20.0,1000.0,temporal,train < 2023-09-05,0.9619129438717068,zero,0.0,0.12293896442001735,0.0,3457,0.12293896442001735,22b90ed,True,42,6c832dc27417
E02,E02-within_xy-geo_month.result.json,within_xy,geo_month,20.0,1000.0,temporal,train < 2023-09-05,0.9619129438717068,persistence,-0.023358403239803302,0.16,0.14721561687505144,3457,0.12293896442001735,22b90ed,True,42,6c832dc27417
E02,E02-within_xy-geo_month.result.json,within_xy,geo_month,20.0,1000.0,temporal,train < 2023-09-05,0.9619129438717068,climatology,-0.008244142319930571,0.12293896442001735,0.2234889296560628,3457,0.12293896442001735,22b90ed,True,42,6c832dc27417
E02,E02-within_xy-geo_month.result.json,within_xy,geo_month,20.0,1000.0,temporal,train < 2023-09-05,0.9619129438717068,linear,-0.013450969048307782,0.24,0.13587446341046014,3457,0.12293896442001735,22b90ed,True,42,6c832dc27417
E02,E02-within_xy-geo_month.result.json,within_xy,geo_month,20.0,1000.0,temporal,train < 2023-09-05,0.9619129438717068,boosted,-0.005134509690483076,0.12,0.09612582887845321,3457,0.12293896442001735,22b90ed,True,42,6c832dc27417
E02,E02-within_xy-geo_month.result.json,within_xy,geo_month,20.0,1000.0,temporal,train < 2024-08-30,0.9991546914623838,zero,0.0,0.11115807269653423,0.0,2366,0.11115807269653423,22b90ed,True,42,6c832dc27417
E02,E02-within_xy-geo_month.result.json,within_xy,geo_month,20.0,1000.0,temporal,train < 2024-08-30,0.9991546914623838,persistence,-0.04775993237531699,0.16,0.15336465526712573,2366,0.11115807269653423,22b90ed,True,42,6c832dc27417
E02,E02-within_xy-geo_month.result.json,within_xy,geo_month,20.0,1000.0,temporal,train < 2024-08-30,0.9991546914623838,climatology,-0.002641589180050717,0.11115807269653423,0.2756200273545181,2366,0.11115807269653423,22b90ed,True,42,6c832dc27417
E02,E02-within_xy-geo_month.result.json,within_xy,geo_month,20.0,1000.0,temporal,train < 2024-08-30,0.9991546914623838,linear,-0.012890955198647504,0.2,0.12911448636704898,2366,0.11115807269653423,22b90ed,True,42,6c832dc27417
E02,E02-within_xy-geo_month.result.json,within_xy,geo_month,20.0,1000.0,temporal,train < 2024-08-30,0.9991546914623838,boosted,-0.0011622992392223159,0.2,0.12407671503014217,2366,0.11115807269653423,22b90ed,True,42,6c832dc27417
E02,E02-within_xy-geo_month.result.json,within_xy,geo_month,20.0,1000.0,temporal,train < 2025-08-25,1.0,zero,0.0,0.10227272727272728,0.0,1144,0.10227272727272728,22b90ed,True,42,6c832dc27417
E02,E02-within_xy-geo_month.result.json,within_xy,geo_month,20.0,1000.0,temporal,train < 2025-08-25,1.0,persistence,-0.06927447552447552,0.12,0.12327838009163868,1144,0.10227272727272728,22b90ed,True,42,6c832dc27417
E02,E02-within_xy-geo_month.result.json,within_xy,geo_month,20.0,1000.0,temporal,train < 2025-08-25,1.0,climatology,-0.011800699300699304,0.10227272727272728,0.34953147545701285,1144,0.10227272727272728,22b90ed,True,42,6c832dc27417
E02,E02-within_xy-geo_month.result.json,within_xy,geo_month,20.0,1000.0,temporal,train < 2025-08-25,1.0,linear,-0.017263986013986012,0.12,0.09776553032406966,1144,0.10227272727272728,22b90ed,True,42,6c832dc27417
E02,E02-within_xy-geo_month.result.json,within_xy,geo_month,20.0,1000.0,temporal,train < 2025-08-25,1.0,boosted,0.00305944055944056,0.24,0.17192665441814425,1144,0.10227272727272728,22b90ed,True,42,6c832dc27417
E02,E02-within_xy-cluster_month.result.json,within_xy,cluster_month,20.0,1000.0,temporal,train < 2023-09-05,0.9120847651775487,zero,0.0,0.10481099656357389,0.0,3492,0.10481099656357389,22b90ed,True,42,6c832dc27417
E02,E02-within_xy-cluster_month.result.json,within_xy,cluster_month,20.0,1000.0,temporal,train < 2023-09-05,0.9120847651775487,persistence,-0.03114261168384879,0.04,0.2155814423502744,3492,0.10481099656357389,22b90ed,True,42,6c832dc27417
E02,E02-within_xy-cluster_month.result.json,within_xy,cluster_month,20.0,1000.0,temporal,train < 2023-09-05,0.9120847651775487,climatology,-0.026847079037800686,0.10481099656357389,0.08151958602579759,3492,0.10481099656357389,22b90ed,True,42,6c832dc27417
E02,E02-within_xy-cluster_month.result.json,within_xy,cluster_month,20.0,1000.0,temporal,train < 2023-09-05,0.9120847651775487,linear,-0.016752577319587632,0.12,0.1814903630530857,3492,0.10481099656357389,22b90ed,True,42,6c832dc27417
E02,E02-within_xy-cluster_month.result.json,within_xy,cluster_month,20.0,1000.0,temporal,train < 2023-09-05,0.9120847651775487,boosted,-0.0077319587628865965,0.2,0.11763068874670234,3492,0.10481099656357389,22b90ed,True,42,6c832dc27417
E02,E02-within_xy-cluster_month.result.json,within_xy,cluster_month,20.0,1000.0,temporal,train < 2024-08-30,0.9623837700760778,zero,0.0,0.09340659340659341,0.0,2366,0.09340659340659341,22b90ed,True,42,6c832dc27417
E02,E02-within_xy-cluster_month.result.json,within_xy,cluster_month,20.0,1000.0,temporal,train < 2024-08-30,0.9623837700760778,persistence,-0.053043110735418425,0.16,0.22620600261391177,2366,0.09340659340659341,22b90ed,True,42,6c832dc27417
E02,E02-within_xy-cluster_month.result.json,within_xy,cluster_month,20.0,1000.0,temporal,train < 2024-08-30,0.9623837700760778,climatology,-0.028000845308537615,0.09340659340659341,0.06286526173355719,2366,0.09340659340659341,22b90ed,True,42,6c832dc27417
E02,E02-within_xy-cluster_month.result.json,within_xy,cluster_month,20.0,1000.0,temporal,train < 2024-08-30,0.9623837700760778,linear,-0.018068469991546914,0.2,0.20166576679769027,2366,0.09340659340659341,22b90ed,True,42,6c832dc27417
E02,E02-within_xy-cluster_month.result.json,within_xy,cluster_month,20.0,1000.0,temporal,train < 2024-08-30,0.9623837700760778,boosted,0.00031699070160608623,0.28,0.14560613459380267,2366,0.09340659340659341,22b90ed,True,42,6c832dc27417
E02,E02-within_xy-cluster_month.result.json,within_xy,cluster_month,20.0,1000.0,temporal,train < 2025-08-25,0.9921328671328671,zero,0.0,0.09003496503496504,0.0,1144,0.09003496503496504,22b90ed,True,42,6c832dc27417
E02,E02-within_xy-cluster_month.result.json,within_xy,cluster_month,20.0,1000.0,temporal,train < 2025-08-25,0.9921328671328671,persistence,-0.06971153846153846,0.16,0.2084698433708796,1144,0.09003496503496504,22b90ed,True,42,6c832dc27417
E02,E02-within_xy-cluster_month.result.json,within_xy,cluster_month,20.0,1000.0,temporal,train < 2025-08-25,0.9921328671328671,climatology,-0.02950174825174825,0.04,0.13569783591741946,1144,0.09003496503496504,22b90ed,True,42,6c832dc27417
E02,E02-within_xy-cluster_month.result.json,within_xy,cluster_month,20.0,1000.0,temporal,train < 2025-08-25,0.9921328671328671,linear,-0.01617132867132867,0.16,0.18960515467065683,1144,0.09003496503496504,22b90ed,True,42,6c832dc27417
E02,E02-within_xy-cluster_month.result.json,within_xy,cluster_month,20.0,1000.0,temporal,train < 2025-08-25,0.9921328671328671,boosted,-0.001748251748251749,0.2,0.16960316214175852,1144,0.09003496503496504,22b90ed,True,42,6c832dc27417
E02,E02-within_y-geo_month.result.json,within_y,geo_month,20.0,1000.0,spatial,Benue_River_Basin,1.0,zero,0.0,0.4876325088339223,0.0,566,0.4876325088339223,22b90ed,True,42,6c832dc27417
E02,E02-within_y-geo_month.result.json,within_y,geo_month,20.0,1000.0,spatial,Benue_River_Basin,1.0,persistence,0.2318904593639576,0.52,0.24680009086650945,566,0.4876325088339223,22b90ed,True,42,6c832dc27417
E02,E02-within_y-geo_month.result.json,within_y,geo_month,20.0,1000.0,spatial,Benue_River_Basin,1.0,climatology,0.0,0.4876325088339223,0.0,566,0.4876325088339223,22b90ed,True,42,6c832dc27417
E02,E02-within_y-geo_month.result.json,within_y,geo_month,20.0,1000.0,spatial,Benue_River_Basin,1.0,linear,0.07597173144876325,0.4,0.15407680734926738,566,0.4876325088339223,22b90ed,True,42,6c832dc27417
E02,E02-within_y-geo_month.result.json,within_y,geo_month,20.0,1000.0,spatial,Benue_River_Basin,1.0,boosted,0.03312720848056537,0.6,0.02710002645585372,566,0.4876325088339223,22b90ed,True,42,6c832dc27417
E02,E02-within_y-geo_month.result.json,within_y,geo_month,20.0,1000.0,spatial,Kaduna_Grain_Belt,1.0,zero,0.0,0.07861936720997123,0.0,1043,0.07861936720997123,22b90ed,True,42,6c832dc27417
E02,E02-within_y-geo_month.result.json,within_y,geo_month,20.0,1000.0,spatial,Kaduna_Grain_Belt,1.0,persistence,-0.07238734419942472,0.2,0.34972040077535227,1043,0.07861936720997123,22b90ed,True,42,6c832dc27417
E02,E02-within_y-geo_month.result.json,within_y,geo_month,20.0,1000.0,spatial,Kaduna_Grain_Belt,1.0,climatology,0.0,0.07861936720997123,0.0,1043,0.07861936720997123,22b90ed,True,42,6c832dc27417
E02,E02-within_y-geo_month.result.json,within_y,geo_month,20.0,1000.0,spatial,Kaduna_Grain_Belt,1.0,linear,-0.02900287631831256,0.2,0.15999437855027726,1043,0.07861936720997123,22b90ed,True,42,6c832dc27417
E02,E02-within_y-geo_month.result.json,within_y,geo_month,20.0,1000.0,spatial,Kaduna_Grain_Belt,1.0,boosted,0.001677852348993288,0.32,0.22562909799105302,1043,0.07861936720997123,22b90ed,True,42,6c832dc27417
E02,E02-within_y-geo_month.result.json,within_y,geo_month,20.0,1000.0,spatial,Kano_Sudan_Savannah,1.0,zero,0.0,0.04852824184566428,0.0,1257,0.04852824184566428,22b90ed,True,42,6c832dc27417
E02,E02-within_y-geo_month.result.json,within_y,geo_month,20.0,1000.0,spatial,Kano_Sudan_Savannah,1.0,persistence,-0.11714399363564042,0.24,0.26259294089419166,1257,0.04852824184566428,22b90ed,True,42,6c832dc27417
E02,E02-within_y-geo_month.result.json,within_y,geo_month,20.0,1000.0,spatial,Kano_Sudan_Savannah,1.0,climatology,0.0,0.04852824184566428,0.0,1257,0.04852824184566428,22b90ed,True,42,6c832dc27417
E02,E02-within_y-geo_month.result.json,within_y,geo_month,20.0,1000.0,spatial,Kano_Sudan_Savannah,1.0,linear,-0.042959427207637235,0.08,0.22055044302209897,1257,0.04852824184566428,22b90ed,True,42,6c832dc27417
E02,E02-within_y-geo_month.result.json,within_y,geo_month,20.0,1000.0,spatial,Kano_Sudan_Savannah,1.0,boosted,-0.0007955449482895784,0.08,0.11562870982053125,1257,0.04852824184566428,22b90ed,True,42,6c832dc27417
E02,E02-within_y-geo_month.result.json,within_y,geo_month,20.0,1000.0,spatial,Kenya_Rift_Valley,0.47151681537405626,zero,0.0,0.2874331550802139,0.0,748,0.2874331550802139,22b90ed,True,42,6c832dc27417
E02,E02-within_y-geo_month.result.json,within_y,geo_month,20.0,1000.0,spatial,Kenya_Rift_Valley,0.47151681537405626,persistence,0.08455882352941177,0.32,0.29354711337010714,748,0.2874331550802139,22b90ed,True,42,6c832dc27417
E02,E02-within_y-geo_month.result.json,within_y,geo_month,20.0,1000.0,spatial,Kenya_Rift_Valley,0.47151681537405626,climatology,0.0,0.2874331550802139,0.0,748,0.2874331550802139,22b90ed,True,42,6c832dc27417
E02,E02-within_y-geo_month.result.json,within_y,geo_month,20.0,1000.0,spatial,Kenya_Rift_Valley,0.47151681537405626,linear,-0.001002673796791444,0.24,-0.14656875433020145,748,0.2874331550802139,22b90ed,True,42,6c832dc27417
E02,E02-within_y-geo_month.result.json,within_y,geo_month,20.0,1000.0,spatial,Kenya_Rift_Valley,0.47151681537405626,boosted,0.001336898395721925,0.28,0.09761321690953356,748,0.2874331550802139,22b90ed,True,42,6c832dc27417
E02,E02-within_y-geo_month.result.json,within_y,geo_month,20.0,1000.0,temporal,train < 2023-09-05,0.9619129438717068,zero,0.0,0.12293896442001735,0.0,3457,0.12293896442001735,22b90ed,True,42,6c832dc27417
E02,E02-within_y-geo_month.result.json,within_y,geo_month,20.0,1000.0,temporal,train < 2023-09-05,0.9619129438717068,persistence,-0.023358403239803302,0.16,0.14721561687505144,3457,0.12293896442001735,22b90ed,True,42,6c832dc27417
E02,E02-within_y-geo_month.result.json,within_y,geo_month,20.0,1000.0,temporal,train < 2023-09-05,0.9619129438717068,climatology,-0.008244142319930571,0.12293896442001735,0.2234889296560628,3457,0.12293896442001735,22b90ed,True,42,6c832dc27417
E02,E02-within_y-geo_month.result.json,within_y,geo_month,20.0,1000.0,temporal,train < 2023-09-05,0.9619129438717068,linear,-0.006942435637836274,0.24,0.13254512438400393,3457,0.12293896442001735,22b90ed,True,42,6c832dc27417
E02,E02-within_y-geo_month.result.json,within_y,geo_month,20.0,1000.0,temporal,train < 2023-09-05,0.9619129438717068,boosted,0.0020248770610355807,0.12,0.1946525217939667,3457,0.12293896442001735,22b90ed,True,42,6c832dc27417
E02,E02-within_y-geo_month.result.json,within_y,geo_month,20.0,1000.0,temporal,train < 2024-08-30,0.9991546914623838,zero,0.0,0.11115807269653423,0.0,2366,0.11115807269653423,22b90ed,True,42,6c832dc27417
E02,E02-within_y-geo_month.result.json,within_y,geo_month,20.0,1000.0,temporal,train < 2024-08-30,0.9991546914623838,persistence,-0.04775993237531699,0.16,0.15336465526712573,2366,0.11115807269653423,22b90ed,True,42,6c832dc27417
E02,E02-within_y-geo_month.result.json,within_y,geo_month,20.0,1000.0,temporal,train < 2024-08-30,0.9991546914623838,climatology,-0.002641589180050717,0.11115807269653423,0.2756200273545181,2366,0.11115807269653423,22b90ed,True,42,6c832dc27417
E02,E02-within_y-geo_month.result.json,within_y,geo_month,20.0,1000.0,temporal,train < 2024-08-30,0.9991546914623838,linear,-0.0015849535080304337,0.12,0.17104812109063317,2366,0.11115807269653423,22b90ed,True,42,6c832dc27417
E02,E02-within_y-geo_month.result.json,within_y,geo_month,20.0,1000.0,temporal,train < 2024-08-30,0.9991546914623838,boosted,0.004543533389687236,0.36,0.2425949811721525,2366,0.11115807269653423,22b90ed,True,42,6c832dc27417
E02,E02-within_y-geo_month.result.json,within_y,geo_month,20.0,1000.0,temporal,train < 2025-08-25,1.0,zero,0.0,0.10227272727272728,0.0,1144,0.10227272727272728,22b90ed,True,42,6c832dc27417
E02,E02-within_y-geo_month.result.json,within_y,geo_month,20.0,1000.0,temporal,train < 2025-08-25,1.0,persistence,-0.06927447552447552,0.12,0.12327838009163868,1144,0.10227272727272728,22b90ed,True,42,6c832dc27417
E02,E02-within_y-geo_month.result.json,within_y,geo_month,20.0,1000.0,temporal,train < 2025-08-25,1.0,climatology,-0.011800699300699304,0.10227272727272728,0.34953147545701285,1144,0.10227272727272728,22b90ed,True,42,6c832dc27417
E02,E02-within_y-geo_month.result.json,within_y,geo_month,20.0,1000.0,temporal,train < 2025-08-25,1.0,linear,-0.010489510489510495,0.12,0.23942980651710832,1144,0.10227272727272728,22b90ed,True,42,6c832dc27417
E02,E02-within_y-geo_month.result.json,within_y,geo_month,20.0,1000.0,temporal,train < 2025-08-25,1.0,boosted,0.00043706293706293614,0.32,0.3404199635365608,1144,0.10227272727272728,22b90ed,True,42,6c832dc27417
E02,E02-level_z-geo_month.result.json,level_z,geo_month,20.0,1000.0,spatial,Benue_River_Basin,1.0,zero,0.0,0.13427561837455831,0.0,566,0.13427561837455831,22b90ed,True,42,6c832dc27417
E02,E02-level_z-geo_month.result.json,level_z,geo_month,20.0,1000.0,spatial,Benue_River_Basin,1.0,persistence,-0.006625441696113073,0.04,0.17480797620832342,566,0.13427561837455831,22b90ed,True,42,6c832dc27417
E02,E02-level_z-geo_month.result.json,level_z,geo_month,20.0,1000.0,spatial,Benue_River_Basin,1.0,climatology,0.0,0.13427561837455831,0.0,566,0.13427561837455831,22b90ed,True,42,6c832dc27417
E02,E02-level_z-geo_month.result.json,level_z,geo_month,20.0,1000.0,spatial,Benue_River_Basin,1.0,linear,-0.00574204946996467,0.04,0.17571609460660825,566,0.13427561837455831,22b90ed,True,42,6c832dc27417
E02,E02-level_z-geo_month.result.json,level_z,geo_month,20.0,1000.0,spatial,Benue_River_Basin,1.0,boosted,-0.0013250883392226138,0.24,0.2015922057836156,566,0.13427561837455831,22b90ed,True,42,6c832dc27417
E02,E02-level_z-geo_month.result.json,level_z,geo_month,20.0,1000.0,spatial,Kaduna_Grain_Belt,1.0,zero,0.0,0.11025886864813039,0.0,1043,0.11025886864813039,22b90ed,True,42,6c832dc27417
E02,E02-level_z-geo_month.result.json,level_z,geo_month,20.0,1000.0,spatial,Kaduna_Grain_Belt,1.0,persistence,-0.033796740172579096,0.32,0.5319334957643941,1043,0.11025886864813039,22b90ed,True,42,6c832dc27417
E02,E02-level_z-geo_month.result.json,level_z,geo_month,20.0,1000.0,spatial,Kaduna_Grain_Belt,1.0,climatology,0.0,0.11025886864813039,0.0,1043,0.11025886864813039,22b90ed,True,42,6c832dc27417
E02,E02-level_z-geo_month.result.json,level_z,geo_month,20.0,1000.0,spatial,Kaduna_Grain_Belt,1.0,linear,-0.009108341323106423,0.4,0.40225743967213395,1043,0.11025886864813039,22b90ed,True,42,6c832dc27417
E02,E02-level_z-geo_month.result.json,level_z,geo_month,20.0,1000.0,spatial,Kaduna_Grain_Belt,1.0,boosted,0.021332694151486097,0.4,0.4851659059098598,1043,0.11025886864813039,22b90ed,True,42,6c832dc27417
E02,E02-level_z-geo_month.result.json,level_z,geo_month,20.0,1000.0,spatial,Kano_Sudan_Savannah,1.0,zero,0.0,0.10103420843277645,0.0,1257,0.10103420843277645,22b90ed,True,42,6c832dc27417
E02,E02-level_z-geo_month.result.json,level_z,geo_month,20.0,1000.0,spatial,Kano_Sudan_Savannah,1.0,persistence,-0.09069212410501194,0.48,0.4475170140274006,1257,0.10103420843277645,22b90ed,True,42,6c832dc27417
E02,E02-level_z-geo_month.result.json,level_z,geo_month,20.0,1000.0,spatial,Kano_Sudan_Savannah,1.0,climatology,0.0,0.10103420843277645,0.0,1257,0.10103420843277645,22b90ed,True,42,6c832dc27417
E02,E02-level_z-geo_month.result.json,level_z,geo_month,20.0,1000.0,spatial,Kano_Sudan_Savannah,1.0,linear,-0.04912490055688147,0.52,0.39082257192290454,1257,0.10103420843277645,22b90ed,True,42,6c832dc27417
E02,E02-level_z-geo_month.result.json,level_z,geo_month,20.0,1000.0,spatial,Kano_Sudan_Savannah,1.0,boosted,-0.0025855210819411313,0.4,0.32731790295028074,1257,0.10103420843277645,22b90ed,True,42,6c832dc27417
E02,E02-level_z-geo_month.result.json,level_z,geo_month,20.0,1000.0,spatial,Kenya_Rift_Valley,0.47151681537405626,zero,0.0,0.15508021390374332,0.0,748,0.15508021390374332,22b90ed,True,42,6c832dc27417
E02,E02-level_z-geo_month.result.json,level_z,geo_month,20.0,1000.0,spatial,Kenya_Rift_Valley,0.47151681537405626,persistence,0.022393048128342252,0.28,0.3790051480114672,748,0.15508021390374332,22b90ed,True,42,6c832dc27417
E02,E02-level_z-geo_month.result.json,level_z,geo_month,20.0,1000.0,spatial,Kenya_Rift_Valley,0.47151681537405626,climatology,0.0,0.15508021390374332,0.0,748,0.15508021390374332,22b90ed,True,42,6c832dc27417
E02,E02-level_z-geo_month.result.json,level_z,geo_month,20.0,1000.0,spatial,Kenya_Rift_Valley,0.47151681537405626,linear,0.008021390374331552,0.32,0.2846008595071706,748,0.15508021390374332,22b90ed,True,42,6c832dc27417
E02,E02-level_z-geo_month.result.json,level_z,geo_month,20.0,1000.0,spatial,Kenya_Rift_Valley,0.47151681537405626,boosted,0.009024064171122994,0.44,0.17426237682194906,748,0.15508021390374332,22b90ed,True,42,6c832dc27417
E02,E02-level_z-geo_month.result.json,level_z,geo_month,20.0,1000.0,temporal,train < 2023-09-05,0.9619129438717068,zero,0.0,0.12351750072317037,0.0,3457,0.12351750072317037,22b90ed,True,42,6c832dc27417
E02,E02-level_z-geo_month.result.json,level_z,geo_month,20.0,1000.0,temporal,train < 2023-09-05,0.9619129438717068,persistence,-0.015403529071449235,0.08,0.3414135142660638,3457,0.12351750072317037,22b90ed,True,42,6c832dc27417
E02,E02-level_z-geo_month.result.json,level_z,geo_month,20.0,1000.0,temporal,train < 2023-09-05,0.9619129438717068,climatology,0.004411339311541793,0.12351750072317037,0.47157253759054035,3457,0.12351750072317037,22b90ed,True,42,6c832dc27417
E02,E02-level_z-geo_month.result.json,level_z,geo_month,20.0,1000.0,temporal,train < 2023-09-05,0.9619129438717068,linear,-0.0065808504483656355,0.08,0.3369082132958342,3457,0.12351750072317037,22b90ed,True,42,6c832dc27417
E02,E02-level_z-geo_month.result.json,level_z,geo_month,20.0,1000.0,temporal,train < 2023-09-05,0.9619129438717068,boosted,0.017356089094590684,0.76,0.388253894396456,3457,0.12351750072317037,22b90ed,True,42,6c832dc27417
E02,E02-level_z-geo_month.result.json,level_z,geo_month,20.0,1000.0,temporal,train < 2024-08-30,0.9991546914623838,zero,0.0,0.12130177514792899,0.0,2366,0.12130177514792899,22b90ed,True,42,6c832dc27417
E02,E02-level_z-geo_month.result.json,level_z,geo_month,20.0,1000.0,temporal,train < 2024-08-30,0.9991546914623838,persistence,-0.03624260355029586,0.08,0.33033198193243246,2366,0.12130177514792899,22b90ed,True,42,6c832dc27417
E02,E02-level_z-geo_month.result.json,level_z,geo_month,20.0,1000.0,temporal,train < 2024-08-30,0.9991546914623838,climatology,0.00982671174978867,0.12130177514792899,0.5013647637139749,2366,0.12130177514792899,22b90ed,True,42,6c832dc27417
E02,E02-level_z-geo_month.result.json,level_z,geo_month,20.0,1000.0,temporal,train < 2024-08-30,0.9991546914623838,linear,-0.026415891800507185,0.08,0.34272275748043035,2366,0.12130177514792899,22b90ed,True,42,6c832dc27417
E02,E02-level_z-geo_month.result.json,level_z,geo_month,20.0,1000.0,temporal,train < 2024-08-30,0.9991546914623838,boosted,0.01817413355874894,0.56,0.39001677695701653,2366,0.12130177514792899,22b90ed,True,42,6c832dc27417
E02,E02-level_z-geo_month.result.json,level_z,geo_month,20.0,1000.0,temporal,train < 2025-08-25,1.0,zero,0.0,0.12325174825174826,0.0,1144,0.12325174825174826,22b90ed,True,42,6c832dc27417
E02,E02-level_z-geo_month.result.json,level_z,geo_month,20.0,1000.0,temporal,train < 2025-08-25,1.0,persistence,-0.03977272727272728,0.16,0.3309083108892793,1144,0.12325174825174826,22b90ed,True,42,6c832dc27417
E02,E02-level_z-geo_month.result.json,level_z,geo_month,20.0,1000.0,temporal,train < 2025-08-25,1.0,climatology,0.011582167832167832,0.12325174825174826,0.5519196598724128,1144,0.12325174825174826,22b90ed,True,42,6c832dc27417
E02,E02-level_z-geo_month.result.json,level_z,geo_month,20.0,1000.0,temporal,train < 2025-08-25,1.0,linear,-0.026005244755244752,0.16,0.35483725508419245,1144,0.12325174825174826,22b90ed,True,42,6c832dc27417
E02,E02-level_z-geo_month.result.json,level_z,geo_month,20.0,1000.0,temporal,train < 2025-08-25,1.0,boosted,0.016171328671328672,0.72,0.45084262837225825,1144,0.12325174825174826,22b90ed,True,42,6c832dc27417
E02,E02-level_z-leaky.result.json,level_z,leaky,20.0,1000.0,spatial,Benue_River_Basin,1.0,zero,0.0,0.13427561837455831,0.0,566,0.13427561837455831,22b90ed,True,42,6c832dc27417
E02,E02-level_z-leaky.result.json,level_z,leaky,20.0,1000.0,spatial,Benue_River_Basin,1.0,persistence,-0.011925795053003535,0.24,0.19596511909926587,566,0.13427561837455831,22b90ed,True,42,6c832dc27417
E02,E02-level_z-leaky.result.json,level_z,leaky,20.0,1000.0,spatial,Benue_River_Basin,1.0,climatology,0.0,0.13427561837455831,0.0,566,0.13427561837455831,22b90ed,True,42,6c832dc27417
E02,E02-level_z-leaky.result.json,level_z,leaky,20.0,1000.0,spatial,Benue_River_Basin,1.0,linear,-0.024293286219081278,0.28,0.18801894490833498,566,0.13427561837455831,22b90ed,True,42,6c832dc27417
E02,E02-level_z-leaky.result.json,level_z,leaky,20.0,1000.0,spatial,Benue_River_Basin,1.0,boosted,-0.0026501766784452277,0.24,0.20762390949628565,566,0.13427561837455831,22b90ed,True,42,6c832dc27417
E02,E02-level_z-leaky.result.json,level_z,leaky,20.0,1000.0,spatial,Kaduna_Grain_Belt,1.0,zero,0.0,0.11025886864813039,0.0,1043,0.11025886864813039,22b90ed,True,42,6c832dc27417
E02,E02-level_z-leaky.result.json,level_z,leaky,20.0,1000.0,spatial,Kaduna_Grain_Belt,1.0,persistence,-0.028044103547459245,0.4,0.6064230420741629,1043,0.11025886864813039,22b90ed,True,42,6c832dc27417
E02,E02-level_z-leaky.result.json,level_z,leaky,20.0,1000.0,spatial,Kaduna_Grain_Belt,1.0,climatology,0.0,0.11025886864813039,0.0,1043,0.11025886864813039,22b90ed,True,42,6c832dc27417
E02,E02-level_z-leaky.result.json,level_z,leaky,20.0,1000.0,spatial,Kaduna_Grain_Belt,1.0,linear,-0.007430488974113136,0.44,0.5709013368785817,1043,0.11025886864813039,22b90ed,True,42,6c832dc27417
E02,E02-level_z-leaky.result.json,level_z,leaky,20.0,1000.0,spatial,Kaduna_Grain_Belt,1.0,boosted,0.01821668264621285,0.6,0.5261708259794973,1043,0.11025886864813039,22b90ed,True,42,6c832dc27417
E02,E02-level_z-leaky.result.json,level_z,leaky,20.0,1000.0,spatial,Kano_Sudan_Savannah,1.0,zero,0.0,0.10103420843277645,0.0,1257,0.10103420843277645,22b90ed,True,42,6c832dc27417
E02,E02-level_z-leaky.result.json,level_z,leaky,20.0,1000.0,spatial,Kano_Sudan_Savannah,1.0,persistence,-0.029037390612569602,0.6,0.5809330307778193,1257,0.10103420843277645,22b90ed,True,42,6c832dc27417
E02,E02-level_z-leaky.result.json,level_z,leaky,20.0,1000.0,spatial,Kano_Sudan_Savannah,1.0,climatology,0.0,0.10103420843277645,0.0,1257,0.10103420843277645,22b90ed,True,42,6c832dc27417
E02,E02-level_z-leaky.result.json,level_z,leaky,20.0,1000.0,spatial,Kano_Sudan_Savannah,1.0,linear,0.004574383452665087,0.64,0.5383236753228714,1257,0.10103420843277645,22b90ed,True,42,6c832dc27417
E02,E02-level_z-leaky.result.json,level_z,leaky,20.0,1000.0,spatial,Kano_Sudan_Savannah,1.0,boosted,0.010143198090692123,0.64,0.4081566765811425,1257,0.10103420843277645,22b90ed,True,42,6c832dc27417
E02,E02-level_z-leaky.result.json,level_z,leaky,20.0,1000.0,spatial,Kenya_Rift_Valley,1.0,zero,0.0,0.1590909090909091,0.0,1364,0.1590909090909091,22b90ed,True,42,6c832dc27417
E02,E02-level_z-leaky.result.json,level_z,leaky,20.0,1000.0,spatial,Kenya_Rift_Valley,1.0,persistence,0.0040322580645161255,0.16,0.29102013019790834,1364,0.1590909090909091,22b90ed,True,42,6c832dc27417
E02,E02-level_z-leaky.result.json,level_z,leaky,20.0,1000.0,spatial,Kenya_Rift_Valley,1.0,climatology,0.0,0.1590909090909091,0.0,1364,0.1590909090909091,22b90ed,True,42,6c832dc27417
E02,E02-level_z-leaky.result.json,level_z,leaky,20.0,1000.0,spatial,Kenya_Rift_Valley,1.0,linear,0.015029325513196481,0.24,0.29251513851426536,1364,0.1590909090909091,22b90ed,True,42,6c832dc27417
E02,E02-level_z-leaky.result.json,level_z,leaky,20.0,1000.0,spatial,Kenya_Rift_Valley,1.0,boosted,-0.00018328445747800592,0.16,0.1568443111920776,1364,0.1590909090909091,22b90ed,True,42,6c832dc27417
E02,E02-level_z-leaky.result.json,level_z,leaky,20.0,1000.0,temporal,train < 2023-09-05,1.0,zero,0.0,0.12285223367697594,0.0,3492,0.12285223367697594,22b90ed,True,42,6c832dc27417
E02,E02-level_z-leaky.result.json,level_z,leaky,20.0,1000.0,temporal,train < 2023-09-05,1.0,persistence,0.0005727376861397598,0.32,0.4189817360419978,3492,0.12285223367697594,22b90ed,True,42,6c832dc27417
E02,E02-level_z-leaky.result.json,level_z,leaky,20.0,1000.0,temporal,train < 2023-09-05,1.0,climatology,0.004367124856815577,0.12285223367697594,0.4695387308459176,3492,0.12285223367697594,22b90ed,True,42,6c832dc27417
E02,E02-level_z-leaky.result.json,level_z,leaky,20.0,1000.0,temporal,train < 2023-09-05,1.0,linear,-0.00465349369988545,0.2,0.4027498818175212,3492,0.12285223367697594,22b90ed,True,42,6c832dc27417
E02,E02-level_z-leaky.result.json,level_z,leaky,20.0,1000.0,temporal,train < 2023-09-05,1.0,boosted,0.018470790378006873,0.8,0.4162371578453747,3492,0.12285223367697594,22b90ed,True,42,6c832dc27417
E02,E02-level_z-leaky.result.json,level_z,leaky,20.0,1000.0,temporal,train < 2024-08-30,1.0,zero,0.0,0.12130177514792899,0.0,2366,0.12130177514792899,22b90ed,True,42,6c832dc27417
E02,E02-level_z-leaky.result.json,level_z,leaky,20.0,1000.0,temporal,train < 2024-08-30,1.0,persistence,-0.013630600169061716,0.32,0.4194359371511999,2366,0.12130177514792899,22b90ed,True,42,6c832dc27417
E02,E02-level_z-leaky.result.json,level_z,leaky,20.0,1000.0,temporal,train < 2024-08-30,1.0,climatology,0.00982671174978867,0.12130177514792899,0.5013647637139749,2366,0.12130177514792899,22b90ed,True,42,6c832dc27417
E02,E02-level_z-leaky.result.json,level_z,leaky,20.0,1000.0,temporal,train < 2024-08-30,1.0,linear,-0.021449704142011833,0.44,0.41137000083901637,2366,0.12130177514792899,22b90ed,True,42,6c832dc27417
E02,E02-level_z-leaky.result.json,level_z,leaky,20.0,1000.0,temporal,train < 2024-08-30,1.0,boosted,0.018174133558748945,0.72,0.4095693133392845,2366,0.12130177514792899,22b90ed,True,42,6c832dc27417
E02,E02-level_z-leaky.result.json,level_z,leaky,20.0,1000.0,temporal,train < 2025-08-25,1.0,zero,0.0,0.12325174825174826,0.0,1144,0.12325174825174826,22b90ed,True,42,6c832dc27417
E02,E02-level_z-leaky.result.json,level_z,leaky,20.0,1000.0,temporal,train < 2025-08-25,1.0,persistence,-0.020104895104895104,0.2,0.4211782550007296,1144,0.12325174825174826,22b90ed,True,42,6c832dc27417
E02,E02-level_z-leaky.result.json,level_z,leaky,20.0,1000.0,temporal,train < 2025-08-25,1.0,climatology,0.011582167832167832,0.12325174825174826,0.5519196598724128,1144,0.12325174825174826,22b90ed,True,42,6c832dc27417
E02,E02-level_z-leaky.result.json,level_z,leaky,20.0,1000.0,temporal,train < 2025-08-25,1.0,linear,-0.022508741258741263,0.36,0.43444918016508605,1144,0.12325174825174826,22b90ed,True,42,6c832dc27417
E02,E02-level_z-leaky.result.json,level_z,leaky,20.0,1000.0,temporal,train < 2025-08-25,1.0,boosted,0.021634615384615384,0.76,0.4390966658974543,1144,0.12325174825174826,22b90ed,True,42,6c832dc27417
E02,E02-within_y-cluster_month.result.json,within_y,cluster_month,20.0,1000.0,temporal,train < 2023-09-05,0.9120847651775487,zero,0.0,0.10481099656357389,0.0,3492,0.10481099656357389,22b90ed,True,42,6c832dc27417
E02,E02-within_y-cluster_month.result.json,within_y,cluster_month,20.0,1000.0,temporal,train < 2023-09-05,0.9120847651775487,persistence,-0.03114261168384879,0.04,0.2155814423502744,3492,0.10481099656357389,22b90ed,True,42,6c832dc27417
E02,E02-within_y-cluster_month.result.json,within_y,cluster_month,20.0,1000.0,temporal,train < 2023-09-05,0.9120847651775487,climatology,-0.026847079037800686,0.10481099656357389,0.08151958602579759,3492,0.10481099656357389,22b90ed,True,42,6c832dc27417
E02,E02-within_y-cluster_month.result.json,within_y,cluster_month,20.0,1000.0,temporal,train < 2023-09-05,0.9120847651775487,linear,-0.013888888888888888,0.2,0.13186187183948378,3492,0.10481099656357389,22b90ed,True,42,6c832dc27417
E02,E02-within_y-cluster_month.result.json,within_y,cluster_month,20.0,1000.0,temporal,train < 2023-09-05,0.9120847651775487,boosted,-0.004009163802978237,0.2,0.13125323586916068,3492,0.10481099656357389,22b90ed,True,42,6c832dc27417
E02,E02-within_y-cluster_month.result.json,within_y,cluster_month,20.0,1000.0,temporal,train < 2024-08-30,0.9623837700760778,zero,0.0,0.09340659340659341,0.0,2366,0.09340659340659341,22b90ed,True,42,6c832dc27417
E02,E02-within_y-cluster_month.result.json,within_y,cluster_month,20.0,1000.0,temporal,train < 2024-08-30,0.9623837700760778,persistence,-0.053043110735418425,0.16,0.22620600261391177,2366,0.09340659340659341,22b90ed,True,42,6c832dc27417
E02,E02-within_y-cluster_month.result.json,within_y,cluster_month,20.0,1000.0,temporal,train < 2024-08-30,0.9623837700760778,climatology,-0.028000845308537615,0.09340659340659341,0.06286526173355719,2366,0.09340659340659341,22b90ed,True,42,6c832dc27417
E02,E02-within_y-cluster_month.result.json,within_y,cluster_month,20.0,1000.0,temporal,train < 2024-08-30,0.9623837700760778,linear,-0.01341927303465765,0.24,0.16822603449320087,2366,0.09340659340659341,22b90ed,True,42,6c832dc27417
E02,E02-within_y-cluster_month.result.json,within_y,cluster_month,20.0,1000.0,temporal,train < 2024-08-30,0.9623837700760778,boosted,-0.00021132713440405806,0.16,0.1480585375250618,2366,0.09340659340659341,22b90ed,True,42,6c832dc27417
E02,E02-within_y-cluster_month.result.json,within_y,cluster_month,20.0,1000.0,temporal,train < 2025-08-25,0.9921328671328671,zero,0.0,0.09003496503496504,0.0,1144,0.09003496503496504,22b90ed,True,42,6c832dc27417
E02,E02-within_y-cluster_month.result.json,within_y,cluster_month,20.0,1000.0,temporal,train < 2025-08-25,0.9921328671328671,persistence,-0.06971153846153846,0.16,0.2084698433708796,1144,0.09003496503496504,22b90ed,True,42,6c832dc27417
E02,E02-within_y-cluster_month.result.json,within_y,cluster_month,20.0,1000.0,temporal,train < 2025-08-25,0.9921328671328671,climatology,-0.02950174825174825,0.04,0.13569783591741946,1144,0.09003496503496504,22b90ed,True,42,6c832dc27417
E02,E02-within_y-cluster_month.result.json,within_y,cluster_month,20.0,1000.0,temporal,train < 2025-08-25,0.9921328671328671,linear,-0.023382867132867136,0.2,0.20976469003151252,1144,0.09003496503496504,22b90ed,True,42,6c832dc27417
E02,E02-within_y-cluster_month.result.json,within_y,cluster_month,20.0,1000.0,temporal,train < 2025-08-25,0.9921328671328671,boosted,-0.00590034965034965,0.28,0.17421770999118588,1144,0.09003496503496504,22b90ed,True,42,6c832dc27417
E03-replication,E03-within_xy-geo_month.result.json,within_xy,geo_month,20.0,1000.0,spatial,Benue_River_Basin,1.0,zero,0.0,0.4876325088339223,0.0,566,0.4876325088339223,dd59159,False,42,6c832dc27417
E03-replication,E03-within_xy-geo_month.result.json,within_xy,geo_month,20.0,1000.0,spatial,Benue_River_Basin,1.0,persistence,0.2318904593639576,0.52,0.24680009086650945,566,0.4876325088339223,dd59159,False,42,6c832dc27417
E03-replication,E03-within_xy-geo_month.result.json,within_xy,geo_month,20.0,1000.0,spatial,Benue_River_Basin,1.0,climatology,0.0,0.4876325088339223,0.0,566,0.4876325088339223,dd59159,False,42,6c832dc27417
E03-replication,E03-within_xy-geo_month.result.json,within_xy,geo_month,20.0,1000.0,spatial,Benue_River_Basin,1.0,linear,0.1267667844522968,0.48,0.2279398302225783,566,0.4876325088339223,dd59159,False,42,6c832dc27417
E03-replication,E03-within_xy-geo_month.result.json,within_xy,geo_month,20.0,1000.0,spatial,Benue_River_Basin,1.0,boosted,0.07376325088339222,0.68,0.18567863070192725,566,0.4876325088339223,dd59159,False,42,6c832dc27417
E03-replication,E03-within_xy-geo_month.result.json,within_xy,geo_month,20.0,1000.0,spatial,Kaduna_Grain_Belt,1.0,zero,0.0,0.07861936720997123,0.0,1043,0.07861936720997123,dd59159,False,42,6c832dc27417
E03-replication,E03-within_xy-geo_month.result.json,within_xy,geo_month,20.0,1000.0,spatial,Kaduna_Grain_Belt,1.0,persistence,-0.07238734419942472,0.2,0.34972040077535227,1043,0.07861936720997123,dd59159,False,42,6c832dc27417
E03-replication,E03-within_xy-geo_month.result.json,within_xy,geo_month,20.0,1000.0,spatial,Kaduna_Grain_Belt,1.0,climatology,0.0,0.07861936720997123,0.0,1043,0.07861936720997123,dd59159,False,42,6c832dc27417
E03-replication,E03-within_xy-geo_month.result.json,within_xy,geo_month,20.0,1000.0,spatial,Kaduna_Grain_Belt,1.0,linear,-0.010306807286673058,0.16,0.29766963876284025,1043,0.07861936720997123,dd59159,False,42,6c832dc27417
E03-replication,E03-within_xy-geo_month.result.json,within_xy,geo_month,20.0,1000.0,spatial,Kaduna_Grain_Belt,1.0,boosted,-0.004554170661553213,0.12,0.20207852130489465,1043,0.07861936720997123,dd59159,False,42,6c832dc27417
E03-replication,E03-within_xy-geo_month.result.json,within_xy,geo_month,20.0,1000.0,spatial,Kano_Sudan_Savannah,1.0,zero,0.0,0.04852824184566428,0.0,1257,0.04852824184566428,dd59159,False,42,6c832dc27417
E03-replication,E03-within_xy-geo_month.result.json,within_xy,geo_month,20.0,1000.0,spatial,Kano_Sudan_Savannah,1.0,persistence,-0.11714399363564042,0.24,0.26259294089419166,1257,0.04852824184566428,dd59159,False,42,6c832dc27417
E03-replication,E03-within_xy-geo_month.result.json,within_xy,geo_month,20.0,1000.0,spatial,Kano_Sudan_Savannah,1.0,climatology,0.0,0.04852824184566428,0.0,1257,0.04852824184566428,dd59159,False,42,6c832dc27417
E03-replication,E03-within_xy-geo_month.result.json,within_xy,geo_month,20.0,1000.0,spatial,Kano_Sudan_Savannah,1.0,linear,-0.004176610978520286,0.2,0.17276323583245362,1257,0.04852824184566428,dd59159,False,42,6c832dc27417
E03-replication,E03-within_xy-geo_month.result.json,within_xy,geo_month,20.0,1000.0,spatial,Kano_Sudan_Savannah,1.0,boosted,-0.005568814638027049,0.08,0.25258519683169894,1257,0.04852824184566428,dd59159,False,42,6c832dc27417
E03-replication,E03-within_xy-geo_month.result.json,within_xy,geo_month,20.0,1000.0,spatial,Kenya_Rift_Valley,0.47151681537405626,zero,0.0,0.2874331550802139,0.0,748,0.2874331550802139,dd59159,False,42,6c832dc27417
E03-replication,E03-within_xy-geo_month.result.json,within_xy,geo_month,20.0,1000.0,spatial,Kenya_Rift_Valley,0.47151681537405626,persistence,0.08455882352941177,0.32,0.29354711337010714,748,0.2874331550802139,dd59159,False,42,6c832dc27417
E03-replication,E03-within_xy-geo_month.result.json,within_xy,geo_month,20.0,1000.0,spatial,Kenya_Rift_Valley,0.47151681537405626,climatology,0.0,0.2874331550802139,0.0,748,0.2874331550802139,dd59159,False,42,6c832dc27417
E03-replication,E03-within_xy-geo_month.result.json,within_xy,geo_month,20.0,1000.0,spatial,Kenya_Rift_Valley,0.47151681537405626,linear,0.04913101604278076,0.36,0.15348033144121287,748,0.2874331550802139,dd59159,False,42,6c832dc27417
E03-replication,E03-within_xy-geo_month.result.json,within_xy,geo_month,20.0,1000.0,spatial,Kenya_Rift_Valley,0.47151681537405626,boosted,0.023395721925133686,0.16,-0.04359937052996261,748,0.2874331550802139,dd59159,False,42,6c832dc27417
E03-replication,E03-within_xy-geo_month.result.json,within_xy,geo_month,20.0,1000.0,temporal,train < 2023-09-05,0.9619129438717068,zero,0.0,0.12293896442001735,0.0,3457,0.12293896442001735,dd59159,False,42,6c832dc27417
E03-replication,E03-within_xy-geo_month.result.json,within_xy,geo_month,20.0,1000.0,temporal,train < 2023-09-05,0.9619129438717068,persistence,-0.023358403239803302,0.16,0.14721561687505144,3457,0.12293896442001735,dd59159,False,42,6c832dc27417
E03-replication,E03-within_xy-geo_month.result.json,within_xy,geo_month,20.0,1000.0,temporal,train < 2023-09-05,0.9619129438717068,climatology,-0.008244142319930571,0.12293896442001735,0.2234889296560628,3457,0.12293896442001735,dd59159,False,42,6c832dc27417
E03-replication,E03-within_xy-geo_month.result.json,within_xy,geo_month,20.0,1000.0,temporal,train < 2023-09-05,0.9619129438717068,linear,-0.013450969048307782,0.24,0.13587446341046014,3457,0.12293896442001735,dd59159,False,42,6c832dc27417
E03-replication,E03-within_xy-geo_month.result.json,within_xy,geo_month,20.0,1000.0,temporal,train < 2023-09-05,0.9619129438717068,boosted,-0.005134509690483076,0.12,0.09612582887845321,3457,0.12293896442001735,dd59159,False,42,6c832dc27417
E03-replication,E03-within_xy-geo_month.result.json,within_xy,geo_month,20.0,1000.0,temporal,train < 2024-08-30,0.9991546914623838,zero,0.0,0.11115807269653423,0.0,2366,0.11115807269653423,dd59159,False,42,6c832dc27417
E03-replication,E03-within_xy-geo_month.result.json,within_xy,geo_month,20.0,1000.0,temporal,train < 2024-08-30,0.9991546914623838,persistence,-0.04775993237531699,0.16,0.15336465526712573,2366,0.11115807269653423,dd59159,False,42,6c832dc27417
E03-replication,E03-within_xy-geo_month.result.json,within_xy,geo_month,20.0,1000.0,temporal,train < 2024-08-30,0.9991546914623838,climatology,-0.002641589180050717,0.11115807269653423,0.2756200273545181,2366,0.11115807269653423,dd59159,False,42,6c832dc27417
E03-replication,E03-within_xy-geo_month.result.json,within_xy,geo_month,20.0,1000.0,temporal,train < 2024-08-30,0.9991546914623838,linear,-0.012890955198647504,0.2,0.12911448636704898,2366,0.11115807269653423,dd59159,False,42,6c832dc27417
E03-replication,E03-within_xy-geo_month.result.json,within_xy,geo_month,20.0,1000.0,temporal,train < 2024-08-30,0.9991546914623838,boosted,-0.0011622992392223159,0.2,0.12407671503014217,2366,0.11115807269653423,dd59159,False,42,6c832dc27417
E03-replication,E03-within_xy-geo_month.result.json,within_xy,geo_month,20.0,1000.0,temporal,train < 2025-08-25,1.0,zero,0.0,0.10227272727272728,0.0,1144,0.10227272727272728,dd59159,False,42,6c832dc27417
E03-replication,E03-within_xy-geo_month.result.json,within_xy,geo_month,20.0,1000.0,temporal,train < 2025-08-25,1.0,persistence,-0.06927447552447552,0.12,0.12327838009163868,1144,0.10227272727272728,dd59159,False,42,6c832dc27417
E03-replication,E03-within_xy-geo_month.result.json,within_xy,geo_month,20.0,1000.0,temporal,train < 2025-08-25,1.0,climatology,-0.011800699300699304,0.10227272727272728,0.34953147545701285,1144,0.10227272727272728,dd59159,False,42,6c832dc27417
E03-replication,E03-within_xy-geo_month.result.json,within_xy,geo_month,20.0,1000.0,temporal,train < 2025-08-25,1.0,linear,-0.017263986013986012,0.12,0.09776553032406966,1144,0.10227272727272728,dd59159,False,42,6c832dc27417
E03-replication,E03-within_xy-geo_month.result.json,within_xy,geo_month,20.0,1000.0,temporal,train < 2025-08-25,1.0,boosted,0.00305944055944056,0.24,0.17192665441814425,1144,0.10227272727272728,dd59159,False,42,6c832dc27417
